:020000040800F2
:10000000B86E002095020008877100082358000888
:1000100083710008E9100008E18A00080000000070
:10002000000000000000000000000000257500082E
:10003000B51100080000000057740008277500087B
:10004000AF020008AF020008AF020008AF020008CC
:10005000AF020008AF020008AF020008AF020008BC
:10006000AF020008AF020008AF020008ED10000860
:10007000FD100008AF020008AF020008AF02000840
:10008000AF02000800000000510F0008AF02000896
:10009000AF020008AF020008AF020008D11100084B
:1000A000B1750008E9750008D9750008C975000820
:1000B000AF020008AF020008AF020008AF0200085C
:1000C000AF020008AF020008AF020008AF0200084C
:1000D000AF020008D18A0008AF020008AF02000892
:1000E000AF020008AF020008AF020008AF0200082C
:1000F000AF020008AF020008AF02000800000000D5
:1001000000000000AF02000800000000AF0200087D
:10011000AF02000800000000AF020008AF020008B4
:10012000AF020008AF020008AF020008AF020008EB
:10013000AF0200080000000000000000AF0200084D
:10014000AF020008AF02000800000000000000003D
:10015000000000000000000000000000000000009F
:10016000000000000000000000000000AF020008D6
:10017000AF020008000000000000000000000000C6
:1001800000000000AF0200080000000000000000B6
:10019000000000000000000000000000000000005F
:1001A0000000000000000000AF020008AF020008DD
:1001B0003958000829580008AF0200080000000064
:1001C00000000000AF020008000000000000000076
:1001D000AF020008AF02000800F002F800F04AF891
:1001E0000AA090E8000C82448344AAF10107DA4592
:1001F00001D100F03FF8AFF2090EBAE80F0013F09A
:10020000010F18BFFB1A43F0010318477CA0000040
:100210009CA00000103A24BF78C878C1FAD85207D1
:1002200024BF30C830C144BF04680C607047000070
:100230000023002400250026103A28BF78C1FBD8EF
:10024000520728BF30C148BF0B607047642900F0D7
:10025000F580002070471FB509F008FB00F06CFE28
:1002600004000020002109F0EBFA401C60601FBD73
:1002700010B510BD00F028FE1146FFF7ECFF08F0A6
:10028000EBFE00F04FFE03B4FFF7F2FF03BC00F0FB
:1002900057FE00000948804709480047FEE7FEE78F
:1002A000FEE7FEE7FEE7FEE7FEE7FEE7FEE7FEE726
:1002B00004480549054A064B704700009D75000833
:1002C000D9010008B8680020B86E0020B86A002084
:1002D000B86A002053EA020C00F069802DE9F04B67
:1002E0004FF00006002B1FBFB3FA83F503FA05F4A5
:1002F00024FA05F65E4012BF1643B2FA82F502FAFE
:1003000005F4C5F120051EBF22FA05FC44EA0C04E1
:10031000203556EA044C4FEA144418BF641C4FF0D1
:1003200000084FF00009904271EB030C39D300290B
:1003300019BFB1FA81F701FA07F6B0FA80F700FAAF
:1003400007F6C7F120071EBF20FA07FC46EA0C0695
:100350002037B6FBF4FCA7EB0507103F07F01F0B97
:10036000CBF120060CFA0BFB2CFA06F644BFB34681
:100370000026202FA4BF5E464FF0000B5BEA060C60
:1003800008BF4FF0010B19EB0B09ABFB027C48EBEC
:100390000608C01B06FB02CC0BFB03CC71EB0C0167
:1003A000C1E70B46024641464846BDE8F08B13B50F
:1003B0004FF000004FF00001AFF30080BDE81C409B
:1003C000704700000FB41CB5074B06AA7B44694672
:1003D0000090059800F057FB0020694600F066FB8E
:1003E0001CBC5DF814FB0000DD06000070B504467F
:1003F00085690068C10601D5302600E02026C007C7
:1004000007D070BDD4E9012130469047206A401CD6
:1004100020626D1EF6D570BD70B504468569007802
:10042000C00707D170BDD4E9012120209047206A80
:10043000401C20626D1EF6D570BD00002DE9F04114
:100440000646002410687529314616A510D0AFF372
:100450000080002802DA404213A507E031688A07CD
:1004600001D512A502E0490704D511A5012401E038
:10047000AFF3008000210A2206F1240709E0B0FB57
:10048000F2FCB0FBF2F302FB1C003030785418464B
:10049000491C0028F3D123462A463046BDE8F041E6
:1004A00000F093BA000000002D0000002B000000B7
:1004B000200000002DE9F05F894604464FF0000A55
:1004C000DFF824B1FB44C0F820A02046E16888474B
:1004D00000287DD0252806D0D4E901219047206A44
:1004E000401C2062F1E700255F462046E16888470E
:1004F0002028064607DB312E05D2B81910F8200C4B
:1005000008B10543F1E7A80701D525F00405C4F8B3
:100510001CA00027C4F818A02A2E09D0304608F0E5
:100520006BFB38B304EB8708303EC8F8186019E05D
:1005300059F8041B204604EB87029161E168884763
:10054000012F064618D1E069002820DA25F02005A1
:100550001DE0D8F8180000EB800006EB40003038B2
:10056000C8F818002046E1688847064608F044FBB2
:100570000028EED1012F0AD02E2E08D12046E168A6
:1005800088477F1C0646022F45F02005C4DBA06982
:10059000002803DA404245F00105A061E80701D0D8
:1005A00025F01005A6B1A6F14100192802D8203681
:1005B00045F400654A463146204625604D46FFF722
:1005C00045FE60B1012807D0ED1D25F0070000E0D1
:1005D00007E000F1080978E705F1040975E73046FE
:1005E0007AE7206ABDE8F09F7C9D00000FB400B55B
:1005F0008DB010A9099000910B904FF0FF300A9038
:1006000000200C90064878440690064878446A46D4
:1006100007900F9909A800F063FA0DB05DF814FB7C
:10062000F70400000F0500002DE9FF5F1D464FF0A5
:10063000FF3B91464FF000085F46D5E90146A969A6
:1006400001987F1C8847296A824688470028F6D18E
:10065000BAF1FF3F0CD0002E24F4C06419DD60060F
:1006600014D5BAF12B0F09D0BAF12D0F0ED103E03A
:10067000584604B0BDE8F09F44F48064A96901982D
:100680007F1C8847761E8246002E02DDBAF1300FAD
:1006900003D0B9F1000F26D032E0A969761E019887
:1006A0007F1C44F400748847002E824605DDBAF1B1
:1006B000780F06D0BAF1580F03D0B9F1000F10D05F
:1006C0001EE0B9F1000F02D0B9F1100F18D1A969DD
:1006D000761E01987F1C24F40074884782461020FF
:1006E00002E0082000E00A20814609E0A96908FB31
:1006F0000908761E01987F1C44F4007488478246DE
:10070000002E05DD4946504600F0D5F90028EDDA07
:10071000E96901988847A00502D46FF00100A8E7B5
:10072000E00725D1600613D5600502D5C8F10000A9
:1007300000E0404629680A1D2A600968220501D5A3
:10074000087015E0220701D5088011E008600FE06D
:100750002868011D29600068210502D580F8008005
:1007600006E0210702D5A0F8008001E0C0F8008073
:1007700038467EE72DE9FF5F4FF0000899461446A2
:1007800046469169D2E901A7DDF838B0019888475B
:10079000054659EA0B0005D009E0A1690198761CCD
:1007A00088470546216A284688470028F5D1681CF5
:1007B00003D05FEACA7005D015E04FF0FF3004B0F7
:1007C000BDE8F09F2068011D2160D0F800800AE09C
:1007D0005FEACA7001D108F8015BA169761C019833
:1007E0007F1E88470546002F1ADD681C18D0B9F116
:1007F000000F0DD0E81705EBD060421120F01F006C
:1008000059F822102A1A012090400142E0D107E055
:10081000BBF1000FDCD12846216A88470028D7D0D9
:10082000E16901988847BBF1000F07D1002E05DD73
:100830005FEACA7002D1002188F80010A068B842AF
:1008400003DDBBF1000F03D017B16FF00100B6E775
:100850003046B4E710B5431C02E010F8011B71B13B
:100860008107FAD14FF0013202C88C1A8C4314EA86
:10087000C211F9D0C01A0A0603D0C01E10BDC01A9A
:1008800010BD0A0401D0801E10BD0902FCD0401E1C
:1008900010BD10B5203AC0F00B80B1E81850203AD6
:1008A000A0E81850B1E81850A0E81850BFF4F5AF10
:1008B0005FEA027C24BFB1E81850A0E8185044BF9A
:1008C00018C918C0BDE810405FEA827C24BF51F807
:1008D000043B40F8043B08BF7047D20728BF31F8FB
:1008E000023B48BF11F8012B28BF20F8023B48BF4C
:1008F00000F8012B70474FF0000200B513469446F4
:100900009646203922BFA0E80C50A0E80C50B1F167
:100910002001BFF4F7AF090728BFA0E80C5048BF7B
:100920000CC05DF804EB890028BF40F8042B08BF19
:10093000704748BF20F8022B11F0804F18BF00F815
:10094000012B70474FF0013C50F8042B51F8043B49
:100950009A4221D1A2EB0C03934313EACC1317D193
:1009600050F8042B51F8043B9A4215D1A2EB0C032A
:10097000934313EACC130BD150F8042B51F8043BEA
:100980009A4209D1A2EB0C03934313EACC13DBD0B8
:100990004FF00000704700BFD01A01BAB1FA81F1E0
:1009A00001F0180122FA01F0CB40C1F12001DBB2C5
:1009B000C0B2C01A2CFA01F3D11A914311EAC31143
:1009C000E6D170477047704770472DE9F0470D46F4
:1009D00099469246044600F124080168880604D529
:1009E000E06921F01001216000E00120A84201DD52
:1009F000471B00E00027A1697A1902EB0900081AD9
:100A0000A0612078C00602D42046FFF7EFFC002644
:100A100008E0D4E901211AF806009047206A401C3A
:100A2000761C20624E45F4DB2078C0060AD52046AD
:100A3000FFF7DCFC06E0D4E9012130209047206A72
:100A4000401C2062381EA7F10107F4DC07E0D4E95E
:100A5000012118F805009047206A401C2062281EDA
:100A6000A5F10105F3DC2046FFF7D6FC207800064F
:100A700002D50220BDE8F0870120FBE701694A1C8E
:100A800002610878704700B58FB0CDE901310021CF
:100A9000059105497944CDE9031011466846FFF7F1
:100AA00009FD0FB000BD0000E5FFFFFF0A6802F876
:100AB000010B0A6070473A2800D2303820F020023B
:100AC000412A01D3A2F13700884201D34FF0FF3011
:100AD000704700000268114413780160184670479F
:100AE000D16005497944516104497944116200217A
:100AF0001161114600F02EB8EDFFFFFF530000001A
:100B0000426842B1016811F8013B23B1521EC0E9AD
:100B10000012184670470121C160881E7047426864
:100B20005AB1C368016843B983688B4205D0491E36
:100B3000521CC0E90012002070474FF0FF30704790
:100B400010B5044600F0E6F90068005D00F0010011
:100B500010BD00002DE9F34F4FF0000A0C46564639
:100B60008DB001200C9001F10C000B9062690B9884
:100B70000121904705002DD0252D2CD0216A8847D2
:100B8000C0B162690B9801219047216A884700280B
:100B9000F7D16269411E0B98904700E0761CA1696D
:100BA0000D988847216A88470028F7D1E1690D9898
:100BB0008847DBE7A1690D988847A842074601D11D
:100BC000761CD3E7E1690D9888477F1C02D1BAF102
:100BD000000F6FD06BE162690B9800273D463946E4
:100BE00090472A2804D162690B980121904701257A
:100BF000DFF8D08262690B9801219047A0F13001A3
:100C00000A290AD24745E5DC07EB870100EB4107DB
:100C1000303FDFD445F01005ECE7E90601D46FF072
:100C200000476C280AD04C2814D0682815D06A28B0
:100C30000DD074281CD07A281AD01DE062690B9858
:100C4000012190476C2802D045F0040514E045F0DE
:100C500002050DE045F020050AE062690B980121CC
:100C60009047682802D045F0080505E045F4006586
:100C700062690B9801219047C4E9015765283DD06E
:100C800019DC58287AD00CDC452837D004DC25281C
:100C900026D041289ED131E046282FD0472899D12F
:100CA0002CE05B2877D0612828D063287CD064288A
:100CB00023D15AE0F6E06F2848D008DC66281DD022
:100CC00067281BD0692821D06E2816D127E070280C
:100CD00045D0732868D0752847D078280DD14DE0CD
:100CE000A1690D988847252805463FF469AFE16959
:100CF0000D9888476D1C3FF46AAFD8E00D992346E4
:100D00006A466FF00100AFF30080C5E045F0400097
:100D100023464FF000026060A80736D43EE0E807A3
:100D20007FF447AF2068011D21600068290501D5C7
:100D300006701BE7290701D5068017E7A90703D529
:100D4000F117C0E9006111E706600FE745F04000C8
:100D500023464FF008026060A80716D41EE040F654
:100D60000E0125EA0100606016E045F040002346D0
:100D70004FF00A026060A80707D40FE045F040007A
:100D80006060A80708D5234610220D996FF0010076
:100D9000AFF3008080E007E0102223460D996FF04A
:100DA0000100FFF741FC77E04FF0000963284F4650
:100DB000C8464B46CB4602D05B2806D038E0E80652
:100DC00001D40120A060012732E06269D4F80CB0A0
:100DD0000B98012190475E2807D14FF00109494641
:100DE0006269D4F80CB00B989047216939B9002199
:100DF0000A4603AB43F82120491C0829FADBD8B383
:100E0000216949B308F1010862690B9801219047F3
:100E10005D28F4D1B9F1000F09D0002003A951F8E1
:100E20002020D24341F82020401C0828F7DB03ABE8
:100E30002069002820794FEA40701ED05B46224688
:100E4000CDF80080CDE901970D9900286FF00100E1
:100E500020DAAFF300801FE0C11703AA00EBD161D5
:100E60004B1121F01F0102EB8302411A136801208C
:100E7000884003431360C7E719E00D992246002814
:100E80006FF00100009702DAAFF3008004E0FFF793
:100E900071FC01E0AFF3008000280ADA401C06D1A3
:100EA0000C9820B14FF0FF300FB0BDE8F08F5046E6
:100EB000FAE7E90701D10AF1010A064400200C9083
:100EC00054E60000CCCCCC0C754600F031F8AE46B0
:100ED00005006946534620F00700854618B020B546
:100EE000FFF7E6F9BDE820404FF000064FF000079D
:100EF0004FF000084FF0000B21F00701AC46ACE8C2
:100F0000C009ACE8C009ACE8C009ACE8C0098D462E
:100F10007047000010B500F00FF8001D10BD00BFB5
:100F2000218900000446AFF300802046FFF7ABF9AB
:100F300000487047546800200048704774680020DB
:100F400001491820ABBEFEE72600020070470000F2
:100F500010B5024800F0C4FC10BD0000D80000200D
:100F600070B50546AC6AE06D00F0500098BBE06DCE
:100F700040F40070E0652068006800F00800A8B147
:100F8000206805F00DFD10B32068C06800F4005023
:100F9000E8B9E06D20F48070E065E06D00F4805009
:100FA000A8B9E06D40F00100E06510E02068C0687D
:100FB00000F0020058B9E06D20F48070E065E06D4B
:100FC00000F4805018B9E06D40F00100E065204663
:100FD00000F06EFC0CE0FFE7E06D00F0100018B1CF
:100FE000204600F07CFC03E0606D416B284688479A
:100FF00070BD70B50546AC6AE06D40F04000E0653C
:10100000206E40F004002066204600F068FC70BDB1
:1010100070B50446A56A284600F060FC70BD00006B
:1010200038B5044600200090206805F0AAFC00288E
:101030004FD1206880682849084048B1E06D40F0F1
:101040001000E065206E40F001002066012038BDF0
:10105000206805F07BFC00BF2048806800F0E0704D
:1010600000F4000080B11E4800681E49B0FBF1F09A
:10107000401C00EB40008000009002E00098401E01
:10108000009000980028F9D101F088FD05461AE08B
:10109000206805F076FC10B9206805F057FC01F0D7
:1010A0007DFD401B02280ED92068006800F0010079
:1010B00048B9E06D40F01000E065206E40F001009E
:1010C00020660120C3E72068006800F001000028C6
:1010D000DED00020BBE700003F000080000300508E
:1010E000D4000020400D030000BFFEE710B5024809
:1010F00001F0BBF910BD00001C04002010B502482F
:1011000001F0B3F910BD00004401002030B50E4DD0
:101110000468AC4201D20D4901E00C4920310B4674
:101120000478083C1425B4FBF5F2446CA40803EBE6
:1011300084048464054C8034C46402F01F050124D7
:10114000AC40046530BD00000804024000080240C5
:1011500001794A1E064B03EB82024265044A403283
:1011600082654A1E02F01F0301229A40C265704741
:101170000009024030B5D0E913546C60446D14B1DD
:10118000D0E916546C6090F8444004F01F05012427
:10119000AC40056C6C60046863608468102C04D1FA
:1011A0000468A2600468E16003E00468A160046868
:1011B000E26030BD7047002105E0012100BF0A0058
:1011C000A1F10101FBD10200A0F10100F5D17047AE
:1011D00010B54FF4807001F0DFFB10BD72B600BF98
:1011E000FEE700001B49087F012801D0032816D123
:1011F0001949096821F40071174A116000BF1146AE
:10120000096841F4006111601146096821F4006128
:10121000116000BF1146096841F400711160022895
:1012200001D0032811D100BF0B49096841F4805156
:10123000094A11601146096821F48051116000BF0C
:101240001146096841F4806111600021014A11775B
:1012500070470000B40000200020024000F00101AF
:1012600029B10649496941F00401044A5161034921
:10127000496941F48031014A5161704700200240C0
:10128000094A526922F4FC72C3B242EAC302064B15
:101290005A611A46526942F002025A611A4652696C
:1012A00042F480325A6170470020024010B508496C
:1012B000496941F00101064C6161026000BF00BF55
:1012C00000BFBFF36F8F00BF00BF00BF436010BD02
:1012D00000200240F0B50246402314460D460C4E55
:1012E000766946F480260A4F7E6100BFEFF31086D0
:1012F000304672B600BF2E682660241D2D1D5E1E6E
:10130000F3B2002BF7D100BF80F3108800BFF0BD0F
:101310000020024070B5054601F040FC064606E09C
:1013200001F03CFC801BA84201D9032070BD194884
:101330000069C0F300400028F2D1164800694CF261
:10134000FA3100EA0104CCB1134840682043124945
:10135000486000BF04F0404030B10E48806904F09E
:10136000404108430B49886124F0404018B124F003
:1013700040400849086100BF0120D7E705480069DF
:1013800000F0010020B100BF01200249086100BF48
:101390000020CBE700200240B400002070477047D7
:1013A00070477047704700002DE9F84F05460C461E
:1013B0004FF0000A00200090FE49E068884200D00B
:1013C00000E000BF00BF95F85800012802D10220BC
:1013D000BDE8F88F012085F8580000BF286805F0A7
:1013E000DAFA00287DD12968D4E9002001F1300C17
:1013F000C0F3012B0CEB8B03D3F800C000F01F0EE1
:101400004FF01F0B0BFA0EFB2CEA0B0C00F01F0B1E
:10141000C2F3846E0EFA0BFE4CEA0E0CC3F800C049
:1014200000BF286805F0B7FA8146286805F0A4FADD
:101430008046B9F1000F64D1B8F1000FFBD1A0686C
:10144000B0F1004F0AD121680022286805F0BAFAED
:101450004FF00041286805F0DAFA08E0A268216838
:10146000286805F0AFFA0021286805F0D0FA606915
:101470002968C968C1F3C101490000FA01F7206970
:1014800004283FD028682268216900F1600C0CEB29
:101490008103D3F800C0DFF820B30CEA0B0C02F094
:1014A000F84B4BF0004B4BEA070B4CEA0B0CC3F824
:1014B00000C000BF2868A269216900F1600C0CEB34
:1014C0008103D3F800C02CF0807C4CEA020CC3F8F6
:1014D00000C000BF2868227F2169012A02D152067C
:1014E00001E0C6E10022134600F1600C0CEB810222
:1014F000D2F800C02CF0007C4CEA030CC2F800C00B
:1015000000BFA7E00021286805F02DFAC0F3120003
:1015100030B90021286805F026FAC0F3846007E09E
:101520000021286805F01FFA90FAA0F0B0FA80F0C8
:101530002168C1F3120119B92168C1F3846104E083
:10154000216891FAA1F1B1FA81F1884204D1002217
:101550001146286805F050FA0121286805F003FAC1
:10156000C0F3120030B90121286805F0FCF9C0F37E
:10157000846007E00121286805F0F5F990FAA0F0F1
:10158000B0FA80F02168C1F3120119B92168C1F3E2
:10159000846104E0216891FAA1F1B1FA81F18842F5
:1015A00004D100220121286805F026FA02212868CA
:1015B00005F0D9F9C0F3120030B90221286805F00E
:1015C000D2F9C0F3846007E00221286805F0CBF966
:1015D00090FAA0F0B0FA80F02168C1F3120119B9B5
:1015E0002168C1F3846104E0216891FAA1F1B1FAA4
:1015F00081F1884204D100220221286805F0FCF91B
:101600000321286805F0AFF9C0F3120030B90321B7
:10161000286805F0A8F9C0F3846007E00321286872
:1016200005F0A1F990FAA0F0B0FA80F02168C1F3BA
:10163000120119B92168C1F3846104E0216891FAAB
:10164000A1F1B1FA81F1884204D100220321286876
:1016500005F0D2F9286805F094F9002872D12868BD
:10166000E2682168D0F8B030C1F3120C23EA0C0311
:1016700002F0180BDFF844C12CFA0BFC0CEA010C49
:1016800043EA0C03C0F8B03000BF4A49E068884222
:1016900058D12368C3F312031BB92368C3F38463CF
:1016A00004E0236893FAA3F3B3FA83F35B1C03F01B
:1016B0001F03092B3ED82368C3F312031BB9236809
:1016C000C3F3846304E0236893FAA3F3B3FA83F3C8
:1016D0005B1C03F01F034FF0010C0CFA03FC2368A2
:1016E000C3F312031BB92368C3F3846304E02368C4
:1016F00093FAA3F3B3FA83F35B1C03F01F034CEAE2
:10170000836C2368C3F312031BB92368C3F3846398
:1017100004E0236893FAA3F3B3FA83F35B1C03F0AA
:101720001F0303EB43034FF0000B4BEA03534CEA58
:10173000030347E02368C3F3120323B92368C3F309
:10174000846305E043E0236893FAA3F3B3FA83F3D9
:101750005B1C03F01F034FF0010C0CFA03FC236821
:10176000C3F312031BB92368C3F3846304E0236843
:1017700093FAA3F3B3FA83F35B1C03F01F034CEA61
:10178000836C2368C3F312031BB92368C3F3846318
:1017900004E0236893FAA3F3B3FA83F35B1C03F02A
:1017A0001F030A3B03EB43034FF0007B4BEA035359
:1017B00006E0000000007F4000F0FF03FFFF07008D
:1017C0004CEA03031946A268286805F0FBF82F4984
:1017D0002068084050B300BF2D48806800F0E076D4
:1017E00000BF2C492068884203D02B4920688842DA
:1017F0001DD106F40000D0B92868B0F1A04F3ED149
:1018000046F40001224805F0F1F824480068244914
:10181000B0FBF1F0401C00EB40008000009002E0C3
:101820000098401E009000980028F9D127E01D493B
:10183000206888420CD106F0807048B91A4928689F
:1018400088421CD046F08071114805F0CFF816E0B0
:1018500016492068884212D106F4800078B91249EE
:10186000286888420BD046F48001094805F0BEF88C
:1018700005E0E86D40F02000E8654FF0010A00BF88
:10188000002085F8580000BF5046A1E50000088000
:1018900000030050000021C31000C090D4000020BD
:1018A000400D0300000052C700010050000084CB2F
:1018B00010B5044606492068884207D107F052FF58
:1018C00004480078012801D10349086010BD0000D8
:1018D000000100503C000020840000207047704749
:1018E0002DE9F84F04460020009020680568206824
:1018F0004668C54805F032F8074605F002000228A0
:1019000011D106F0020002280DD1E06D00F01000A8
:1019100018B9E06D40F40060E0652046FFF73EFD39
:1019200002202168086005F00400042803D106F0B5
:101930000400042807D005F0080008285FD106F04D
:10194000080008285BD1E06D00F0100018B9E06DC8
:1019500040F40070E065206805F022F8002848D0C7
:10196000AA492068884202D14FF0A04000E02068D8
:101970002168884204D01FB1052F01D0092F03D15F
:101980002068D0F80C800AE0A0492068884202D183
:101990004FF0A04000E020688346DBF80C8008F49C
:1019A0000050B0F5005F24D02068006800F0080007
:1019B00008281ED1206804F0EEFF90B92068406826
:1019C00020F00C0021684860E06D20F48070E06534
:1019D000E06D00F4805060B9E06D40F00100E0651A
:1019E00007E0E06D40F01000E065206E40F001007F
:1019F00020662046FFF75CFF0C202168086005F098
:101A00002000202803D106F02000202807D005F070
:101A10004000402872D106F0400040286ED1E06DB1
:101A200000F0100018B9E06D40F40050E065206847
:101A3000C16C01F4C07109B9012100E000218A469E
:101A400000BF206804F0ACFF8146704920688842DE
:101A500002D14FF0A04000E020682168884204D005
:101A60001FB1062F01D0072F03D12068D0F80C80BA
:101A70000AE066492068884202D14FF0A04000E0A9
:101A800020688346DBF80C80BAF1000F30D008F0F4
:101A9000007028B1B9F1000F2AD008F4005038BB0B
:101AA0002068006800F04000402821D108F40010B0
:101AB000F0B9206804F060FF90B92068406820F019
:101AC000600021684860E06D20F48050E065E06DC2
:101AD00000F4807060B9E06D40F00100E06507E05F
:101AE000E06D40F01000E065206E40F001002066DF
:101AF0002046FFF754FC60202168086005F0800054
:101B000080280DD106F08000802809D1E06D40F4D6
:101B10008030E065204600F0A9F980202168086047
:101B200005F48070B0F5807F0FD106F48070B0F5B9
:101B3000807F0AD1E06D40F40030E0652046FFF779
:101B400030FC4FF480702168086005F40070B0F537
:101B5000007F0FD106F40070B0F5007F0AD1E06D70
:101B600040F48020E0652046FFF71CFC4FF4007035
:101B70002168086005F0100010282AD106F0100036
:101B8000102826D1E06B10B90120009010E047B179
:101B900000BF1D48806800F4604048B101200090FB
:101BA00006E02068C06800F0010008B10120009044
:101BB000009801280AD1E06D40F48060E065206E55
:101BC00040F0020020662046FFF789FE10202168C1
:101BD000086005F48060B0F5806F13D106F4806072
:101BE000B0F5806F0ED1E06D40F48040E065206E6E
:101BF00040F0080020664FF48060216808602046AD
:101C0000FFF7CEFBBDE8F88F000300500001005045
:101C10002DE9F84304464FF000080020009014B965
:101C20000120BDE8F883606920B194F82400012800
:101C300000D100BFE06D30B9204600F019F9002056
:101C4000206684F8580020688168C1F3407131B182
:101C5000206881687E4A1140816000BF00BF206813
:101C600004F094FEB0B9206881687A4A114041F0CE
:101C70008051816000BF784800687849B0FBF1F07E
:101C8000401C4000009002E00098401E0090009828
:101C90000028F9D1206804F079FE48B9E06D40F0E1
:101CA0001000E065206E40F0010020664FF0010852
:101CB000206804F070FE0646E06D00F01000002879
:101CC00077D1002EFCD1E06D20F4807040F002004E
:101CD000E065206804F055FEB0B94FF0A04004F074
:101CE00050FE81465E4804F04CFE49EA0009B9F115
:101CF000000F09D160685B49896821F47C110143B8
:101D0000584A916000BF00BF607FE16B41EA4030FC
:101D1000E1680843A168084394F8241040EA0145AB
:101D200094F82400012803D1208D401E45EA404547
:101D3000E06A28B1A08D00F47870216B0843054358
:101D40002068C0684849084028432168C860206866
:101D5000006920F04060616B0843216808612068D9
:101D600004F00AFE0746002E50D1EFBB207F002171
:101D700041EA803194F8380041EA40052068C068A3
:101D800044F20201884328432168C860206988B171
:101D90002068006940F48030216808612068D0F82C
:101DA000C0006FF30D00216908432168C1F8C0002D
:101DB0000EE045E02068006920F480302168086169
:101DC0002068D0F8C0006FF30D002168C1F8C00092
:101DD00094F84000012813D1606C40F00101A06C20
:101DE0000843E16C084300E010E0216D08432168DE
:101DF000096940F2FC72914308432168086105E0DB
:101E00002068006920F001002168086160690128EC
:101E100009D12068006B20F00F00216A491E084399
:101E20002168086305E02068006B20F00F0021683E
:101E30000863E06D20F0020040F00100E06505E07D
:101E4000E06D40F01000E0654FF001084046E8E624
:101E5000C0FFFF5FC0FFFF7FD4000020400D0300E4
:101E600000010050000300500740F0FF70470000E1
:101E700010B598B00446142113A8FEF73CFD442188
:101E800002A8FEF738FD2D492068884253D1C001D1
:101E900002908003119002A801F01EFB08B1FFF729
:101EA0009DF900BF2648C06C40F400502449C86426
:101EB0000846C06C00F40050019000BF00BF00BF96
:101EC0000846C06C40F00100C8640846C06C00F0D1
:101ED0000100019000BF00BF012013900320149067
:101EE0000020159013A94FF0904000F063FD1548B5
:101EF0001549086024204860002113488160C160B2
:101F00008021016149004161890081610021C16135
:101F1000016200F029FB08B1FFF760F900BF0A4831
:101F20006065846200BF00221146122001F0ECF9C6
:101F3000122001F0D5F918B010BD000000010050CA
:101F4000001002401C000240440100202DE9F04135
:101F500004460F4690463D4804F000FD06462068C2
:101F600004F019FD00286DD100BF94F85800012835
:101F700002D10220BDE8F081012084F8580000BFA2
:101F80001EB1052E01D0092E56D12046FFF748F884
:101F90000546002D4BD1E06D40F60161884340F4C9
:101FA0008070E0652A492068884202D14FF0A04045
:101FB00000E020682168884200D01EB9E06D20F45E
:101FC0008010E065E06D00F4805020B1206E20F0BC
:101FD0000600206601E0002020661E48616DC86290
:101FE0001D48616D08631D48616D48631C202168B0
:101FF000086000BF002084F8580000BF20684068D7
:1020000040F01000216848602068C06840F001007E
:102010002168C860226802F1400143463A46606D7B
:1020200000F00AFB0546206804F0C4FC0BE000BF8A
:10203000002084F8580006E0012500BF002084F845
:10204000580000E00225284694E7000000030050F5
:1020500000010050610F000811100008F30F000884
:102060002DE9F84F04460D4616460020009004B1B5
:1020700015B90120BDE8F88FE869012800D100BF3B
:10208000A868042800D100BF00BF6079012801D1F1
:102090000220EFE70120607100BF02202071A868D4
:1020A000042859D100F07AFD8246E6B911E000F02B
:1020B00075FDA0EB0A0001280BD92068406B00F4E5
:1020C000004030B1206940F00800206103202071F9
:1020D000D0E72068406B00F400400028E7D1686A30
:1020E000216808641BE011E000F058FDA0EB0A0035
:1020F00001280BD92068406B00F0004030B1206906
:1021000040F00800206103202071B3E72068406B95
:1021100000F000400028E7D1686A21684864206820
:10212000806C06F0100240F2FF319140884306F0C7
:102130001002A96A91400843216888642068C06C35
:1021400006F01002FF219140884306F01002E96A70
:10215000914008432168C864E86901280FD12068CC
:10216000876B06F010011F2088408743D5F8208038
:1021700006F0100008FA00F0074320688763206823
:10218000C76B06F01001072088408743A869012823
:1021900002D14FF000090CE0A869022802D14FF0EB
:1021A000010906E0686910B94FF0010901E04FF03C
:1021B00000096969A868084340EA090806F01001A7
:1021C0004FF48070884087432879012801D10002AC
:1021D00000E0002040EA080806F010014FF400700B
:1021E000884087436879012801D1400200E000203F
:1021F00040EA080827F44047286802280FD101F078
:1022000035FC83462C498B4502D947F4004708E04A
:102210002A48834502D947F4804702E001E0286854
:10222000074306F0100108FA01F007432068C7636E
:102230002068006806F010024FF480419140884306
:10224000216808602068076806F0100140F6FE70FB
:1022500088408743D5F80C8006F0100108FA01F099
:102260000743206807602068006806F01002C0215C
:102270009140884321680860287BC0F38308287C4C
:10228000C0F3830048EA00282068006E06F01002C0
:1022900040F60F719140884306F0100108FA01F1F1
:1022A0000843216808660120207100BF002060718A
:1022B00000BF0098DEE600000068890900B4C4048D
:1022C00010B504460CB9012010BD207920B90020BA
:1022D0006071204600F008F8022020710020206183
:1022E000012020710020EFE710B586B004461421CC
:1022F00001A8FEF700FB16492068884225D100BFDF
:102300001448C06C40F480301249C8640846C06C60
:1023100000F48030009000BF00BF00BF0846C06CD2
:1023200040F00100C8640846C06C00F00100009055
:1023300000BF00BF102001900320029000200390F6
:1023400001A94FF0904000F035FB06B010BD000031
:1023500000080050001002400146002091F825209E
:10236000022A03D00422CA63012027E00A68126807
:1023700022F00E020B681A608A6C126822F48072D6
:102380008B6C1A600A68126822F001020B681A60EE
:1023900091F8442002F01F0301229A400B6C5A600E
:1023A000D1E913325A604A6D42B14A6D126822F483
:1023B00080724B6D1A60D1E916325A60012281F8A1
:1023C000252000BF002281F8242000BF704770B58F
:1023D0000446002594F8250002280BD00420E06371
:1023E000012084F8250000BF002084F8240000BFED
:1023F000012534E02068006820F00E0021680860A4
:102400002068006820F0010021680860A06C006866
:1024100020F48070A16C086094F8440000F01F0163
:1024200001208840216C4860D4E913104860606D39
:1024300040B1606D006820F48070616D0860D4E97F
:1024400016104860012084F8250000BF002084F8A1
:10245000240000BFA06B10B12046A16B884728461E
:1024600070BD014691F82500704770B50446206C98
:1024700005682068066894F8440000F01F010420F5
:1024800088402840E0B106F00400C8B12068006828
:1024900000F0200028B92068006820F004002168BE
:1024A000086094F8440000F01F0104208840216C6B
:1024B0004860206B002856D02046216B884752E0A8
:1024C00094F8440000F01F0102208840284018B30F
:1024D00006F0020000B32068006800F0200040B958
:1024E0002068006820F00A0021680860012084F854
:1024F000250094F8440000F01F0102208840216C60
:10250000486000BF002084F8240000BFE06A50B398
:102510002046E16A884726E094F8440000F01F0155
:10252000082088402840F0B106F00800D8B12068A3
:10253000006820F00E002168086094F8440000F064
:102540001F0101208840216C48600120E06384F86D
:10255000250000BF002084F8240000BF606B10B18C
:102560002046616B884770BD70B504460CB90120E8
:1025700070BD2F49206888420BD22E492068401A2E
:102580001421B0FBF1F0800060642A480838206410
:102590000AE027492068401A1421B0FBF1F08000BE
:1025A0006064234808382064022084F825002068ED
:1025B000056847F6F0708543D4E9020108432169B4
:1025C000084361690843A1690843E1690843216A36
:1025D00008430543206805602046FEF797FDA06884
:1025E000B0F5804F01D1002060602079A16C0860B7
:1025F000D4E913104860606860B16068042809D8A5
:102600002046FEF7A5FD0020616D0860D4E9161094
:10261000486003E000206065A065E0650020E0639D
:10262000012084F82500002084F8240000BF9FE7E3
:1026300008040240080002402DE9F04104460D461E
:1026400016461F464FF0000800BF94F824000128EA
:1026500002D10220BDE8F081012084F8240000BFEF
:1026600094F8250001283FD1022084F8250000209D
:10267000E0632068006820F00100216808603B46A4
:10268000324629462046FEF775FD206B30B12068A2
:10269000006840F00E00216808600BE020680068C8
:1026A00020F00400216808602068006840F00A00FB
:1026B00021680860A06C006800F4803028B1A06C2C
:1026C000006840F48070A16C0860606D28B1606D96
:1026D000006840F48070616D08602068006840F018
:1026E00001002168086006E000BF002084F8240093
:1026F00000BF4FF002084046ACE7000070B504464A
:1027000000F04CFA06462546681C10B104480068E3
:10271000054400BF00F042FA801BA842FAD370BD06
:10272000B00000202DE9F04104460F4600BF3B48B1
:102730000078012802D10220BDE8F081012037494C
:10274000087000BF4FF47A70FEF7E4FD0646002ED5
:102750005DD1324948603248006800F4007090B1A1
:102760002F48006800F4806048B12D48006820F4CC
:1027700080602B49086003202849087715E0012074
:102780002649087711E02648006800F4806048B1C7
:102790002348006820F480602149086002201F4916
:1027A000087702E000201D490877206801280ED133
:1027B0006068FEF753FD4FF47A70FEF7ABFD0646F6
:1027C0001748406920F00400154948611DE04FF0AA
:1027D000FF303860A56812E028466168FEF750FDBA
:1027E0004FF47A70FEF796FD06460D48406920F4D6
:1027F000FD700B4948610EB13D6005E06D1CD4E9E8
:1028000002010844A842E7D800BFFEF7EBFC00BF76
:1028100000200249087000BF30468DE7B400002058
:102820000020024001200649496941F00041044A64
:1028300051611146496901F0004101B10020704722
:10284000002002402DE9F0470446884615461E4602
:102850004FF0000900BF29480078012802D102206A
:10286000BDE8F08701202549087000BF4FF47A7059
:10287000FEF750FD0746002F38D120494860204818
:10288000006800F4806048B11D48006820F4806052
:102890001B49086002201949087702E00020174907
:1028A00008773CB92A4633464046FEF7FFFC4FF016
:1028B00001090BE0012C01D0022C07D1294640462A
:1028C000FEF708FD022C01D14FF480294FF47A70F5
:1028D000FEF720FD0746B9F1000F05D00848406912
:1028E00020EA090006494861FEF77CFC00BF002091
:1028F0000249087000BF3846B2E70000B40000206B
:102900000020024000200849496901F0004151B10E
:102910000649054A9160064991601146496901F0EE
:10292000004101B1012070470020024023016745AA
:10293000AB89EFCD70B50446B4F5807F21D14FF45B
:102940008071104800F01CF90546012D0CD100F0F3
:1029500025F90D49086001200C49087000200C4938
:1029600008700C4908700BE00848007828B1084846
:10297000007810B901200749087000200349087049
:1029800000BF70BD00040048980000209C0000209B
:102990009D0000209E00002010B5044604480068F9
:1029A000204020B1024804602046FFF7C3FF10BD5D
:1029B0001404014078B502460B460021CAE0012606
:1029C0008E401D6805EA0604002C73D01D7905F0C1
:1029D0000305012D04D01D7905F00305022D13D147
:1029E00090684E000325B540A8434E00DD68B54011
:1029F00028439060506801258D40A8431D79C5F398
:102A000000158D40284350601D7905F00305032D06
:102A100009D0D0684E000325B540A8434E009D68FC
:102A2000B5402843D0601D7905F00305022D13D170
:102A3000CE0802F1200555F826004D07EE0E0F25B1
:102A4000B540A8434E07F60E1D69B5402843CE0891
:102A500002F1200545F8260010684E000325B54018
:102A6000A8431D7905F003054E00B54028431060CA
:102A70005D6805F44035002D6BD000BF384D2D6EDC
:102A800045F00105364E356635462D6E05F00105DB
:102A9000009500BF00BF4FEAB6358E0855F82600F6
:102AA0008D072E0F0F25B540A843B2F1904F02D1EC
:102AB00000251AE04DE02B4DAA4201D1012514E07A
:102AC000294DAA4201D102250FE0284DAA4201D189
:102AD00003250AE0264DAA4201D1042505E0254D33
:102AE000AA4201D1052500E006258E07360FB54024
:102AF0002843214D8E0845F82600204D2868A04324
:102B00005D6805F4801505B120431C4D28602D1D1E
:102B10002868A0435D6805F4001505B12043174DF2
:102B20002D1D2860154D2D1F2868A0435D6805F4F4
:102B3000003505B12043114D2D1F28602D1F286839
:102B4000A0435D6805F4803505B120430B4D083D79
:102B50002860491C1D68CD40002D7FF430AF78BD42
:102B6000001002400004004800080048000C004823
:102B7000001000480014004808000140080401400B
:102B8000024613690B400BB1012000E000207047A2
:102B90000AB1816100E0816270470000014800686D
:102BA00070470000A8000020024692F8410020284B
:102BB0002DD100BF92F84000012801D102207047BA
:102BC000012082F8400000BF242082F841001068F4
:102BD000006820F00100136818601068006820F495
:102BE0008050136818601068006808431368186004
:102BF0001068006840F0010013681860202082F817
:102C0000410000BF002082F8400000BFD7E702204B
:102C1000D5E710B502460B4692F8410020282AD18C
:102C200000BF92F84000012801D1022010BD012010
:102C300082F8400000BF242082F84100106800683C
:102C400020F00100146820601068016821F47061B0
:102C500041EA0321106801601068006840F001003B
:102C600014682060202082F8410000BF002082F814
:102C7000400000BFDAE70220D8E7704770B504468D
:102C80000D4616461049206888421CD155B90F4898
:102C90000078C0B14FF0807301220D49204600F04A
:102CA000BDF910E00A480078162801D106F062FD4F
:102CB00008480068064A127881184FF08073012294
:102CC000204600F027FA70BD00780040A4000020E4
:102CD00080000020A00000202DE9F041044620687B
:102CE000856920680668C5F3002050B1C6F3C0109E
:102CF00038B1606C40F0010060644FF4807021686E
:102D0000C861C5F3802050B1C6F3C01038B1606C03
:102D100040F0080060644FF480602168C861C5F32A
:102D2000402050B1C6F3C01038B1606C40F00200D2
:102D300060644FF400702168C861676C07F00B0095
:102D400018B13946204602F097FEBDE8F08170B513
:102D500004462068856920680668606B20B13246A9
:102D600029462046636B984770BD000010B50446A5
:102D700094F8410020280BD1282084F84100054810
:102D800060634FF40041204602F0A6FD002010BD14
:102D90000220FCE7EB6400087047000010B5044611
:102DA0000CB9012010BD94F8410028B9002084F826
:102DB0004000204600F078F8242084F84100206884
:102DC000006820F0010021680860606820F07060F1
:102DD000216808612068806820F4004021688860CC
:102DE000E068012805D1A06840F4004021688860AF
:102DF00004E0A06840F4044021688860E06802288C
:102E000006D12068406840F400602168486005E011
:102E10002068406820F400602168486020684068AD
:102E200013490843216848602068C06820F40040C6
:102E30002168C860D4E904010843A16940EA01207F
:102E40002168C860D4E90701084321680860206848
:102E5000006840F0010021680860002060642020C4
:102E600084F841000020206384F8420000BF99E705
:102E70000080000210B5044606492068884208D147
:102E80000120054908700020044908702046FFF71A
:102E90006DFF10BD00780040A400002080000020DD
:102EA000704770477047704710B598B004461421BA
:102EB00013A8FDF720FD442102A8FDF71CFD3249AF
:102EC000206888425DD18015029000200A9002A8F7
:102ED00000F002FB08B1FEF781F900BF2B48C06C7F
:102EE00040F001002949C8640846C06C00F00100A8
:102EF000019000BF00BF00BF0846C06C40F0020058
:102F0000C8640846C06C00F00200019000BF00BF1A
:102F1000881513901220149000201590169002200E
:102F2000179013A94FF09040FFF744FD2020139015
:102F3000122014900020159016900820179013A9C5
:102F40001348FFF737FD00BF1048806D40F0804008
:102F50000E4988650846806D00F08040019000BFF2
:102F600000BF002211465C2000F0CEF95C2000F08A
:102F7000B7F9002211465D2000F0C6F95D2000F08F
:102F8000AFF918B010BD00000078004000100240FA
:102F90000004004810B504460D492068884216D147
:102FA0000C48007818B100200A49087004E00A486B
:102FB0000078401C0849087008480068064A1278E2
:102FC00081184FF080733222204600F027F810BDA0
:102FD00000780040A400002080000020A000002015
:102FE00010B504460A49206888420FD10948007884
:102FF000401C08490870084800680A461278811881
:103000004FF080733222204600F084F810BD00009B
:103010000078004080000020A00000202DE9F04151
:1030200004460D4616461F4694F8410000F028005D
:10303000282868D105B12EB94FF4007060640120D2
:10304000BDE8F08148F20201204602F00EFC00BF0C
:1030500094F84000012801D10220F1E7012084F812
:10306000400000BF94F8410029281CD101212046CE
:1030700002F0FBFB2068006800F48040B0F5804F50
:1030800011D12068006820F4804021680860A06B9E
:1030900048B11E48A16B8863A06BFFF798F910B187
:1030A000A06B816B88472A2084F84100202084F897
:1030B0004200002060642068406820F400402168DD
:1030C000486065626685608D2085E76210486063B0
:1030D00020688069C0F3C00820688069C0F30040A0
:1030E00028B9B8F1000F02D008202168C86100BFDC
:1030F000002084F8400000BF48F20201204602F0A0
:10310000EBFB00209CE701209AE7000049580008EB
:10311000EB6400082DE9F04104460D4616461F46B3
:1031200094F8410000F02800282868D105B12EB994
:103130004FF4007060640120BDE8F08148F20101A5
:10314000204602F092FB00BF94F84000012801D114
:103150000220F1E7012084F8400000BF94F841000C
:103160002A281CD10221204602F07FFB206800683B
:1031700000F40040B0F5004F11D12068006820F441
:10318000004021680860E06B48B11E48E16B88632D
:10319000E06BFFF71CF910B1E06B816B88472920C9
:1031A00084F84100202084F84200002060642068F8
:1031B000406820F400402168486065626685608D43
:1031C0002085E7621048606320688069C0F3C0080A
:1031D00020688069C0F3004028B1B8F1000F02D028
:1031E00008202168C86100BF002084F8400000BFAB
:1031F00048F20101204602F06FFB00209CE701200D
:103200009AE7000049580008EB640008034800688A
:10321000034909680844014908607047A800002074
:10322000B000002010B50024032000F0ABF80F2000
:1032300000F008F808B1012401E000F02FF8204662
:1032400010BD000070B50446002511480068D8B1D3
:103250000F4800684FF47A71B1FBF0F00D4909682E
:10326000B1FBF0F6304600F025FF58B9102C07D21C
:1032700000222146501E00F047F80748046004E091
:10328000012502E0012500E00125284670BD00006F
:10329000B0000020D4000020AC00002008B500BF22
:1032A0000E48006E40F001000C4908660846006EAA
:1032B00000F00100009000BF00BF00BF0846806D15
:1032C00040F0805088650846806D00F08050009086
:1032D00000BF00BF00F0F6F808BD0000001002407B
:1032E0000146084600280DDB00BF00BF00F01F03A9
:1032F00001229A4043099B0003F1E023C3F8002117
:1033000000BF00BF00BF70472DE9F05F80460D464B
:10331000164605F055FC074639462A46334601F065
:103320000700C0F1070ABAF1040F02D94FF0040AEE
:1033300001E0C0F1070AD14600F1040ABAF1070F13
:1033400002D24FF0000A01E0A0F1030AD4464FF088
:10335000010A0AFA09FAAAF1010A0AEA020A0AFAB1
:103360000CFA4FF0010B0BFA0CFBABF1010B0BEA63
:10337000030B4AEA0B042146404605F029FCBDE850
:10338000F09F000000BF00F00702064B19684FF6DF
:10339000FF031940044B0B4343EA0221014B196020
:1033A00000BF70470CED00E00000FA0502468ABB42
:1033B0004148006800F4C060B0F5806F2BD13E48F2
:1033C0008030006820F480703B4BC3F880001846C2
:1033D000006820F4C06040F400701860374800684E
:1033E00032235843364BB0FBF3F0411C00E0491E3A
:1033F0003148406900F48060B0F5806F01D1002948
:10340000F5D12D48406900F48060B0F5806F51D14E
:103410000320704708E028488030006820F480705E
:10342000254BC3F8800045E0B2F5007F3AD1224831
:10343000006800F4C060B0F5806F2AD11E4880306B
:10344000006840F480701C4BC3F880001846006888
:1034500020F4C06040F400701860184800683223FF
:103460005843174BB0FBF3F0411C00E0491E1248D3
:10347000406900F48060B0F5806F01D10029F5D17A
:103480000D48406900F48060B0F5806F12D10320D0
:10349000BFE709488030006840F48070064BC3F8ED
:1034A000800007E00448006820F4C06040F48060B9
:1034B000014B18600020ACE700700040D4000020F1
:1034C00040420F000348806840F480400149886012
:1034D00070470000007000402DE9F84304460027C3
:1034E000B846206800F40020B0F5002F73D1B9462B
:1034F000D348806D00F0805078B900BFD048806D0F
:1035000040F08050CE4988650846806D00F08050BC
:10351000009000BF00BF4FF00109CA48006840F4A6
:103520008070C8490860FFF739FB064606E0FFF7E0
:1035300035FB801B022801D9032705E0C14800683C
:1035400000F480700028F2D000BF002F46D1BC48A4
:103550009030006800F44075CDB1206CA84216D0C0
:10356000B7489030006820F44075B548D0F8900016
:1035700040F48030B249C1F890000846D0F890007D
:1035800020F48030C1F890000846C0F8905005F053
:103590000100A0B1FFF702FB064608E0FFF7FEFAC4
:1035A000801B41F28831884201D9032706E0A448F4
:1035B0009030006800F002000028EFD000BF5FB933
:1035C0009F489030006820F44070216C08439C496B
:1035D000C1F8900003E00CE0B84600E0B846B9F14D
:1035E000010F05D19648806D20F080509449886580
:1035F00000BF207800F0010048B191488830006891
:1036000020F00300616808438D49C1F888002078E4
:1036100000F00200022809D189488830006820F0B3
:103620000C00A16808438649C1F88800207800F0A2
:103630000400042809D182488830006820F0300056
:10364000E16808437E49C1F88800207800F008004E
:10365000082809D17A488830006820F0C000216924
:1036600008437749C1F88800207800F0200020281E
:1036700009D173488830006820F4406061690843CC
:103680006F49C1F88800207800F04000402809D137
:103690006B488830006820F44050A16908436849AD
:1036A000C1F88800207800F08000802809D16448A3
:1036B0008830006820F44040E16908436049C1F85F
:1036C0008800208800F48070B0F5807F09D15C48C4
:1036D0008830006820F44030216A08435849C1F816
:1036E0008800208800F40070B0F5007F09D15448AC
:1036F0008830006820F44020616A08435049C1F8CE
:103700008800208800F48060B0F5806F13D14C48A9
:103710008830006820F44010A16A08434849883185
:103720000860A06AB0F5801F05D14548C06840F424
:1037300080104349C860208800F40060B0F5006F35
:1037400013D13F488830006820F44000E16A084304
:103750003B4988310860E06AB0F5800F05D13848F0
:10376000C06840F480103649C860208800F480505A
:10377000B0F5805F13D132488830006820F0407087
:10378000216B08432E4988310860206BB0F1807F9F
:1037900005D12B48C06840F480102949C8602088B2
:1037A00000F40050B0F5005F13D125488830006860
:1037B00020F04060616B0843214988310860606BEC
:1037C000B0F1006F05D11E48C06840F480101C495C
:1037D000C860208800F48040B0F5804F13D11848AD
:1037E0008830006820F04060A16B0843144988319C
:1037F0000860A06BB0F1006F05D11148C06840F4BB
:1038000080100F49C860208800F40040B0F5004FD8
:1038100013D10B488830006820F04050E16B08431A
:10382000074988310860E06BB0F1805F05D104483A
:10383000C06840F480300249C8604046BDE8F88363
:1038400000100240007000402DE9F04104460D4692
:103850004FF0000814B90120BDE8F0817D480068F0
:1038600000F00F00A8420ED27A48006820F00F0046
:103870002843784908600846006800F00F00A84215
:1038800001D00120E8E7207800F00100002864D092
:103890006068032823D17048006800F0007008B900
:1038A0000120D9E703F0D8FD06466C48864237D997
:1038B0006948806800F0F00030B1207800F0020024
:1038C00002282DD1A06858BB6348806820F0F00022
:1038D00040F08000604988604FF0800820E0606818
:1038E000022806D15C48006800F4003040B901208D
:1038F000B2E75948006800F4806008B90120ABE7DE
:1039000000F0DEF806465548864209D952488068DC
:1039100020F0F00040F080004F4988604FF08008B0
:103920004D48806820F00300616808434A49886078
:10393000FFF734F9074608E0FFF730F9C01B41F202
:103940008831884201D9032086E74348806800F027
:103950000C006168B0EB810FEED1207800F002001E
:10396000022820D1207800F00400042805D13A482C
:10397000806840F4E06038498860207800F00800F2
:10398000082807D13448806820F4605040F4E06093
:10399000314988603048806820F0F000A168084311
:1039A0002D49886008E0B8F1800F05D12A48806869
:1039B00020F0F000284988602648006800F00F00D9
:1039C000A84219D92348006820F00F002843214954
:1039D0000860FFF7E3F8074608E0FFF7DFF8C01BD1
:1039E00041F28831884201D9032035E7194800683F
:1039F00000F00F00A842F0D1207800F00400042865
:103A000007D11548806820F4E060E1680843124956
:103A10008860207800F00800082808D10E488068E7
:103A200020F46050216940EAC1000B49886000F031
:103A300047F809498968C1F30311094A515C01F04B
:103A40001F01C8400749086007480068FFF7FAFBF4
:103A500002E70000002002400010024000B4C4044D
:103A60002CA20008D4000020AC000020014800680F
:103A700070470000D400002000B5FFF7F7FF0549AC
:103A80008968C1F30221044A515C01F01F01C8405A
:103A900000BD0000001002403CA2000800B5FFF786
:103AA000E5FF05498968C1F3C221044A515C01F070
:103AB0001F01C84000BD0000001002403CA20008E9
:103AC00070B5224DAD6805F00C05042D01D12048DC
:103AD0003AE01E4DAD6805F00C05082D01D11D48DA
:103AE00032E01A4DAD6805F00C050C2D2BD1174DA9
:103AF000ED6805F00304154DED68C5F303156A1C68
:103B0000022C0CD0032C09D1124DB5FBF2F50F4E4F
:103B1000F668C6F3062605FB06F10AE000BF0C4D69
:103B2000B5FBF2F5094EF668C6F3062605FB06F16D
:103B300000BF00BF054DED68C5F341656D1C6B000E
:103B4000B1FBF3F000E0002070BD00000010024067
:103B50000024F40000127A002DE9F843044614B959
:103B60000120BDE8F883207800F00100002865D02E
:103B7000FC48806800F00C07FA48C06800F00306B3
:103B80000C2F01D1032E01D0082F0AD1F54800686F
:103B900000F40030002851D0606800284ED1012088
:103BA000DFE700BF6068B0F5803F06D1ED480068F0
:103BB00040F48030EB4908601AE06068B0F5A02F4F
:103BC0000BD1E848006840F48020E64908600846C8
:103BD000006840F4803008600AE0E248006820F4A1
:103BE0008030E04908600846006820F480200860C2
:103BF00000BF606888B1FEF7D1FF054606E0FEF71A
:103C0000CDFF401B642801D90320AAE7D5480068EE
:103C100000F400300028F2D010E0FEF7BFFF0546A8
:103C200006E0FEF7BBFF401B642801D9032098E79C
:103C3000CC48006800F400300028F2D1207800F071
:103C40000200022860D1C748806800F00C07C54810
:103C5000C06800F003060C2F01D1022E01D0042F02
:103C600018D1C048006800F4806018B1E06808B955
:103C7000012076E7BB48406820F0FE40217C40EA06
:103C80000160B8494860B8480068FFF7DBFA18B32C
:103C9000012066E7E06800B3B248006840F4807035
:103CA000B0490860FEF77AFF054606E0FEF776FFAA
:103CB000401B022801D9032053E7AA48006800F4FA
:103CC00080600028F2D0A748406820F0FE40217CA8
:103CD00040EA0160A349486016E0A248006820F469
:103CE0008070A0490860FEF759FF054606E0FEF720
:103CF00055FF401B022801D9032032E7994800688C
:103D000000F480600028F2D1207800F00800082834
:103D100036D16069D0B193489430006840F001001A
:103D20009049C1F89400FEF739FF054606E0FEF71A
:103D300035FF401B022801D9032012E7894894303F
:103D4000006800F002000028F1D019E085489430A6
:103D5000006820F001008349C1F89400FEF71EFFBF
:103D6000054606E0FEF71AFF401B022801D9032092
:103D7000F7E67C489430006800F002000028F1D19A
:103D8000207800F00400042872D14FF00008754834
:103D9000806D012121EA107078B100BF7148806DFB
:103DA00040F080506F4988650846806D00F0805073
:103DB000009000BF00BF4FF001086C48006800F49D
:103DC0008070B0B96948006840F480706749086045
:103DD000FEF7E4FE054606E0FEF7E0FE401B022883
:103DE00001D90320BDE66148006800F48070002816
:103DF000F2D000BFA068012808D15A48903000686E
:103E000040F001005749C1F8900021E0A068052862
:103E10000FD154489030006840F004005149C1F877
:103E200090000846D0F8900040F00100C1F89000E2
:103E30000EE04C489030006820F001004949C1F87C
:103E400090000846D0F8900020F00400C1F89000DF
:103E500000BFA068A8B1FEF7A1FE054609E0FEF785
:103E60009DFE401B41F28831884202D9032078E64A
:103E700025E03C489030006800F002000028EED0B9
:103E800013E0FEF78BFE054608E0FEF787FE401BB9
:103E900041F28831884201D9032062E631489030EE
:103EA000006800F002000028EFD1B8F1010F05D141
:103EB0002C48806D20F080502A49886500BF20780A
:103EC00000F02000202836D1A069D0B125489830D4
:103ED000006840F001002349C1F89800FEF75EFE3B
:103EE000054606E0FEF75AFE401B022801D90320D2
:103EF00037E61C489830006800F002000028F1D036
:103F000019E018489830006820F001001549C1F800
:103F10009800FEF743FE054606E0FEF73FFE401B15
:103F2000022801D903201CE60E489830006800F0F2
:103F300002000028F1D1E069002860D009488068BB
:103F400000F00C000C287AD0E069022858D105480E
:103F5000006820F0807003490860FEF71FFE0546E8
:103F60000DE0000000100240AC0000200070004096
:103F7000FEF714FE401B022801D90320F1E54A4850
:103F8000006800F000700028F2D1D4E90810401E4B
:103F900041EA0011A06A41EA0021208E0122C2EB11
:103FA000500041EA40513420005DC2EB500041EA2C
:103FB00040612C20005D41EAC0603B49C9683B4A32
:103FC000114008433849C8600846006840F08070D6
:103FD00008600846C06840F08070C860FEF7DEFDEB
:103FE000054606E0FEF7DAFD401B022801D9032052
:103FF000B7E52D48006800F000700028F2D051E0CD
:104000002948006820F0807027490860FEF7C6FD47
:10401000054606E0FEF7C2FD401B022801D9032039
:104020009FE52148006800F000700028F2D11E488A
:10403000C0681F4908401C49C86033E0FFE7E069D9
:10404000012800D18DE51848C66806F00301206AF2
:10405000814225D106F0F001606A401EB1EB001FDD
:104060001ED106F4FE41A06AB1EB002F18D106F074
:1040700078412C20005DB1EBC06F11D106F4C00176
:10408000208E0122C2EB5000B1EB405F08D106F058
:10409000C0613420005DC2EB5000B1EB406F01D035
:1040A00001205EE500205CE5001002400C809F01CD
:1040B000FCFFEEFE70B504462546681EB0F1807F19
:1040C00001D301200FE0681E4FF0E02148610F216D
:1040D0004FF0FF3004F07CFD00204FF0E0218861BC
:1040E00007200861002070BD7047704770470000CE
:1040F00010B50346002200BF93F83C00012801D10F
:10410000022010BD012083F83C0000BF22F0FF0018
:10411000CC6840EA040222F440708C6840EA040251
:1041200022F480604C6840EA040222F400600C68CB
:1041300040EA040222F480500C6940EA040222F4AE
:1041400000504C6940EA040222F480400C6B40EAC3
:10415000040222F470200C8B40EA044222F08050CA
:10416000CC6940EA0402124C1868A04203D0114CFA
:104170001868A04213D122F470000C8D40EA04525A
:1041800022F080700C6A40EA040222F000704C6A4F
:1041900040EA040222F00050CC6A40EA04021868A7
:1041A000426400BF002083F83C0000BF00BFA8E7C6
:1041B000002C0140003401407047704770470000F8
:1041C00030B502460B4600BF92F83C00012801D1F1
:1041D000022030BD012082F83C0000BF022082F89E
:1041E0003D0010684168106884681D4D1068A84241
:1041F00003D01C4D1068A84203D121F47001586807
:104200000143194801401868014310684160144D8A
:104210001068A84213D01068B0F1804F0FD0134D32
:104220001068A8420BD0124D1068A84207D00D4D5F
:104230001068A84203D00F4D1068A84205D124F0A1
:1042400080049868044310688460012082F83D006F
:1042500000BF002082F83C0000BF00BFB9E70000AB
:10426000002C0140003401408FFFFFFD000400409E
:104270000008004000400140704710B504460CB9EA
:10428000012010BD94F83D0028B9002084F83C00BE
:10429000204600F029F8022084F83D00211D206806
:1042A00003F0AAF9012084F8480000BF84F83E001A
:1042B00001213F2001554020015541200155422058
:1042C00001554320015500BF00BF012084F8440080
:1042D00045200155462001554720015500BF0120CA
:1042E00084F83D000020CCE738B504463449206806
:1042F00088422ED100BF3348006E40F4006031493F
:1043000008660846006E00F40060009000BF00BF21
:10431000002211461820FEF7F7FF1820FEF7E0FFF5
:10432000002211461920FEF7EFFF1920FEF7D8FFF3
:10433000002211461A20FEF7E7FF1A20FEF7D0FFF1
:10434000002211461B20FEF7DFFF1B20FEF7C8FFEF
:1043500035E02068B0F1804F0DD100BF1948806D65
:1043600040F00100174988650846806D00F00100A3
:10437000009000BF23E01449206888420DD100BF9F
:104380001048806D40F002000E4988650846806D37
:1043900000F00200009000BF11E00C492068884244
:1043A0000DD100BF0748806D40F0040005498865C5
:1043B0000846806D00F00400009000BF00BF38BDCB
:1043C000002C0140001002400004004000080040A2
:1043D000014691F83D00012801D0012070470220DC
:1043E00081F83D00184B0868984213D00868B0F176
:1043F000804F0FD0154B086898420BD0144B0868BB
:10440000984207D0134B0868984203D0124B0868B3
:10441000984210D108688068104B00EA0302062A0F
:104420000FD0B2F5803F0CD00868006840F0010062
:104430000B68186005E00868006840F001000B6830
:1044400018600020CAE70000002C01400004004072
:104450000008004000340140004001400700010016
:104460002DE9F04104460D46002700BF94F83C00BA
:10447000012802D10220BDE8F081012084F83C002F
:1044800000BF022084F83D00206886683F4806404F
:1044900026F47F46206886602868702824D00CDCCB
:1044A00000F00F01002964D10011072861D2DFE874
:1044B00000F05354555649353F00354A811A904211
:1044C0004FD009DCB0F5805F0DD0B0F5005F18D09B
:1044D000B0F1101F4DD143E0102943D0202942D024
:1044E000502946D140E046E0D5E902136A682068C9
:1044F00003F0F9F82068866846F077062068866041
:1045000039E0D5E902136A68206803F0ECF8206806
:10451000806840F48040216888602CE0EA6869681F
:10452000206803F0CBFA5021206803F0E7F822E07E
:10453000EA686968206803F0D4FA6021206803F013
:10454000DDF818E0EA686968206803F0B7FA4021EE
:10455000206803F0D3F80EE000BF00BF00BF00BF2B
:1045600000BF00BF00BF00BF2968206803F0C6F885
:1045700001E0012700BF00BF012084F83D0000BF1B
:10458000002084F83C0000BF384674E788FFCEFF67
:1045900020001000704770B504462068C668206887
:1045A000056905F00200022819D106F00200022870
:1045B00015D1401F2168086101202077206880699B
:1045C00000F0030018B12046FFF7E4FF05E02046A5
:1045D00000F0A8F9204600F0B7FA0020207705F097
:1045E0000400042819D106F00400042815D1C043A2
:1045F00021680861022020772068806900F44070FB
:1046000018B12046FFF7C6FF05E0204600F08AF902
:10461000204600F099FA0020207705F008000828CD
:1046200019D106F00800082815D1C0432168086197
:10463000042020772068C06900F0030018B12046EC
:10464000FFF7A8FF05E0204600F06CF9204600F0D7
:104650007BFA0020207705F01000102819D106F011
:104660001000102815D1C043216808610820207768
:104670002068C06900F4407018B12046FFF78AFF37
:1046800005E0204600F04EF9204600F05DFA0020DB
:10469000207705F0010048B106F0010030B16FF05D
:1046A000010021680861204600F046FC05F080000A
:1046B000802804D005F40050B0F5005F0AD106F060
:1046C0008000802806D16FF40250216808612046DE
:1046D000FFF70BFD05F48070B0F5807F0AD106F07E
:1046E0008000802806D16FF4807021680861204620
:1046F000FFF7FAFC05F04000402809D106F0400021
:10470000402805D1C04321680861204600F015FC0F
:1047100005F02000202809D106F02000202805D12E
:10472000C043216808612046FFF7E0FC05F48010D3
:10473000B0F5801F0BD106F48010B0F5801F06D1B4
:104740006FF48010216808612046FFF736FD05F4FC
:104750000010B0F5001F0BD106F40010B0F5001FDB
:1047600006D16FF40010216808612046FFF724FD90
:1047700005F48000B0F5800F0BD106F48000B0F591
:10478000800F06D16FF48000216808612046FFF792
:1047900015FD05F40000B0F5000F0BD106F4000084
:1047A000B0F5000F06D16FF40000216808612046C3
:1047B000FFF762FD70BD000010B586B004461421FD
:1047C00001A8FCF798F85149206888421CD100BF25
:1047D0004F48C06C40F001004D49C8640846C06CA9
:1047E00000F00100009000BF00BFC814019002203B
:1047F00002900020039004900B20059001A94FF037
:104800009040FEF7D7F87EE02068B0F1804F1BD1D2
:1048100000BF3F48C06C40F001003D49C8640846F5
:10482000C06C00F00100009000BF00BF02200190AA
:1048300002900020039004900120059001A94FF000
:104840009040FEF7B7F85EE03249206888421BD1FD
:1048500000BF2F48C06C40F002002D49C8640846D4
:10486000C06C00F00200009000BF00BF012001906A
:10487000022002900020039004900220059001A9DC
:104880002548FEF797F83EE02449206888421BD16E
:1048900000BF1F48C06C40F002001D49C8640846B4
:1048A000C06C00F00200009000BF00BF48150190EE
:1048B000022002900020039004900220059001A99C
:1048C0001548FEF777F81EE01549206888421AD18E
:1048D00000BF0F48C06C40F001000D49C864084695
:1048E000C06C00F00100009000BF00BF04200190E8
:1048F000022002900020039004900920059001A955
:10490000C006FEF757F806B010BD0000002C0140AD
:10491000001002400004004000040048000800406D
:104920000040014070472DE9F04104460D4616460F
:10493000002700BF94F83C00012802D10220BDE806
:10494000F081012084F83C0000BF0C2E51D005DC22
:104950004EB1042E1ED0082E7AD133E0102E60D036
:10496000142EF9D175E02946206802F0D3FE2068A4
:10497000806940F00800216888612068806920F023
:1049800004002168886120688069296908432168DA
:10499000886178E02946206802F012FF206880696B
:1049A00040F40060216888612068806920F480609C
:1049B0002168886120688069296940EA01202168AE
:1049C000886160E02946206802F054FF2068C069D1
:1049D00040F008002168C8612068C06920F0040028
:1049E0002168C8612068C069296908432168C861D5
:1049F00049E02946206802F097FF2068C06940F42A
:104A000000602168C8612068C06920F48060216866
:104A1000C8612068C069296940EA01202168C8612D
:104A200031E02946206802F0D9FF2068006D40F08F
:104A30000800216808652068006D20F004002168E6
:104A400008652068006D29690843216808651AE037
:104A500017E02946206802F0F9FF2068006D40F455
:104A60000060216808652068006D20F4806021687E
:104A700008652068006D296940EA01202168086501
:104A800001E0012700BF00BF00BF002084F83C0008
:104A900000BF384653E710B504460CB9012010BDDD
:104AA00094F83D0028B9002084F83C00204600F02E
:104AB00029F8022084F83D00211D206802F09CFDA9
:104AC000012084F8480000BF84F83E0001213F2007
:104AD00001554020015541200155422001554320F8
:104AE000015500BF00BF012084F844004520015556
:104AF000462001554720015500BF012084F83D00A4
:104B00000020CCE738B504460D492068884215D10D
:104B100000BF0C48006E40F480300A490866084621
:104B2000006E00F48030009000BF00BF00221146EC
:104B30001820FEF7E9FB1820FEF7D2FB38BD000075
:104B4000004001400010024010B5044604492068AE
:104B5000884204D10348006808B904F0DDFD10BDA7
:104B6000002C01408400002070B504460D4615B9A4
:104B700094F83E0015E0042D02D13F20005D10E0C6
:104B8000082D02D14020005D0BE00C2D02D1412008
:104B9000005D06E0102D02D14220005D01E04320BF
:104BA000005D012801D0012070BD1DB9022084F8EC
:104BB0003E001AE0042D03D102213F20015514E0EC
:104BC000082D03D10221402001550EE00C2D03D108
:104BD00002214120015508E0102D03D1022142207D
:104BE000015502E002214320015501222946206897
:104BF00002F068FD2749206888420FD026492068C6
:104C000088420BD025492068884207D02449206873
:104C1000884203D023492068884201D1012000E066
:104C2000002028B12068406C40F4004021684864AE
:104C300018492068884213D02068B0F1804F0FD007
:104C40001949206888420BD018492068884207D04B
:104C500011492068884203D010492068884210D149
:104C600020688068124900EA0106062E0FD0B6F5CA
:104C7000803F0CD02068006840F001002168086087
:104C800005E02068006840F001002168086000200D
:104C90008AE70000002C0140003401400040014040
:104CA000004401400048014000040040000800406A
:104CB00007000100F0B504460D46002715B994F829
:104CC0003E0015E0042D02D13F20005D10E0082DCC
:104CD00002D14020005D0BE00C2D02D14120005D8F
:104CE00006E0102D02D14220005D01E04320005D6E
:104CF000012801D00120F0BD1DB9022084F83E003A
:104D00001AE0042D03D102213F20015514E0082DA3
:104D100003D10221402001550EE00C2D03D10221C8
:104D20004120015508E0102D03D1022142200155F8
:104D300002E002214320015535B1042D0BD0082D8E
:104D400010D00C2D1CD114E02068C06840F0020087
:104D50002168C86016E02068C06840F0040021683F
:104D6000C8600FE02068C06840F008002168C86093
:104D700008E02068C06840F010002168C86001E0C9
:104D8000012700BF00BFEFBB01222946206802F0C7
:104D900099FC2849206888420FD02749206888421A
:104DA0000BD026492068884207D0254920688842D0
:104DB00003D024492068884201D1012000E000206E
:104DC00028B12068406C40F40040216848641949CB
:104DD0002068884213D02068B0F1804F0FD01A4964
:104DE000206888420BD019492068884207D01249B0
:104DF0002068884203D011492068884212D1206877
:104E0000806800E00DE0124900EA0106062E0FD08E
:104E1000B6F5803F0CD02068006840F001002168A2
:104E2000086005E02068006840F001002168086023
:104E3000384660E7002C014000340140004001404A
:104E400000440140004801400004004000080040C8
:104E50000700010030B504460D46002229462068AF
:104E600002F030FC2F49206888420FD02E4920687C
:104E700088420BD02D492068884207D02C492068F1
:104E8000884203D02B492068884201D1012000E0EC
:104E9000002090B100BF2068006A41F21111084063
:104EA00050B92068006A8900084028B92068406C21
:104EB00020F400402168486400BF00BF2068006AF9
:104EC00041F21111084050B92068006A8900084079
:104ED00028B92068006820F001002168086000BF40
:104EE0001DB9012084F83E001AE0042D03D10121F0
:104EF0003F20015514E0082D03D101214020015528
:104F00000EE00C2D03D101214120015508E0102DA8
:104F100003D101214220015502E001214320015526
:104F2000002030BD002C0140003401400040014011
:104F3000004401400048014070477047014600BFEF
:104F400091F88400012801D102207047012081F8E6
:104F5000840000BF2420C1F888000868026808683F
:104F6000006820F001000B68186022F00052002059
:104F70004866086802602020C1F8880000BF002051
:104F800081F8840000BF00BFDFE77047704770B54D
:104F900004460D4600BF94F88400012801D1022088
:104FA00070BD012084F8840000BF2420C4F888006C
:104FB000206806682068006820F001002168086009
:104FC0002068806820F0606028432168886020465F
:104FD00002F0C2FD206806602020C4F8880000BFEF
:104FE000002084F8840000BF00BFD9E770B50446F4
:104FF0000D4600BF94F88400012801D1022070BD45
:10500000012084F8840000BF2420C4F888002068B0
:1050100006682068006820F00100216808602068A8
:10502000806820F06040284321688860204602F0B4
:1050300093FD206806602020C4F8880000BF00208F
:1050400084F8840000BF00BFD9E7704770477047FD
:105050002DE9F04704462068C56920680668206885
:10506000876840F60F0005EA0009B9F1000F0FD17B
:1050700005F0200060B106F0200010B907F0805064
:1050800030B1606F10B12046616F8847BDE8F0878E
:10509000B9F1000F7ED0D448384018B9D348304019
:1050A0000028F7D005F0010058B106F4807040B137
:1050B000012021680862D4F8900040F00100C4F893
:1050C000900005F0020058B107F0010040B1022045
:1050D00021680862D4F8900040F00400C4F8900001
:1050E00005F0040058B107F0010040B10420216828
:1050F0000862D4F8900040F00200C4F8900005F077
:10510000080070B106F0200010B9B748384040B12F
:10511000082021680862D4F8900040F00800C4F824
:10512000900005F4006060B106F0806048B14FF473
:10513000006021680862D4F8900040F02000C4F8B4
:105140009000D4F89000002852D005F0200050B113
:1051500006F0200010B907F0805020B1606F10B148
:105160002046616F8847D4F890A02068806800F0DE
:105170004000402802D00AF0280070B3204602F018
:1051800075FE2068806800F04000402826D100BFEE
:1051900000BF00E02DE02168083151E8001F21F038
:1051A00040002168083141E80002002AF1D100BF27
:1051B000D4F8800068B18E48D4F880108863D4F8A1
:1051C0008000FDF704F998B1D4F88000816B88471E
:1051D0000EE02046FFF73BFF0AE003E02046FFF722
:1051E00036FF05E02046FFF732FF0020C4F89000AC
:1051F0004CE7E06E012865D105F01000002861D071
:1052000006F010000028FAD01020216808622068FB
:10521000806800F04000402865D1D4F88000006824
:1052200040681FFA80F8B8F1000F5BD0B4F85C005A
:10523000404557DDA4F85E80D4F88000006800681F
:1052400000F02000E8BB00BF00BF216851E8001F4C
:1052500021F48070226842E800010029F5D100BFE6
:1052600000BF00BF2168083151E8001F21F0010094
:105270002168083141E80002002AF3D100BF00BFD5
:1052800000BF2168083151E8001F21F0400021686B
:10529000083141E80002002AF3D100BF2020C4F801
:1052A0008C000020E06600BF00BF216851E8001FAD
:1052B00021F01000226842E800010029F5D100BF6A
:1052C00001E004E053E0D4F88000FDF745F8022047
:1052D0002067B4F85C00B4F85E20801A81B22046E2
:1052E000FFF753FED2E634F85C0F6188401A1FFACC
:1052F00080F860885C3CC8B3B8F1000F36D000BFBE
:1053000000BF216851E8001F21F49070226842E834
:1053100000010029F5D100BF00BF00BF216808319E
:1053200051E8001F304AD24301EA020021680831E7
:1053300041E80002002AF1D100BF2020C4F88C000F
:105340000020E066606700BF00BF216851E8001FD1
:1053500021F01000226842E800010029F5D100BFC9
:105360000220206741462046FFF70FFE8EE605F437
:10537000801050B107F4800038B14FF480102168DC
:1053800008622046FFF762FE80E605F0800058B113
:1053900006F0800010B907F4000028B1A06F10B12A
:1053A0002046A16F884771E605F0400030B106F055
:1053B000400018B1204602F08FFD67E605F40000BA
:1053C00030B106F0804018B12046FFF73EFE5DE6A2
:1053D00005F0807030B106F0004018B12046FFF7AC
:1053E000D5FD53E600BF51E6010000102001000486
:1053F000937D000810B504460CB9012010BDA069CA
:1054000000B100E000BFD4F8880028B9002084F87B
:105410008400204600F02AF82420C4F88800206880
:10542000006820F0010021680860A06A10B12046E1
:1054300002F0BEFB204603F085F8012800D1DDE72D
:105440002068406820F490402168486020688068A7
:1054500020F02A00216888602068006840F0010080
:1054600021680860204602F01FFCC7E710B598B01D
:105470000446142113A8FBF73EFA442102A8FBF7C7
:105480003AFA2E492068884256D101200290002025
:10549000039002A8FEF720F808B1FBF79FFE00BFBB
:1054A0002748006E40F48040254908660846006E93
:1054B00000F48040019000BF00BF00BF0846C06CF0
:1054C00040F00100C8640846C06C00F00100019083
:1054D00000BF00BF4FF4C060139002201490002062
:1054E000159016900720179013A94FF09040FDF7E4
:1054F00061FA1448144908601920486010211248C4
:1055000081600021C16080210161002141618161D0
:10551000C1610162FDF728F808B1FBF75FFE00BF2B
:105520000948E067846200BF002211462520FDF78C
:10553000EBFE2520FDF7D4FE18B010BD0038014069
:1055400000100240080002401C04002070B5044610
:105550000D461646D4F88C00202821D105B10EB98D
:10556000012070BD0020E0660E492068884211D0FD
:105570002068406800F4000060B100BF00BF2168EF
:1055800051E8001F41F08060226842E800010029D4
:10559000F5D100BF32462946204603F095F9E0E7F1
:1055A0000220DEE70080004070B504465D4884427A
:1055B00073D15D485D490978405C0A280AD1002012
:1055C0005A49087004F0D6F805225949554800F0A8
:1055D000B1F89DE0544855490978405C3B2870D1AA
:1055E0005248007803286CDB50480078C01E4E49B2
:1055F000085C442808D14D480078401E085C3038CB
:105600004B49163948707AE048480078C01E464930
:10561000085C4D2812D145480078801E085C30385F
:1056200042490978891E404A515C303901EB8101B9
:1056300000EB41003E491639087160E03B480078B4
:10564000C01E3949085C6D2812D138480078801E88
:10565000085C303835490978891E334A515C303945
:1056600001EB810100EB410031491639487146E0F8
:105670002E480078C01E2C49085C472822D12B48B0
:105680000078401E085C312808D104F073F8052228
:105690002749244800F04EF831E041E023480078E3
:1056A000401E2149085C302829D121481038FBF7D9
:1056B000D1F885B22A461E4910391A4800F03AF846
:1056C0001DE020E019480078C01E1749085C4328F7
:1056D00015D116480078401E085C302804D10020FF
:1056E00013491639C8700AE010480078401E0E4968
:1056F000085C312803D101200D491639C8700020FB
:105700000A49087004E009480078401C07490870FD
:105710000548064A1278811801220248FFF716FF51
:1057200070BD0000880300203E680020A500002016
:105730009204002070B504460E461546D4F8880041
:1057400020283FD106B10DB9012070BD44F8506F3B
:10575000A580E580002020642120A063E06A503C01
:10576000E0B11948E16FC8621848E16F0863184852
:10577000E16F48630020E16F8863236803F128022A
:105780002B46216DE06FFCF757FF38B11020C4F8AD
:1057900090002020C4F888000120D6E7402021682E
:1057A000086200BF00BF2168083151E8001F41F0C6
:1057B00080002168083141E80002002AF3D100BFCF
:1057C0000020C2E70220C0E7097E00085F7E0008D3
:1057D000AB7D000838B504460C492068884213D1D7
:1057E0000B48007801280FD10A48407801280BD1D6
:1057F00009A000680090022269460848FFF79AFF56
:1058000000200349087000BF38BD00000038014087
:10581000350000207C040020FFFF000088030020EA
:10582000704700BFFEE7000010B50248FDF754FACC
:1058300010BD0000B801002010B50248FDF787FA3E
:1058400010BD0000B801002070B50546AC6AA06B21
:1058500010B10020A16B8863E06B10B10020E16BF8
:105860008863204600F05DFF70BD10B50246002041
:1058700001F001034BB140F0420092F8413003F0D7
:105880002803282B01D040F0B00001F00203022BC6
:1058900009D140F0440092F8413003F02803282B4E
:1058A00001D040F0B00001F40043B3F5004F01D146
:1058B00040F0B800102901D140F09000202901D11A
:1058C00040F02000402901D140F0400013681B68DF
:1058D00083431468236010BD10B502460020254C98
:1058E000536BA34222D0244C536BA3421ED0234CB3
:1058F000536BA3421AD001F40043B3F5004F01D11A
:1059000040F0B80001F001030BB140F0F20001F0EB
:105910000203022B01D140F0F400102901D140F024
:105920009000202920D140F020001DE001F4004328
:10593000B3F5004F01D140F0B80001F001030BB105
:1059400040F0F20001F00203022B01D140F0F4001C
:10595000102901D140F09000202901D140F06000D1
:10596000402901D140F0400013681B6803431468CC
:10597000236010BD4D600008AD630008AD610008F4
:1059800001688969C1F3400111B100210268916287
:105990000168896901F0010129B90168896941F04B
:1059A00001010268916170472DE9F047044689467C
:1059B00094F8410000F02800282852D1206880691E
:1059C000C0F300472068806900F47E00050C206861
:1059D0008068C0F309062068C06800F0FE08E0682F
:1059E00002282ED105F00600062101EAE6118842C0
:1059F00016D13546A06C401CA064A06C022838D19A
:105A00000020A06408202168C86100BF002084F83D
:105A1000400000BF2A4639462046FDF72FF928E00E
:105A200045464FF400412046FFF71FFF00BF00200E
:105A300084F8400000BF2A4639462046FDF71EF98B
:105A400017E04FF400412046FFF70FFF00BF002092
:105A500084F8400000BF2A4639462046FDF70EF97B
:105A600007E008202168C86100BF002084F84000DA
:105A700000BFBDE8F08700002DE9F04104460F4665
:105A800094F84160002084F842004D48E062002014
:105A90006085606C38436064282E03D0292E01D0C5
:105AA0002A2E09D103212046FFF7DFFE282084F8A3
:105AB00041004448606324E048F203012046FFF7B8
:105AC000D4FE2046FFF75CFF94F84100602816D012
:105AD000202084F8410020688069C0F3401070B134
:105AE00020688069C0F3001030B110202168C861BF
:105AF000606C40F00400606420202168C8610020D0
:105B00006063256BA06B48B3112D01D0212D25D1E9
:105B10002068006800F48040B0F5804F05D120680F
:105B2000006820F4804021680860A06BFCF799FCB5
:105B300001280FD02448A16B886300BF002084F89F
:105B4000400000BFA06BFCF742FC70B3A06B816B00
:105B5000884732E0204600F0E4FD2EE0E06B48B3D9
:105B6000122D01D0222D25D12068006800F40040BC
:105B7000B0F5004F05D12068006820F4004021688E
:105B80000860E06BFCF76DFC01280FD00E48E16B5C
:105B9000886300BF002084F8400000BFE06BFCF782
:105BA00016FC10B1E06B816B884706E0204600F0E0
:105BB000B8FD02E0204600F0B4FDBDE8F081000031
:105BC0000000FFFFEB6400084958000870B5044668
:105BD0000D461948E06200202063202084F841002F
:105BE000002084F842006063C5F3800090B1206813
:105BF000406A616A0870606A401C6062208D48B12A
:105C0000208D401E2085608D401E6085606C40F0B8
:105C10000400606448F203012046FFF726FE1020CE
:105C20002168C86100BF002084F8400000BF204602
:105C3000FDF720F970BD00000000FFFFF8B5044635
:105C40000D462F4620202168C86194F84100212884
:105C500006D101212046FFF708FE1120206309E04C
:105C600094F84100222805D102212046FFF7FDFDCE
:105C70001220206320684068384908402168486045
:105C8000002060633648E062C7F3001030B1102096
:105C90002168C861606C40F00400606494F84100C1
:105CA000602807D1C7F3800020B12068406AC0B2E5
:105CB000009000BF2046FFF763FE666C94F8410039
:105CC000602800D026B1616C2046FFF7D5FE44E085
:105CD00094F8410021281ED1202084F841000020A2
:105CE000206394F8420040280AD1002084F8420042
:105CF00000BF84F8400000BF2046FDF7D4F82CE038
:105D0000002084F8420000BF84F8400000BF204615
:105D1000FDF7C7F821E094F8410022281DD120208A
:105D200084F841000020206394F8420040280AD102
:105D3000002084F8420000BF84F8400000BF2046E5
:105D4000FDF7B0F809E0002084F8420000BF84F8B5
:105D5000400000BF2046FDF7A3F8F8BD00E800FEB4
:105D60000000FFFF10B50446002084F8420094F8BC
:105D70004100212813D1202084F841001120206304
:105D80000020606301212046FFF76FFD00BF002067
:105D900084F8400000BF2046FDF783F812E0202081
:105DA00084F8410012202063002060630221204615
:105DB000FFF75BFD00BF002084F8400000BF2046D5
:105DC000FDF76EF810BD00002DE9F0470446894646
:105DD0002068D0F800804E46E76A94F841502020B1
:105DE0002168C861212D01D0292D07D148F2010178
:105DF0002046FFF73AFD2120206314E0222D01D038
:105E00002A2D07D148F202012046FFF72EFD22205D
:105E1000206308E0282D06D148F203012046FFF751
:105E200024FD002020632068406840F40040216881
:105E30004860206840686049084021684860204602
:105E4000FFF79EFDC8F3803060B12068006820F441
:105E5000804021680860A06B98B1A06B0068406822
:105E600060850EE0C8F3C03058B12068006820F4A7
:105E7000004021680860E06B18B1E06B0068406882
:105E80006085C6F3800080B126F004062068406A71
:105E9000616A0870606A401C6062208D28B1208DA4
:105EA000401E2085608D401E6085608D18B1606C3D
:105EB00040F004006064C6F3001000B3C8F30010A3
:105EC000E8B1608D00BB94F84100282807D1B7F1F4
:105ED000007F04D131462046FFF778FE23E094F896
:105EE000410029280CD117F5803F09D010202168E6
:105EF000C8612046FFF744FD204600F061F812E03B
:105F000010202168C8610EE010202168C861606C13
:105F100040F00400606417B1B7F1807F03D1616C79
:105F20002046FFF7A9FD002084F842006063606C02
:105F300060B1616C2046FFF79FFD94F8410028286E
:105F400037D131462046FFF741FE32E0E06A10F5D6
:105F5000803F11D0204600F033F81848E06220203E
:105F600084F841000020206300BF84F8400000BF97
:105F70002046FCF77FFF1CE094F8410022280CD15A
:105F8000202084F841000020206300BF84F84000F6
:105F900000BF2046FCF7FEFF0BE0202084F8410004
:105FA0000020206300BF84F8400000BF2046FDF7BA
:105FB00017F8BDE8F087000000E800FE0000FFFFD2
:105FC00070B5044620680568002084F84200C5F3D7
:105FD000803030B12068006820F48040216808607B
:105FE00008E0C5F3C03028B12068006820F4004004
:105FF0002168086094F84100292811D1282084F8EC
:1060000041002120206301212046FFF72EFC00BF24
:10601000002084F8400000BF2046FCF7E1FF14E0B8
:1060200094F841002A2810D1282084F84100222029
:10603000206302212046FFF718FC00BF002084F8EF
:10604000400000BF2046FCF7A5FF70BD2DE9F843D6
:1060500004460D46164600BF94F84000012802D1C0
:106060000220BDE8F883012084F8400000BFC5F39A
:10607000001088B1C6F3001070B110202168C8610B
:10608000606C40F00400606420212046FFF724FC8F
:106090002046FFF775FC82E0C5F3C010002851D000
:1060A000C6F3801000284DD02068006820F0400022
:1060B00021680860608DA0B320684068C0F30908BB
:1060C000608DFF2804D9FF2020854FF0807709E0FC
:1060D000608D2085E06A10F5803F01D0E76A01E01D
:1060E0004FF000770020009094F828203B4641466E
:1060F000204600F0D9FA608D218D401A608594F811
:106100004100222806D12068006840F40040216840
:10611000086044E02068006840F48040216808601E
:106120003DE0FFE72068406800F00070B0F1007FBC
:1061300003D02046FFF716FE31E040212046FFF74E
:106140009BFC2CE0C5F38010F8B1C6F38010E0B1E1
:10615000608DA8B92068406800F00070B0F1007F41
:106160001DD0E06A10F5803F06D12068406840F4F9
:1061700080402168486012E02046FFF7F3FD0EE002
:1061800040212046FFF778FC09E0C5F3401030B10C
:10619000C6F3401018B129462046FFF74FFD00BF57
:1061A000002084F8400000BF00BF5AE7F8B504465D
:1061B0000D461646684F00BF94F84000012801D1F3
:1061C0000220F8BD012084F8400000BFC5F3001094
:1061D00088B1C6F3001070B110202168C861606CEE
:1061E00040F00400606420212046FFF775FB204644
:1061F000FFF7C6FBA8E0C5F3400048B1C6F3400076
:1062000030B1206D216888624FF0FF3020659BE03F
:10621000C5F3C010002847D0C6F38010002843D033
:1062200001212046FFF721FB10212046FFF754FBF8
:10623000608D98B3608DFF280DD9FF202085002048
:10624000009094F82820E06C81B24FF080732046D3
:1062500000F02AFA0CE0608D20850020009094F870
:106260002820E06C81B24FF00073204600F01CFA49
:10627000608D218D401A608594F84100222806D156
:106280002068006840F40040216808605CE02068F5
:10629000006840F480402168086055E0FFE7402135
:1062A0002046FFF7E9FB4FE0C5F38010D0B3C6F3FB
:1062B0008010B8B301212046FFF7D7FA10212046FD
:1062C000FFF70AFB94F84100222800D1234F608D8C
:1062D000FF280CD9FF202085009794F82820E06C37
:1062E00081B24FF08073204600F0DEF90BE0608D44
:1062F0002085009794F82820E06C81B24FF000735D
:10630000204600F0D1F9608D218D401A608594F807
:106310004100222807D12068006840F4004021682D
:10632000086011E006E02068006840F480402168C1
:10633000086009E0C5F3401030B1C6F3401018B151
:1063400029462046FFF77AFC00BF002084F8400071
:1063500000BF00BF35E7000000200080002400805F
:1063600070B5044600F066F9EA2000F04EFA01F03C
:10637000CCFB08B9002070BD204600F046FA002092
:1063800000F0C6FE00F056F9EB2000F03EFA01F0F6
:10639000BCFB08B90020EEE700F0F6F90546002046
:1063A00000F0B6FE00F063F92846E4E72DE9F04777
:1063B00004460F461546D4F82C804FF0000900BF64
:1063C00094F84000012802D10220BDE8F0870120A6
:1063D00084F8400000BFC7F3401038B1C5F3401047
:1063E00020B139462046FFF7EFFC77E0C7F30010F5
:1063F000002869D0C5F30010002865D0C5F38030AF
:1064000018B9C5F3C03000285AD0E06B40B1C5F3CD
:10641000C03028B1E06B0068406808B94FF001094E
:10642000A06B40B1C5F3803028B1A06B0068406814
:1064300008B94FF00109B9F1010F20D194F84100DA
:10644000282807D1B8F1007F04D139462046FFF74C
:10645000BDFB43E094F8410029280CD118F5803F9A
:1064600009D010202168C8612046FFF789FA20462C
:10647000FFF7A6FD32E010202168C8612EE0102051
:106480002168C861606C40F00400606494F8416069
:10649000B8F1000F02D0B8F1807F1FD1212E01D0BA
:1064A000292E02D12120206305E0222E01D02A2EA0
:1064B00001D122202063616C2046FFF7DDFA0DE058
:1064C00010202168C86109E0C7F3C00030B1C5F3EE
:1064D000C00018B139462046FFF766FA00BF002019
:1064E00084F8400000BF00BF6FE72DE9F04104468B
:1064F00088461646E56A474600BF94F840000128E2
:1065000002D10220BDE8F081012084F8400000BFE4
:10651000C7F3401038B1C6F3401020B139462046C9
:10652000FFF752FC7FE0C7F30010A8B3C6F30010DA
:1065300090B3608D00BB94F84100282807D1B5F1D5
:10654000007F04D139462046FFF740FB6BE094F80A
:10655000410029280CD115F5803F09D01020216871
:10656000C8612046FFF70CFA2046FFF729FD5AE0E4
:1065700010202168C86156E010202168C861606C55
:1065800040F00400606415B1B5F1807F4BD1616CBF
:106590002046FFF771FA46E0FFE7C7F38000D0B16D
:1065A000C6F38000B8B1608D60B12068406A616A4E
:1065B0000870606A401C6062208D401E2085608DDE
:1065C000401E6085608D30BB15F5803F2BD0204686
:1065D000FFF7F6FC27E0C7F3C00038B1C6F3C000F0
:1065E00020B139462046FFF7DFF91CE0C7F3400031
:1065F00088B1C6F3400070B1608D68B1606A007800
:1066000021688862606A401C6062608D401E6085FF
:10661000208D401E208506E0B5F1807F00D015B9A1
:106620002046FFF7CDFC00BF002084F8400000BFEB
:1066300000BF67E710B500F05BFF012240214FF07B
:106640009040FCF7A5FA0120FCF758F801228021C0
:106650004FF09040FCF79CFA02F030FC00228021C1
:106660004FF09040FCF794FA02F028FC10BD10B5F2
:1066700000F03EFF002280214FF09040FCF788FAA6
:106680000120FCF73BF8012240214FF09040FCF73D
:106690007FFA02F013FC012280214FF09040FCF7BA
:1066A00077FA02F00BFC10BDF0B5059CC1F30906AA
:1066B0004FF47F0707EA02473E431E43264326F076
:1066C0000045066876684FF4806707EA545767F01C
:1066D000FC2747F4C047BE432E4307687E60F0BDE9
:1066E00070B505460C46FFF7A5FFEA2000F08DF8CF
:1066F00001F00BFA08B9002070BD284600F085F8BB
:1067000001F003FA08B90020F6E7204600F07DF812
:1067100001F0FBF908B90020EEE7FFF7A8FF012020
:10672000EAE710B5044694F8410060280CD1202017
:1067300084F841000020206300BF84F8400000BFBF
:106740002046FCF79AFA08E00020206300BF84F896
:10675000400000BF2046FCF71FFB10BD10B500F045
:10676000C7FE012280214FF09040FCF711FA012072
:10677000FBF7C4FF012240214FF09040FCF708FADC
:106780000120FBF7BBFF10BD70B5002240214FF088
:106790009040FCF7FDF90120FBF7B0FF01228021BA
:1067A0004FF09040FCF7F4F900F08AFE0120FBF76F
:1067B000A5FF002525E0012240214FF09040FCF785
:1067C000E7F90120FBF79AFF80214FF09040FCF79A
:1067D000D7F910B144F0010401E004F0FE040120F7
:1067E000FBF78CFF002240214FF09040FCF7D0F9DE
:1067F0000120FBF783FF072D01DA6006040E681CF9
:10680000C5B2082DD7DB204670BD70B5044600F038
:106810006FFE00252BE0002240214FF09040FCF756
:10682000B7F90120FBF76AFF04F0800048B10122AC
:1068300080214FF09040FCF7ABF90120FBF75EFFA1
:1068400008E0002280214FF09040FCF7A1F90120E0
:10685000FBF754FF012240214FF09040FCF798F9DC
:106860000120FBF74BFF6006040E681CC5B2082D23
:10687000D1DB002240214FF09040FCF789F9012044
:10688000FBF73CFF012280214FF09040FCF780F99C
:106890000120FBF733FF70BD10B5012251031048F2
:1068A000FCF776F90120FAF786FC012291030C48E7
:1068B000FCF76EF90120FAF77EFC00224FF48041CC
:1068C0000748FCF765F90120FAF775FC00224FF440
:1068D00000510348FCF75CF90120FAF76CFC10BD8D
:1068E0000004004810B5012251030C48FCF750F990
:1068F0000120FAF760FC00224FF480410748FCF7C2
:1069000047F90120FAF757FC012291030348FCF7ED
:106910003FF90120FAF74FFC10BD000000040048C9
:1069200010B5012251030848FCF732F90120FAF7AB
:1069300042FC00224FF400510348FCF729F90120E2
:10694000FAF739FC10BD0000000400488168024AD3
:106950001140491C81607047C0FFFF7F0146886875
:1069600000F01F007047024602F1600000EB810357
:10697000186800F0F840704701468868C0F3C0000E
:1069800070470146886800F001007047014688683A
:10699000C0F30070704701468868C0F380007047FC
:1069A0000146C86800F4406008B901207047002023
:1069B000FCE700008168024A1140091D81607047B0
:1069C000C0FFFF7F70B500F11404C1F3406504EB14
:1069D00085031C68C1F304560725B540AC43C1F3D9
:1069E000045502FA05F52C431C6070BD826822F044
:1069F000E0720A438260704710B500F1600404EB56
:106A000081031C6824F0004414431C6010BD4269DB
:106A100022F000420A4342617047000000B589B08D
:106A2000202101A8F9F767FF1D481E4908604FF4AF
:106A30004030486000211B488160C16001614161B4
:106A40000421816100210177417701210162002148
:106A500080F824104FF49461C1624FF480610163A7
:106A6000002180F83810C16380F84010FBF7D0F89F
:106A700008B1FAF7B3FB0C48019006200290002001
:106A800003907F200490042005900020069001A927
:106A90000448FAF789FC08B1FAF7A0FB09B000BD79
:106AA00000010050D80000200200300400B58DB075
:106AB000302101A8F9F71FFF104811490860084666
:106AC000FBF7FEFB08B1FAF789FB022001900020DA
:106AD0008DF808008DF80900039004900590069049
:106AE0000120079000200890002201A90448FBF72C
:106AF000B7FA08B1FAF772FB0DB000BD00080050FC
:106B0000A401002008B500BF1548806C40F00400C7
:106B1000134988640846806C00F00400009000BFB0
:106B200000BF00BF0846806C40F001008864084642
:106B3000806C00F00100009000BF00BF00221146F1
:106B40000B20FCF7E1FB0B20FCF7CAFB00221146EF
:106B50000C20FCF7D9FB0C20FCF7C2FB08BD0000A1
:106B60000010024000B587B0142102A8F9F7C3FE57
:106B700000BF3B48C06C40F001003949C86408467A
:106B8000C06C00F00100019000BF00BF00BF0846CC
:106B9000C06C40F00200C8640846C06C00F00200FF
:106BA000019000BF00BF0022C0214FF09040FBF7D2
:106BB000EFFF00224FF4D0412A48FBF7E9FF2020E5
:106BC000029000200390049002A94FF09040FBF740
:106BD000F1FEC02002900120039000200490059057
:106BE00002A94FF09040FBF7E5FE4FF4D040029031
:106BF0000120039000200490059002A91948FBF79A
:106C0000D9FE4FF4807002904FF44410039002209C
:106C1000049002A91348FBF7CDFE00BF1048006E98
:106C200040F001000E4908660846006E00F00100C1
:106C3000019000BF00BF0C48006920F007010A481E
:106C40000161006940F00101074801610022012152
:106C50001720FCF759FB1720FCF742FB07B000BDDB
:106C600000100240000400480000014010B5124826
:106C700012490860124848600621104881600121CD
:106C8000C1600021016141618161C1610162FCF764
:106C900085F808B1FAF7A2FA00210848FBF784FF4B
:106CA00008B1FAF79BFA00210448FBF7B2FF08B1DC
:106CB000FAF794FA10BD000000780040B8010020F7
:106CC000FFEDC02000B597B00020149015901690ED
:106CD0001C210DA8F9F70FFE34216846F9F70BFEC9
:106CE0002348244908600020486000212148816031
:106CF0000421C1600021016141618161FDF7CBFE8A
:106D000008B1FAF76BFA00201490169014A91948EC
:106D1000FDF756FA08B1FAF761FA60200D900520E8
:106D20000E9000200F90109011901290139000225E
:106D30000DA91048FDF7F7FD08B1FAF74FFA00204A
:106D4000009001900290039004904FF40050059041
:106D5000002006900C9069460648FDF7C9F908B175
:106D6000FAF73CFA0348FDF727FD17B000BD000015
:106D7000004001403C03002000B59BB0002017906C
:106D8000189019901A901490159016901C210DA827
:106D9000F9F7B1FD34216846F9F7ADFD36483749BA
:106DA00008604A20486000213448816034480078F7
:106DB00040F27D2110FB01F00121C1EB80012F4841
:106DC000C1600021016141618161FDF756FA08B19E
:106DD000FAF704FA4FF48050179017A92748FDF7E7
:106DE0003FFB08B1FAF7FAF92448FDF754FE08B161
:106DF000FAF7F4F9002014901590169014A91F4882
:106E0000FDF7DEF908B1FAF7E9F960200D901C48AA
:106E10000078801C40000E9002200F9000201090FF
:106E20001190129013900C220DA91448FDF77BFDD0
:106E300008B1FAF7D3F90020009001900290039076
:106E400004904FF4005005900020069007900890A1
:106E50004FF00070099000200A900B900C9069464A
:106E60000648FDF745F908B1FAF7B8F90348FDF708
:106E7000A3FC1BB000BD0000002C01400C02002050
:106E80003400002000B58FB000200B900C900D90C6
:106E90000E90089009900A901C2101A8F9F72BFD8B
:106EA0004FF08040264908604A204860002124486D
:106EB000816024490978480000EBD0714910491ECF
:106EC0001F4AD1600021104601618161FDF7D5F9AB
:106ED00008B1FAF783F94FF480500B900BA91848CA
:106EE000FDF7BEFA08B1FAF779F91548FDF7D3FDB9
:106EF00008B1FAF773F9002008900A9008A9104821
:106F0000FDF75EF908B1FAF769F9602001900D49C3
:106F100009784800C11700EB917189100291002097
:106F200003900590042201A90548FDF7FCFC08B177
:106F3000FAF754F90248FDF73FFC0FB000BD00001E
:106F4000580200203400002000B58FB000200B90C4
:106F50000C900D900E90089009900A901C2101A8A9
:106F6000F9F7C9FC24482549086000204860002141
:106F7000224881604A21C160002101618161FDF7E1
:106F80007CF908B1FAF72AF94FF480500B900BA95D
:106F90001A48FDF765FA08B1FAF720F91748FDF726
:106FA0007AFD08B1FAF71AF9002008900A9008A9AA
:106FB0001248FDF705F908B1FAF710F960200190C1
:106FC000252002900020039004200590082201A9AA
:106FD0000A48FDF7A8FC08B1FAF700F9074800686D
:106FE000C06920F0080005490968C8610348FDF739
:106FF000E3FB0FB000BD000000040040A40200202D
:1070000000B58FB000200B900C900D900E90089062
:1070100009900A901C2101A8F9F76DFC1F4820492E
:1070200008600020486000211D4881604A21C1603D
:10703000002101618161FDF720F908B1FAF7CEF86E
:107040004FF480500B900BA91548FDF709FA08B1D1
:10705000FAF7C4F81248FDF71EFD08B1FAF7BEF8BA
:10706000002008900A9008A90D48FDF7A9F808B17A
:10707000FAF7B4F8602001902520029000200390D8
:1070800005900C2201A90648FDF74DFC08B1FAF75E
:10709000A5F80348FDF790FB0FB000BD00080040C5
:1070A000F002002010B517481749086017484860DB
:1070B000002115488160C16001610C2141610021FE
:1070C0008161C1610162416200200F498862084606
:1070D000FEF790F908B1FAF781F800210A48FDF7A8
:1070E00085FF08B1FAF77AF800210748FDF74FFF4E
:1070F00008B1FAF773F80448FDF720FF08B1FAF772
:107100006DF810BD003801408803002020A1070061
:1071100010B5044600F0ECF9002240214FF09040F9
:10712000FBF736FD0120FBF7E9FA34B1002280219C
:107130004FF09040FBF72CFD05E0012280214FF03D
:107140009040FBF725FD0120FBF7D8FA01224021F2
:107150004FF09040FBF71CFD01F0B0FE00224021F3
:107160004FF09040FBF714FD0120FBF7C7FA012216
:1071700080214FF09040FBF70BFD0120FBF7BEFA9A
:1071800010BD00BFFEE700BFFEE770B5002418E0A9
:1071900004F1B000002100F045F90021084600F09C
:1071A00041F90021102000F03DF9002505E0012102
:1071B000002000F037F9681CC5B2802DF7DB601C99
:1071C000C4B2082CE4DB70BD10B50021AE2000F085
:1071D00029F90021402000F025F90021B02000F01D
:1071E00021F90021C82000F01DF90021812000F0C4
:1071F00019F90021FF2000F015F90021A12000F06D
:1072000011F90021A62000F00DF90021A82000F0BE
:1072100009F900211F2000F005F90021D32000F01A
:1072200001F90021084600F0FDF80021D52000F00A
:10723000F9F80021F02000F0F5F80021D92000F045
:10724000F1F80021222000F0EDF80021DA2000F012
:10725000E9F80021022000F0E5F80021DB2000F031
:10726000E1F80021492000F0DDF800218D2000F038
:10727000D9F80021142000F0D5F80021AF2000F04B
:10728000D1F8FFF782FF10BD70B504460D4605F139
:10729000B000002100F0C6F8102141EA14100021CE
:1072A00000F0C0F804F00F00002100F0BBF870BD42
:1072B0002DE9F04780460E4691461F46DDF820A096
:1072C00000250024A9F12000C5B2B8F17F0F02DD2E
:1072D000A046B01CC6B2BAF1000F39D1102F24D18C
:1072E00031464046FFF7D0FF002408E004EB0511CB
:1072F000374A505C012100F0A1F8601CC4B2082C90
:10730000F4DB701CC1B24046FFF7BEFF002409E069
:1073100004EB051108312E4A505C012100F08EF873
:10732000601CC4B2082CF3DB12E031464046FFF784
:10733000ABFF00240AE005EB4501264A02EB4101C0
:10734000085D012100F07AF8601CC4B2062CF2DB63
:10735000BAF1000F39D0102F24D131464046FFF743
:1073600093FF002408E004EB0511194A505C012149
:1073700000F058F8601CC4B2082CF4DB701CC1B2D9
:107380004046FFF781FF002409E004EB05110831B6
:107390000F4A505C012100F045F8601CC4B2082C73
:1073A000F3DB12E031464046FFF76EFF00240AE0AF
:1073B00005EB4501074A02EB4101085D012100F0A0
:1073C00031F8601CC4B2062CF2DBBDE8F087000087
:1073D0009E9A0008769800082DE9F84304468846EE
:1073E00015461E46DDF82090002716E0CDF80090E7
:1073F000EA5D334641462046FFF75AFF304606EB2A
:10740000D07104EB6101CCB2782C04DD002408F1CA
:10741000020000F0FF08781CC7B2E85D0028E5D143
:10742000BDE8F88370B504460D461DB1E0B201F029
:10743000B1FB02E0E0B201F097FB70BD70B504460D
:107440000D46E4431DB1E0B201F0A4FB02E0E0B25E
:1074500001F08AFB70BD704770B5164DED6805F000
:107460000304144DED68C5F303156B1C022C0CD0FE
:10747000032C09D1104DB5FBF3F50E4EF668C6F39B
:10748000062605FB06F10AE000BF0C4DB5FBF3F53F
:10749000084EF668C6F3062605FB06F100BF00BFDE
:1074A000044DED68C5F341656D1C6A00B1FBF2F057
:1074B00070BD00000010024000127A000024F400A9
:1074C00000B585B014216846F9F715FA80200090C0
:1074D000002001900120029069464FF09040FBF798
:1074E00069FA00200149086005B000BD00000020D5
:1074F00000B585B014216846F9F7FDF980200090A9
:1075000011200190012002900020039069464FF065
:107510009040FBF74FFA01200149086005B000BD1B
:1075200000000020704710B5FBF770FE10BD00B5DD
:1075300093B0382105A8F9F7DEF914216846F9F768
:10754000DAF94FF40070FBF731FF02200590C0011B
:1075500008904020099002200C9002210D910421F6
:107560000E914B210F91022110911191129105A8BA
:10757000FCF7F2FA08B1F9F731FE0F200090032072
:107580000190002002900390049004216846FCF7CB
:107590005BF908B1F9F722FE13B000BD034800689B
:1075A00040F47000014908607047000088ED00E079
:1075B00010B50348FCF7EFFF0248FCF7ECFF10BDE5
:1075C0000C0200203C03002010B50248FCF7E3FF4A
:1075D00010BD00000C02002010B50248FCF7DBFFD4
:1075E00010BD00000C02002010B50248FCF7D3FFCC
:1075F00010BD00000C02002010B502682A4B984212
:107600000BD0B0F1804F08D0284B984205D0284BC2
:10761000984202D0274B984203D122F070024B6867
:107620001A43214B984214D0B0F1804F11D01F4B18
:1076300098420ED01E4B98420BD01E4B984208D059
:107640001D4B984205D01D4B984202D01C4B9842CE
:1076500003D122F44072CB681A4322F080034C69B4
:1076600043EA040202608B68C3620B6883620E4BBC
:1076700098420BD00F4B984208D00F4B984205D040
:107680000E4B984202D00E4B984201D10B69036316
:1076900001234361036903F001031BB1036923F074
:1076A0000103036110BD0000002C014000040040F4
:1076B0000008004000340140004001400044014007
:1076C0000048014030B501F01F05012404FA05F31C
:1076D000046A9C430462046A01F01F0502FA05F57E
:1076E0002C43046230BD30B50C46816821F47F41E3
:1076F00042EA032525432943816030BD0A4681685B
:10770000034B194042F007031943816070470000A2
:107710008FFFCFFF30B5026A056A25F001050562CB
:1077200043688469204D2C4024F003040D682C43E9
:1077300022F002028D682A431C4DA84200D10FE0BE
:107740001B4DA84200D10BE01A4DA84200D107E022
:10775000194DA84200D103E0184DA84206D100BF40
:1077600022F00802CD682A4322F004020F4DA842FD
:107770000BD00F4DA84208D00E4DA84205D00E4D9B
:10778000A84202D00D4DA84207D123F4807323F400
:1077900000734D692B438D692B43436084614D68B1
:1077A0004563026230BD00008FFFFEFF002C0140E8
:1077B00000340140004001400044014000480140C5
:1077C00030B5026A056A25F01005056243688469D0
:1077D000224D2C4024F440740D6844EA052422F024
:1077E00020028D6842EA05121D4DA84200D10FE02B
:1077F0001C4DA84200D10BE01B4DA84200D100BF98
:107800001A4DA84200D100BF194DA84207D106E089
:1078100022F08002CD6842EA051222F04002104DAB
:10782000A8420BD00F4DA84208D00F4DA84205D05A
:107830000E4DA84202D00E4DA84209D123F4806318
:1078400023F400634D6943EA85038D6943EA8503A8
:10785000436084614D688563026230BDFF8FFFFE27
:10786000002C014000340140004001400044014030
:107870000048014030B5026A056A25F4807505624A
:107880004368C469224D2C4024F003040D682C4346
:1078900022F400728D6842EA05221E4DA84200D1F2
:1078A0000FE01D4DA84200D10BE01C4DA84200D1B5
:1078B00000BF1B4DA84200D100BF1A4DA84207D1FE
:1078C00006E022F40062CD6842EA052222F48062DA
:1078D000104DA8420BD0104DA84208D00F4DA84221
:1078E00005D00F4DA84202D00E4DA84209D123F475
:1078F000805323F400534D6943EA05138D6943EA2D
:1079000005134360C4614D68C563026230BD000069
:107910008FFFFEFF002C0140003401400040014079
:10792000004401400048014030B5026A056A25F470
:10793000805505624368C469224D2C4024F440748C
:107940000D6844EA052422F400528D6842EA0532AB
:107950001D4DA84200D10FE01C4DA84200D10BE004
:107960001B4DA84200D100BF1A4DA84200D100BF54
:10797000194DA84207D106E022F40042CD6842EA40
:10798000053222F48042104DA8420BD00F4DA84280
:1079900008D00F4DA84205D00E4DA84202D00E4D82
:1079A000A84209D123F4804323F400434D6943EAFC
:1079B00085138D6943EA85134360C4614D6805648E
:1079C000026230BDFF8FFFFE002C014000340140F9
:1079D00000400140004401400048014030B5026AC7
:1079E000056A25F4803505624368046D114D2C400D
:1079F0000D682C4322F400320D8942EA05420E4DF7
:107A0000A8420BD00D4DA84208D00D4DA84205D07C
:107A10000C4DA84202D00C4DA84204D123F480336F
:107A20004D6943EA0523436004654D68856402623D
:107A300030BD00008FFFFEFF002C014000340140EC
:107A400000400140004401400048014030B5026A56
:107A5000056A25F4801505624368046D114D2C40BC
:107A60000D6844EA052422F400120D8942EA055209
:107A70000D4DA8420BD00D4DA84208D00C4DA84288
:107A800005D00C4DA84202D00B4DA84204D123F4DE
:107A900080234D6943EA8523436004654D68C564CE
:107AA000026230BDFF8FFFFE002C01400034014018
:107AB00000400140004401400048014030B50B4601
:107AC0001446026A056A25F001050562816921F004
:107AD000F00141EA041122F00A021A4381610262B4
:107AE00030BD30B50B461446026A056A25F0100514
:107AF0000562816921F4704141EA043122F0A0025B
:107B000042EA03128161026230BD10B501224021B8
:107B10004FF09040FBF73CF801F0D0F9FFF7D0FCB4
:107B200080214FF09040FBF72BF850B1002240210C
:107B30004FF09040FBF72CF80120FAF7DFFD002012
:107B400010BD002240214FF09040FBF721F80120AA
:107B5000FAF7D4FD0120F3E770B5456E2DB9012584
:107B6000A0F86A50A0F868501CE0082308240568B3
:107B7000AD68C5F342610568AD686A0F0A4DAD5C3A
:107B800015FB04F5094EB65C95FBF6F5A0F86A50B6
:107B9000054D6D5C15FB03F5044E765C95FBF6F523
:107BA000A0F8685070BD00001CA2000824A20008C4
:107BB00090F8281001F00801082907D101684968E8
:107BC00021F40041826B11430268516090F8281043
:107BD00001F0010139B10168496821F40031C26A3C
:107BE00011430268516090F8281001F00201022947
:107BF00007D10168496821F48031026B11430268A2
:107C0000516090F8281001F00401042907D101689F
:107C1000496821F48021426B11430268516090F859
:107C2000281001F01001102907D10168896821F49A
:107C30008051C26B11430268916090F8281001F0E6
:107C40002001202907D10168896821F40051026CC4
:107C500011430268916090F8281001F0400140291A
:107C600013D10168496821F48011426C1143026804
:107C70005160416CB1F5801F07D10168496821F45A
:107C8000C001826C11430268516090F8281001F025
:107C90008001802907D10168496821F40021C26C64
:107CA000114302685160704738B504460020C4F89B
:107CB0009000FAF773FF05462068006800F008009E
:107CC000082821D16FF07E402B4600224FF400118E
:107CD0000090204600F0A6FEB0B100BF00BF2168B2
:107CE00051E8001F21F08000226842E800010029CD
:107CF000F5D100BF2020C4F8880000BF002084F820
:107D0000840000BF032038BD2068006800F0040034
:107D1000042830D16FF07E402B4600224FF48001C2
:107D20000090204600F07EFE28B300BF00BF21680F
:107D300051E8001F21F49070226842E800010029F8
:107D4000F5D100BF00BF00BF2168083151E8001F16
:107D500021F001002168083141E80002002AF3D136
:107D600000BF2020C4F88C0000BF002084F88400ED
:107D700000BF0320C7E72020C4F88800C4F88C00A7
:107D80000020E066206700BF84F8840000BF00BFC9
:107D9000B9E770B50546AC6A0020A4F85E00A4F807
:107DA00056002046FDF753F970BD2DE9F041054618
:107DB000AC6AD4F88860D4F88C702068806800F0D1
:107DC0008000802807D1212E05D10020A4F856007C
:107DD000204600F099F82068806800F040004028B4
:107DE00007D1222F05D10020A4F85E00204600F024
:107DF0003DF8D4F8900040F01000C4F89000204600
:107E0000FDF725F9BDE8F08170B50546AC6A286834
:107E1000006800F02000F0B90020A4F8560000BF70
:107E200000BF2168083151E8001F21F0800021685F
:107E3000083141E80002002AF3D100BF00BF00BFB3
:107E4000216851E8001F41F04000226842E800012B
:107E50000029F5D102E02046FDF7BCFC70BD70B5ED
:107E60000446A56A2846FDF7DBFC70BD00BF00BFD5
:107E7000026852E8002F22F49071036843E8001270
:107E8000002AF5D100BF00BF00BF0268083252E8E7
:107E9000002F104B02EA03010268083242E8001387
:107EA000002BF2D100BFC16E01290CD100BF00BF71
:107EB000026852E8002F22F01001036843E8001224
:107EC000002AF5D100BF2021C0F88C100021C16626
:107ED00041677047FEFFFFEF10B5044600BF00BFCB
:107EE000216851E8001F21F04000226842E80001AB
:107EF0000029F5D100BF2020C4F888000020A06729
:107F00002046FDF767FC10BD00BF00BF026852E8C5
:107F1000002F22F0C001036843E80012002AF5D1C7
:107F200000BF00BF00BF0268083252E8002F22F4F1
:107F300000010268083242E80013002BF3D100BFB1
:107F40002021C0F8881070472DE9F0410446B4F8AC
:107F50006070D4F88C0022286ED12068406A86B206
:107F6000A56D06EA07002880A06D801CA065B4F806
:107F70005E00401EA4F85E00B4F85E00002861D1E7
:107F800000BF00BF216851E8001F21F490702268F3
:107F900042E800010029F5D100BF00BF00BF216801
:107FA000083151E8001F21F001002168083141E843
:107FB0000002002AF3D100BF2020C4F88C0000206A
:107FC0006067206720492068884211D02068406897
:107FD00000F4000060B100BF00BF216851E8001F3D
:107FE00021F08060226842E800010029F5D100BF3D
:107FF000E06E01281CD10020E06600BF00BF2168B0
:1080000051E8001F21F01000226842E80001002919
:10801000F5D100BF2068C069C0F3001010B1102076
:1080200021680862B4F85C102046FCF7AEFF09E056
:108030002046FDF7B9FA05E02068806940F00800A5
:1080400021688861BDE8F081008000402DE9F84F8B
:108050000446B4F860B02068C569206800680090E4
:108060002068D0F808A0D4F88C0022287ED1B4F87B
:108070006890ADE02068406A1FFA80F8A76D08EAB2
:108080000B003880A06D801CA065B4F85E00401E17
:10809000A4F85E002068C56905F00700B0B305F0DC
:1080A000010060B1009800F4807040B101202168A7
:1080B0000862D4F8900040F00100C4F8900005F088
:1080C000020058B10AF0010040B1022021680862A4
:1080D000D4F8900040F00400C4F8900005F00400CB
:1080E00058B10AF0010040B1042021680862D4F8B8
:1080F000900040F00200C4F89000D4F8900028B13D
:108100002046FCF7A4FF0020C4F89000B4F85E00FD
:1081100000285DD100BF00BF216851E8001F21F495
:108120008070226842E800010029F5D100BF00BF3D
:1081300000BF2168083151E8001F404A01EA0200EF
:108140002168083141E80002002AF2D100BF202056
:10815000C4F88C0000206067206739492068884295
:1081600013D02068406800F4000000E05DE060B1DA
:1081700000BF00BF216851E8001F21F08060226825
:1081800042E800010029F5D100BFE06E01281CD1B2
:108190000020E06600BF00BF216851E8001F21F009
:1081A0001000226842E800010029F5D100BF2068D4
:1081B000C069C0F3001010B1102021680862B4F843
:1081C0005C102046FCF7E1FE02E02046FDF7ECF9EA
:1081D000B9F1000F04D005F0200000287FF44AAF69
:1081E000B4F85E6006B3B4F86800B04223DD00BFA7
:1081F00000BF2168083151E8001F21F0805021683C
:10820000083141E80002002AF3D100BF0D48606741
:1082100000BF00BF216851E8001F41F02000226824
:1082200042E800010029F5D105E02068806940F0AE
:10823000080021688861BDE8F88F0000FEFFFFEFAD
:1082400000800040497F000870B50446B4F86060C3
:10825000D4F88C0022286FD12068406A85B2F0B231
:108260002840A16D0870A06D401CA065B4F85E00A8
:10827000401EA4F85E00B4F85E00002862D100BF82
:1082800000BF216851E8001F21F49070226842E885
:1082900000010029F5D100BF00BF00BF21680831EF
:1082A00051E8001F21F001002168083141E8000277
:1082B000002AF3D100BF2020C4F88C0000206067A2
:1082C000206721492068884211D02068406800F466
:1082D000000060B100BF00BF216851E8001F21F01D
:1082E0008060226842E800010029F5D100BFE06EFD
:1082F00001281CD10020E06600BF00BF216851E8C2
:10830000001F21F01000226842E800010029F5D189
:1083100000BF2068C069C0F3001010B110202168B0
:108320000862B4F85C102046FCF72FFE0AE02046F5
:10833000FDF73AF906E0FFE72068806940F00800A1
:108340002168886170BD0000008000402DE9F05F69
:108350000446B4F860A02068C5692068D0F800B071
:108360002068D0F80890D4F88C0022287ED1B4F888
:108370006880ACE02068406A87B20AF0FF003840AD
:10838000A16D0870A06D401CA065B4F85E00401E91
:10839000A4F85E002068C56905F00700A8B305F0E1
:1083A000010058B10BF4807040B1012021680862CF
:1083B000D4F8900040F00100C4F8900005F00200ED
:1083C00058B109F0010040B1022021680862D4F8D8
:1083D000900040F00400C4F8900005F0040058B18B
:1083E00009F0010040B1042021680862D4F890002F
:1083F00040F00200C4F89000D4F8900028B1204664
:10840000FCF725FE0020C4F89000B4F85E000028B8
:108410005DD100BF00BF216851E8001F21F48070CA
:10842000226842E800010029F5D100BF00BF00BF6B
:108430002168083151E8001F3F4A01EA0200216823
:10844000083141E80002002AF2D100BF2020C4F820
:108450008C0000206067206738492068884213D06C
:108460002068406800F4000070B100E05CE000BFEC
:1084700000BF216851E8001F21F08060226842E8B7
:1084800000010029F5D100BFE06E01281CD10020B9
:10849000E06600BF00BF216851E8001F21F0100016
:1084A000226842E800010029F5D100BF2068C069B8
:1084B000C0F3001010B1102021680862B4F85C10FD
:1084C0002046FCF762FD02E02046FDF76DF8B8F1AA
:1084D000000F04D005F0200000287FF44BAFB4F863
:1084E0005E6006B3B4F86800B04223DD00BF00BF91
:1084F0002168083151E8001F21F0805021680831BF
:1085000041E80002002AF3D100BF0D48606700BFB8
:1085100000BF216851E8001F41F02000226842E8B6
:1085200000010029F5D105E02068806940F00800CD
:1085300021688861BDE8F09FFEFFFFEF00800040EA
:10854000498200082DE9FE4F044600200290D449DC
:108550002068884200D100E000BF2169A06808437C
:1085600061690843E16940EA010820680068CD4973
:10857000084040EA0800216808602068406820F44C
:108580004050E168084321684860D4F81880C44925
:108590002068884202D0206A40EA08082068806883
:1085A000C149084040EA0800216888602068C06A24
:1085B00020F00F00616A08432168C86200BFBB4910
:1085C0002068884216D1BA48006800F0030030B134
:1085D000012808D0022804D0032808D105E001258D
:1085E00007E0022505E0042503E0082501E0102549
:1085F00000BF6FE0AF492068884216D1AC480068E0
:1086000000F00C0030B1042808D0082804D00C2851
:1086100008D105E0002507E0022505E0042503E078
:10862000082501E0102500BF54E0A34920688842D6
:1086300016D19F48006800F0300030B1102808D0F3
:10864000202804D0302808D105E0002507E00225C5
:1086500005E0042503E0082501E0102500BF39E00E
:1086600096492068884216D19148006800F0C00001
:1086700030B1402808D0802804D0C02808D105E0B7
:10868000002507E0022505E0042503E0082501E0B8
:10869000102500BF1EE082492068884219D1844815
:1086A000006800F4406048B1B0F5806F0AD0B0F5C2
:1086B000006F05D0B0F5406F08D105E0002507E058
:1086C000022505E0042503E0082501E0102500BF90
:1086D00000E0102500BF72492068884259D135B1A9
:1086E000022D08D0042D08D0082D0DD109E0FBF78C
:1086F000C3F906460CE0724E0AE0FBF7E1F90646C4
:1087000006E04FF4004603E000260120029000BF7F
:1087100000BF002E10D06B49606A31F81000B6FB24
:10872000F0F9606800EB4000484503D8606800033A
:10873000484502D201200290A6E06249606A31F801
:1087400010C06246002330461946F7F7C3FD4FF4C8
:10875000807C0022A0FB0C3B01FB0CB100FB021152
:108760006068400818185141CDE90001D4F804C0F0
:1087700062460023F7F7AEFD0746B7F5407F05D305
:10878000B7F5801F02D22068C7607DE0012002900B
:108790007AE0E069B0F5004F3FD1092D17D2DFE84C
:1087A00005F005090D160F1616161300FBF764F9F0
:1087B000064610E0FBF772F906460CE0404E0AE070
:1087C000FBF77EF9064606E04FF4004603E000267C
:1087D0000120029000BF00BF86B33A49606A31F8B9
:1087E0001000B6FBF0F04000616800EB5100B0FBF8
:1087F000F1F7102F0ED3B7F5803F0BD24FF6F07084
:1088000007EA000AC7F342004AEA000A2068C0F8F3
:108810000CA039E00120029036E0092D18D2DFE8E3
:1088200005F005090E17101717171400FBF724F9A8
:10883000064611E0FBF732F906460DE024E0204E33
:108840000AE0FBF73DF9064606E04FF4004603E078
:1088500000260120029000BF00BFAEB11949606A36
:1088600031F81000B6FBF0F0616800EB5100B0FB8E
:10887000F1F7102F06D3B7F5803F03D2B8B22168C5
:10888000C86001E0012002900120A4F86A00A4F869
:10889000680000206067A0670298BDE8FE8F0000B6
:1088A00000800040F369FFCFFFF4FF110038014062
:1088B000881002400044004000480040004C004046
:1088C0000024F40004A2000830B503469965A3F81B
:1088D0005C20A3F85E200020586700BF9868B0F5C0
:1088E000805F0AD1186920B940F2FF10A3F8600038
:1088F00020E0FF20A3F860001CE0986848B91869E0
:1089000018B9FF20A3F8600014E07F20A3F86000EE
:1089100010E09868B0F1805F09D1186918B97F201C
:10892000A3F8600006E03F20A3F8600002E000200A
:10893000A3F8600000BF0020C3F890002220C3F815
:108940008C0000BF00BF1C68083454E8004F44F09E
:1089500001001C68083444E80005002DF3D100BF75
:10896000586EB0F1005F2CD1B3F86800904228DC5B
:108970009868B0F5805F04D1186910B92548586728
:1089800001E025485867186960B100BF00BF1C6846
:1089900054E8004F44F480701D6845E80004002C42
:1089A000F5D100BF00BF00BF1C68083454E8004F79
:1089B00044F080501C68083444E80005002DF3D1D1
:1089C00026E09868B0F5805F04D1186910B91348A3
:1089D000586701E012485867186960B100BF00BFCE
:1089E0001C6854E8004F44F490701D6845E800048A
:1089F000002CF5D10CE000BF00BF1C6854E8004F0C
:108A000044F020001D6845E80004002CF5D100BFAB
:108A1000002030BD4D8000084D830008497F0008CC
:108A2000498200082DE9F04104460D461746984654
:108A3000069E41E0701C00283ED0FAF7AFF8A0EB8C
:108A40000800B04200D816B90320BDE8F0812068C4
:108A5000006800F0040070B3802D2DD0402D2BD085
:108A60002068C069C0F3C00078B10820216808629E
:108A70002046FFF7FBF90820C4F8900000BF002053
:108A800084F8840000BF0120DFE72068C069C0F3DC
:108A9000C02080B14FF40060216808622046FFF7D3
:108AA000E5F92020C4F8900000BF002084F884007D
:108AB00000BF0320C9E7FFE72068C0692840A8423B
:108AC00001D1012000E00020B842B3D00020BCE773
:108AD00010B50248FCF7BCFA10BD00008803002066
:108AE00000BFFEE72DE9F04105462C4600224FF479
:108AF00000511C48FAF74CF80120F8F75CFB0026FF
:108B00002BE0274607F08007802F08D10122910330
:108B10001448FAF73DF80120F8F74DFB05E0002274
:108B20004FF480410F48FAF733F80120F8F743FB80
:108B30006006040E012251030A48FAF729F80120C1
:108B4000F8F739FB00224FF400510648FAF720F8F5
:108B50000120F8F730FB701CC6B2082ED1DBBDE84F
:108B6000F08100000004004810B50446FDF794FEB3
:108B70007820FFF7B7FFFDF7D3FE0020FFF7B2FF25
:108B8000FDF7CEFE2046FFF7ADFFFDF7C9FEFDF76E
:108B9000A9FE10BD10B50446FDF77EFE7820FFF754
:108BA000A1FFFDF7BDFE4020FFF79CFFFDF7B8FEDB
:108BB0002046FFF797FFFDF7B3FEFDF793FE10BDCC
:108BC00002480068C0F30220704700000CED00E08E
:108BD00010B5002804DB0A07130E054A135406E0FB
:108BE0000A07140E034A00F00F031B1FD45410BDD4
:108BF00000E400E018ED00E030380A2801D201203E
:108C00007047002070470000F0B5024600209F4FDB
:108C100038609F4F38609F4F38609F4F38609F4F3C
:108C200038609F4F38609F4F38609F4F3860642096
:108C30009E4F386000209E4F3860002100230025A1
:108C4000002640F6C4144FF4FA7109E032F811001E
:108C500040F69807B84202DC8E48016004E0491CE7
:108C600040F6CA008142F1DB00BF40F6FC0109E09A
:108C700032F8110040F69807B84202DC86480160DD
:108C800002E0491E0029F3DC00BF8248016812E0BF
:108C900032F81100854F3F68B84205DD32F8110007
:108CA000824F38608248016032F81100A04201DA38
:108CB00032F81140491C784800688142E8DB754869
:108CC00001680AE032F8117078480068323887424B
:108CD00002DD7248016004E0491C75480068814269
:108CE000F0DB00BF724801680AE032F811706F488B
:108CF00000683238874202DA6948016004E0491CA2
:108D0000654800688142F0DB00BF40F28A2084425F
:108D100001DAC82400E06424604801684EE00020C5
:108D2000644F3860644F38608B1D0BE032F813706D
:108D3000581E32F81000381A5E4F3F6838445D4FB5
:108D400038605B1E8B42F1DC0B460BE032F813708F
:108D5000581E32F81000381A574F3F683844564FA3
:108D600038605B1E881F9842F0DB5348006800287B
:108D70000EDC50480068A0420ADD32F81170481E2F
:108D800032F81000381A0A2802DA4648016019E061
:108D90004948006888B14748006800EB80004000FF
:108DA000454F3F6890FBF7F01E2806DB41480068FE
:108DB000A04202DD3B48016004E0491E35480068DE
:108DC0008142ACDC00BF364801684EE00020394FDC
:108DD0003860394F38608B1F0BE032F81370581C25
:108DE00032F81000381A334F3F683844314F38603A
:108DF0005B1C8B42F1DB0B460BE032F81370581C06
:108E000032F81000381A2C4F3F6838442A4F386027
:108E10005B1C881D8342F0DB2748006800280EDCBD
:108E200024480068A0420ADD32F81170481C32F86C
:108E30001000381A0A2802DA1B48016019E01E489F
:108E4000006888B11B48006800EB800040001A4FA2
:108E50003F6890FBF7F0142806DB16480068A04234
:108E600002DD1148016004E0491C0B4800688142A2
:108E7000ACDB00BF0B48006810B900200A4F386017
:108E800009480068074F3F68C01BF0BD4400002040
:108E9000480000204C000020500000205800002016
:108EA0005C000020600000206400002068000020BA
:108EB0006C000020780000207C00002010B501200C
:108EC000F9F71CFC10BD000005480168080C0004FF
:108ED000044A904201D1C8B270470820FCE7000064
:108EE00000F8010800005AA570B586B00446F9F7ED
:108EF00009FD0020029003900490059001900290DB
:108F0000012003903F2004900120059001A902A8B0
:108F1000F9F708FC064944EA010500262A463346CB
:108F200004490020F9F78EFCF9F77CFC06B070BD0F
:108F300000005AA500F8010870B504460D4603204C
:108F4000FDF70EFA1E4908700420FDF709FA1D49C5
:108F500008701220FDF704FA4FF4706101EA001066
:108F6000194908801220FDF7FBF94FF4706101EAFE
:108F70000020164908801448008800F4006028B1D9
:108F80001148008840F470400F4908800F4800885D
:108F900000F4006028B10D48008840F470400B498F
:108FA00008800948008806490978084300B22080F3
:108FB0000648008803490978084300B2288070BD3C
:108FC0000400002005000020080000200A00002006
:108FD00010B50024FDF7C2FB0020FDF7C1F90446DF
:108FE000312C01D0204610BD97210620FDF778FBDB
:108FF00017210620FDF774FB04210D4800F01AF834
:109000005E20FDF7ADF904280CD108215E20FDF7A4
:1090100067FB5D20FDF7A4F9102803D119215D201D
:10902000FDF75EFB00210920FDF75AFB2046DAE739
:10903000BEA1000870B505460E46002408E005EB09
:109040004402517815F81400FDF74AFB601CC4B2C5
:10905000B442F4DB70BD0000AAB0FAF7E3F8FEF703
:1090600066FAFFF731FFFE490870FDF77BFDFDF75B
:1090700049FDFDF7FBFDFDF77FFEFDF703FFFDF763
:1090800063FFFDF7BDFFFDF71DFEFEF70BF8FDF7D3
:109090000DFDFDF7C3FC0020F2490870F2480A46B6
:1090A000127881180122F148FCF750FAF048FBF7DA
:1090B0008FF90821EE48FBF757FDEE48FBF788F9DA
:1090C00000F03CFBEC48FBF783F90021EA48FBF792
:1090D0004BFD6420F9F712FBFEF776F83022E749E2
:1090E00018A8F7F7D6FB002017901690159014904B
:1090F000139015A816AB24AAE1A10090E3A0F7F7FE
:1091000075FA00270AE018A850F8271024A8F7F7E6
:1091100019FC10B9781C179002E07F1C0C2FF2DBB1
:1091200000BF13AB14AADCA1DDA0F7F75FFADDE9FD
:1091300013021699CDE900120290DCA125A8179B15
:10914000159AF7F73FF9FEF720F801201023DEA269
:10915000002100902420FEF73FF90120102325AACA
:10916000022100900020FEF737F940F2DC50F9F7B9
:10917000C5FA00BF00BF00BF4FF000083221D4483D
:10918000F7F7B9FB0120D249C8700846D1490860F9
:109190000020CF494870D0A1CD48801DF7F712F9C3
:1091A000D148F9F7E3FD08B1F8F718F80025FFF703
:1091B0000FFFA9460024FDF7E8FF32E2CB48006824
:1091C00001280DD109F10109C9480078002808DDFE
:1091D000C7480078401EC64908700020C34908608F
:1091E000A9E0C449A14800F0E5FAC3480078002886
:1091F00072D1282109A8F7F77EFBC048006840F229
:109200000D2100FB01F64FF47A7096FBF0F100FBA4
:109210001160642190FBF1F742F2107096FBF0F1BF
:1092200000FB11604FF47A7190FBF1FAB44896FBA1
:10923000F0F100FB116042F2107190FBF1FBB048BD
:1092400096FBF0F05B460246AEA1CDE900A7069082
:1092500009A8F7F7B7F8B9F1050F00DB00250220E0
:10926000FDF77EF800F0800078B14FF0000907A903
:1092700008A8FFF761FEBDF91C50A8480088BDF89A
:109280001C10084400B2A549088009A8F7F7E2FAC3
:109290000446102C05DA09A90819A1A1F7F792F8DC
:1092A00004E009A90819A1A1F7F78CF809A8F7F7B4
:1092B000D1FA0446002D06DA09A908196A429DA1CF
:1092C000F7F780F80EE0002D07DD09A908192A46F6
:1092D0009AA1F7F777F805E02AE009A9081999A1FA
:1092E000F7F770F809A8F7F7B5FA04461E2C04DB67
:1092F00000208DF843008DF8420008F10108B5F117
:10930000FF3F01DB012D01DD4FF0000840F6340086
:10931000804502D86E48C07810B9FDF736FF07E0E7
:109320000120102309AA002100900846FEF754F8F6
:1093300000206E49086085480078002834D08448B1
:109340000078002830D1F9F729FC82490968401AD1
:10935000B0F57A7F28D301207D49087066480078EF
:1093600018BB012064490870F9F718FC7A490860B5
:1093700000207A490870FF207949087000200AE02F
:109380007849095C364A1278914202D173490870D3
:1093900003E0411CC8B20B28F2DB00BF00F092F9D9
:1093A0006E48007800F04CF90CE16E486B49097882
:1093B000475C3846FFF798FDFFF786FD8246FDF7CC
:1093C000E4FEBA4515D10120102367A200210090C8
:1093D0000846FEF701F8524639A102A8F6F7F2FF57
:1093E0000120102302AA002100905020FDF7F4FF75
:1093F00007E0012010235FA2002100900846FDF73E
:10940000EBFF012010235EA2022100900020FDF757
:10941000E3FF02E00A20F9F771F94C4800780028D0
:10942000F8D1C820F9F76AF9FDF7AFFE0120102343
:1094300056A2002100900846FDF7CEFF4FF4FA70C7
:10944000F9F75CF900BF00BF00BF00BF00BFBFF36A
:109450004F8F00BF00BF00BF50480068A0E0000071
:1094600034000020A50000203E6800208803002072
:10947000A4020020F00200203C030020D4A1000838
:109480002533732025642025640000004A756C2074
:10949000313820323032360025643A25640000002D
:1094A00032313A35363A3430000000002530346429
:1094B0002D253032642D2530326420253032643A37
:1094C000253032640000000042447769647468000B
:1094D0007C040020A000002070616E64617069331C
:1094E0006456312E320A0000B801002084000020AA
:1094F00090000020B00400209100002038000020DF
:10950000A08601005769647468203A202531642ED2
:10951000256425642564206D6D0000004000002056
:1095200020204D6F74696F6E3A0000004D6F7469B2
:109530006F6E3A002025303464207D0020253034C1
:1095400064207B0020202020203030009C00002060
:109550009D00002098000020940000209200002030
:109560009F000020C8A10008536176656421202077
:10957000453D000053617665204661696C2000001E
:1095800052656C65617365206B6579005265737413
:10959000617274696E672E2E2E0000000CED00E0E3
:1095A00000F4E0601F490843001D1F49086000BF28
:1095B00000BF00BFBFF34F8F00BF00BF00BF00BFA1
:1095C00000BFFDE719480078B8B1002017490870BE
:1095D0001748007888B117480078401C0B2190FB91
:1095E000F1F201FB120013490870F9F7D7FA12499A
:1095F00008601048007800F023F80D48007880B12A
:10960000F9F7CCFA0C490968401A42F21071884205
:1096100007D9002006490870FF2008490870FDF7A7
:10962000B4FDCBE50000FA050CED00E09E00002043
:109630009100002092000020940000209F00002054
:1096400010B586B0044613480078FF2801D1FDF715
:109650009CFD104804701048027810A101A8F6F78C
:10966000B1FE0120102301AA002100900846FDF759
:10967000B3FE0E48025D0EA101A8F6F7A3FE01207D
:10968000102301AA022100900020FDF7A5FE06B0DC
:1096900010BD00009F00002034000020437572724E
:1096A000656E743A2020253032640000C8A100089D
:1096B0003C2053656C6563743A2020253032642069
:1096C000203E000008B5FDF760FD0120102309A22F
:1096D000002100900846FDF77FFE0120102309A21B
:1096E000022100900020FDF777FE40F6C410F9F744
:1096F00005F808BD4578706F737572652053657401
:10970000757000005461703A4E65787420486F6C33
:10971000643A4F4B0000000010B50C210448FBF7E1
:1097200023FA41F2E63203490348F8F70FFC10BD73
:10973000F0020020B0040020D800002010B5074837
:10974000FAF746FE04210548FBF70EFA0448FAF73B
:109750003FFE0C210248FBF7ADFA10BD5802002075
:109760000C02002010B50C210148FBF773FB10BD63
:10977000F00200200C4800780C4988750A480088DF
:10978000010A0A48C1750A48017808480176084864
:109790000088010A054841760A2181760021C176B8
:1097A0000020034908807047380000207C04002016
:1097B0004000002070B505460C461C480078012882
:1097C00001D1801E70BD4FF4FA700CE034F8201007
:1097D000C1F307224100491C154B5A5414F82010BC
:1097E00003F81010401C40F6F3118842EEDB1048DD
:1097F000FFF70AFA0F4908600C480078012801D1E8
:10980000801EDFE70120094908700B4840780128D5
:1098100006D141F2E63206490848FBF78BFF02E029
:1098200000200249087041F2E630CBE73500002005
:1098300058540020380000207C04002088030020B9
:1098400010B500290AD00878002807D005487844C8
:10985000F7F778F8002801D0002010BD02487844BE
:1098600010BD00005A0A0000520A00004FF040707C
:10987000E1EE100A70470000000000000000002F19
:10988000000000000700070000147F147F1400246C
:109890002A7F2A1200626408132300364955225099
:1098A00000000503000000001C22410000004122CE
:1098B0001C000014083E08140008083E08080000B8
:1098C00000A06000000808080808000060600000B0
:1098D000002010080402003E5149453E0000427F2E
:1098E0004000004261514946002141454B3100187A
:1098F00014127F10002745454539003C4A4949303C
:1099000000017109050300364949493600064949F5
:10991000291E000036360000000056360000000800
:1099200014224100001414141414000041221408DD
:1099300000020151090600324959513E007C1211C2
:10994000127C007F49494936003E41414122007F57
:109950004141221C007F49494941007F0909090111
:10996000003E4149497A007F0808087F0000417F96
:109970004100002040413F01007F08142241007F48
:1099800040404040007F020C027F007F0408107FAF
:10999000003E4141413E007F09090906003E415118
:1099A000215E007F091929460046494949310001D5
:1099B000017F0101003F4040403F001F2040201F29
:1099C000003F4038403F00631408146300070870EC
:1099D000080700615149454300007F41410000559F
:1099E0002A552A55000041417F000004020102046B
:1099F0000040404040400000010204000020545458
:109A00005478007F484444380038444444200038A7
:109A10004444487F00385454541800087E09010219
:109A20000018A4A4A47C007F080404780000447DEE
:109A30004000004080847D00007F1028440000002A
:109A4000417F4000007C04180478007C08040478FE
:109A500000384444443800FC2424241800182424EA
:109A600018FC007C080404080048545454200004E6
:109A70003F444020003C4040207C001C2040201CF3
:109A8000003C4030403C004428102844001CA0A06A
:109A9000A07C004464544C441414141414140000A6
:109AA00000000000000000000000000000000000B6
:109AB00000F800000000000000333000000000103B
:109AC0000C06100C0600000000000000000040C062
:109AD0007840C0784000043F04043F040400007054
:109AE00088FC08300000001820FF211E0000F0084C
:109AF000F000E018000000211C031E211E0000F0F1
:109B00000888700000001E21232419272110101638
:109B10000E00000000000000000000000000000037
:109B200000E01804020000000007182040000002B6
:109B30000418E0000000004020180700000040402A
:109B400080F0804040000202010F0102020000008C
:109B500000F0000000000101011F010101000000F0
:109B600000000000000080B0700000000000000055
:109B700000000000000000010101010101010000DE
:109B80000000000000000030300000000000000075
:109B9000000080601804006018060100000000E06A
:109BA00010080810E000000F102020100F00001017
:109BB00010F8000000000020203F2020000000706E
:109BC0000808088870000030282422213000003066
:109BD0000888884830000018202020110E0000005E
:109BE000C02010F8000000070424243F240000F8DF
:109BF0000888880808000019212020110E0000E0C4
:109C0000108888180000000F112020110E00003865
:109C10000808C83808000000003F0000000000707D
:109C2000880808887000001C222121221C0000E006
:109C300010080810E0000000312222110F0000007F
:109C400000C0C00000000000003030000000000034
:109C500000800000000000008060000000000000A4
:109C6000804020100800000102040810200040403D
:109C70004040404040000404040404040400000880
:109C80001020408000000020100804020100007035
:109C900048080808F0000000003036010000C0301D
:109CA000C828E810E0000718272423140B00000040
:109CB000C038E0000000203C23020227382008F8CA
:109CC000888888700000203F202020110E00C030BE
:109CD000080808083800071820202010080008F895
:109CE00008080810E000203F202020100F0008F88E
:109CF0008888E8081000203F20202320180008F85A
:109D00008888E8081000203F200003000000C030D1
:109D100008080838000007182020221E020008F852
:109D200008000008F808203F210101213F20000819
:109D300008F8080800000020203F20200000000054
:109D40000808F8080800C08080807F00000008F83C
:109D500088C028180800203F20012638200008F875
:109D6000080000000000203F20202020300008F8DC
:109D7000F800F8F80800203F003F003F200008F8F6
:109D800030C00008F808203F200007183F00E0100E
:109D900008080810E0000F10202020100F0008F81D
:109DA00008080808F000203F210101010000E01030
:109DB00008080810E0000F18242438504F0008F855
:109DC000888888887000203F2000030C30200070B5
:109DD0008808080838000038202121221C001808B3
:109DE00008F8080818000000203F2000000008F8CC
:109DF00008000008F808001F202020201F00087815
:109E0000880000C83808000007380E010000F80874
:109E100000F80008F800033C0700073C030008189E
:109E200068808068180820302C03032C3020083804
:109E3000C800C83808000000203F200000001008BB
:109E40000808C83808002038262120201800000003
:109E500000FE020202000000007F40404000000CB3
:109E600030C000000000000000010638C000000201
:109E70000202FE000000004040407F0000000000A1
:109E800004020202040000000000000000000000C4
:109E900000000000000080808080808080800002C0
:109EA00002040000000000000000000000000000AC
:109EB0008080808000000019242222223F2008F8A0
:109EC000008080000000003F112020110E000000E3
:109ED000008080800000000E112020201100000072
:109EE00000808088F800000E112020103F20000024
:109EF000808080800000001F222222221300008028
:109F000080F0888888180020203F20200000000072
:109F1000808080808000006B94949493600008F8A7
:109F2000008080800000203F210000203F20008032
:109F30009898000000000020203F20200000000032
:109F400000809898000000C08080807F000008F8A2
:109F5000000080808000203F24022D302000000877
:109F600008F8000000000020203F20200000808032
:109F7000808080808000203F20003F20003F808044
:109F8000008080800000203F210000203F20000052
:109F9000808080800000001F202020201F00808003
:109FA00000808000000080FFA12020110E00000032
:109FB000008080808000000E112020A0FF80808023
:109FC00080008080800020203F21200001000000D0
:109FD00080808080800000332424242419000080A5
:109FE00080E0808000000000001F202000008080B2
:109FF000000000808000001F202020103F20808073
:10A0000080000080808000010E3008060100808002
:10A010000080008080800F300C030C300F00008027
:10A020008000808080000020312E0E312000808052
:10A0300080000080808080818E7018060100008082
:10A040008080808080000021302C222130000000A0
:10A0500000F0F0000000002060FFFF602000000022
:10A0600004000C001FFF3FFF1FFF0C000400002036
:10A0700030F8F83020000000007F7F000000403CF6
:10A0800010FF101020108F7808F808F8000000006A
:10A0900000000000000000000000000000000206B8
:10A0A00002FF0101044221184681403F00000000E8
:10A0B000000000000000000000000000000002FEA0
:10A0C0009292FE0200101116F0141310000000000E
:10A0D0000000000000000000000000000000101F51
:10A0E0000808FF048141310D030D3141810000005A
:10A0F000000000000000000000000000000000FE62
:10A100000222428272022242827202FE000000009B
:10A11000000000000000000000000000000000FF40
:10A12000100806010E100806014E807F0000000096
:10A13000000000000000000000000000000000001F
:10A1400000E0000000FF0000002040800000000050
:10A1500000000000000000000000000000000804F3
:10A1600003000040807F0000000000010E0000009E
:10A1700000000000000000000000000000000000DF
:10A18000F808080C0A0908080808F8000000000090
:10A1900000000000000000000000000000000000BF
:10A1A000FF414141414141414141FF000000000068
:10A1B0000000000000000000000000000000095A3C
:10A1C0000DB50EFF1904000006080A0C0E1012143B
:10A1D000191C1E0068A2000858A2000874A20008FA
:10A1E00078A2000884A200086CA2000864A20008FB
:10A1F00060A2000870A200087CA2000880A20008EB
:10A200005CA20008010002000400060008000A0029
:10A210000C0010002000400080000001010101033B
:10A220000701000008040204080101010000000009
:10A2300000000000010203040607080900000000F6
:10A2400001020304040000080000000000000002F6
:10A2500000010000100000004665620044656300D4
:10A26000417567004A756C004A616E004A756E0060
:10A27000536570004D617200417072004F6374004D
:10A280004E6F76004D617900B8A3000800000020F1
:10A29000D80000001402000890A40008D800002094
:10A2A000E06D0000300200081001000043000000D3
:10A2B000F8FFFFFF004040404040404040404141E7
:10A2C000414141404040404040404040404040408B
:10A2D0004040404040050202020202020202020225
:10A2E0000202020202202020202020202020200222
:10A2F00002020202020290909090909010101010B2
:10A30000101010101010101010101010101010104D
:10A3100002020202020288888888888808080808E1
:10A3200008080808080808080808080808080808AD
:10A3300002020202400000000000000000000000D5
:10A34000000000000000000000000000000000000D
:10A3500000000000000000000000000000000000FD
:10A3600000000000000000000000000000000000ED
:10A3700000000000000000000000000000000000DD
:10A3800000000000000000000000000000000000CD
:10A3900000000000000000000000000000000000BD
:10A3A00000000000000000000000000000000000AD
:10A3B000000000000000000000000000000000009D
:10A3C000000000000000000000000000000000008D
:10A3D000000000000000000000000000000000007D
:10A3E0000000000000000000000000000800000065
:10A3F000000000000101000000000000000000005B
:10A40000000000000000000000000000C40900007F
:10A41000000000000000000000000000000000003C
:10A4200064000000000000000000000000000000C8
:10A43000000000000000000000000000000000001C
:10A44000010000000000000000000000000000000B
:10A4500000000000000000FF0000000001000000FC
:10A4600000000000100000000100000000000000DB
:10A4700000000000000000000000000001000000DB
:10A480000000000000000000000000000024F400B4
:04000005080001D915
:00000001FF
