:020000040800F2
:10000000A84C002095020008CB7100086758000832
:10001000C77100082D110008258B000800000000A2
:1000200000000000000000000000000069750008EA
:10003000F9110008000000009B7400086B750008AF
:10004000AF020008AF020008AF020008AF020008CC
:10005000AF020008AF020008AF020008AF020008BC
:10006000AF020008AF020008AF020008311100081B
:1000700041110008AF020008AF020008AF020008FB
:10008000AF02000800000000950F0008AF02000852
:10009000AF020008AF020008AF0200081512000806
:1000A000F57500082D7600081D7600080D7600080D
:1000B000AF020008AF020008AF020008AF0200085C
:1000C000AF020008AF020008AF020008AF0200084C
:1000D000AF020008158B0008AF020008AF0200084D
:1000E000AF020008AF020008AF020008AF0200082C
:1000F000AF020008AF020008AF02000800000000D5
:1001000000000000AF02000800000000AF0200087D
:10011000AF02000800000000AF020008AF020008B4
:10012000AF020008AF020008AF020008AF020008EB
:10013000AF0200080000000000000000AF0200084D
:10014000AF020008AF02000800000000000000003D
:10015000000000000000000000000000000000009F
:10016000000000000000000000000000AF020008D6
:10017000AF020008000000000000000000000000C6
:1001800000000000AF0200080000000000000000B6
:10019000000000000000000000000000000000005F
:1001A0000000000000000000AF020008AF020008DD
:1001B0007D5800086D580008AF02000800000000DC
:1001C00000000000AF020008000000000000000076
:1001D000AF020008AF02000800F002F800F04AF891
:1001E0000AA090E8000C82448344AAF10107DA4592
:1001F00001D100F03FF8AFF2090EBAE80F0013F09A
:10020000010F18BFFB1A43F001031847ACAA000006
:10021000CCAA0000103A24BF78C878C1FAD8520797
:1002200024BF30C830C144BF04680C607047000070
:100230000023002400250026103A28BF78C1FBD8EF
:10024000520728BF30C148BF0B607047642900F0D7
:10025000F580002070471FB50AF022F800F08EFEEE
:100260000400002000210AF005F8401C60601FBD5A
:1002700010B510BD00F04AFE1146FFF7ECFF09F083
:100280000BFC00F071FE03B4FFF7F2FF03BC00F0BB
:1002900079FE00000948804709480047FEE7FEE76D
:1002A000FEE7FEE7FEE7FEE7FEE7FEE7FEE7FEE726
:1002B00004480549054A064B70470000E1750008EF
:1002C000D9010008A8420020A84C0020A844002022
:1002D000A844002053EA020C00F069802DE9F04B9D
:1002E0004FF00006002B1FBFB3FA83F503FA05F4A5
:1002F00024FA05F65E4012BF1643B2FA82F502FAFE
:1003000005F4C5F120051EBF22FA05FC44EA0C04E1
:10031000203556EA044C4FEA144418BF641C4FF0D1
:1003200000084FF00009904271EB030C39D300290B
:1003300019BFB1FA81F701FA07F6B0FA80F700FAAF
:1003400007F6C7F120071EBF20FA07FC46EA0C0695
:100350002037B6FBF4FCA7EB0507103F07F01F0B97
:10036000CBF120060CFA0BFB2CFA06F644BFB34681
:100370000026202FA4BF5E464FF0000B5BEA060C60
:1003800008BF4FF0010B19EB0B09ABFB027C48EBEC
:100390000608C01B06FB02CC0BFB03CC71EB0C0167
:1003A000C1E70B46024641464846BDE8F08B13B50F
:1003B0004FF000004FF00001AFF30080BDE81C409B
:1003C000704700000FB41CB5074B06AA7B44694672
:1003D0000090059800F079FB0020694600F088FB4A
:1003E0001CBC5DF814FB00002107000070B504463A
:1003F00085690068C10601D5302600E02026C007C7
:1004000007D070BDD4E9012130469047206A401CD6
:1004100020626D1EF6D570BD70B504468569007802
:10042000C00707D170BDD4E9012120209047206A80
:10043000401C20626D1EF6D570BD00002DE9F04114
:100440000646002410687529314616A510D0AFF372
:100450000080002802DA404213A507E031688A07CD
:1004600001D512A502E0490704D511A5012401E038
:10047000AFF3008000210A2206F1240709E0B0FB57
:10048000F2FCB0FBF2F302FB1C003030785418464B
:10049000491C0028F3D123462A463046BDE8F041E6
:1004A00000F0B5BA000000002D0000002B00000095
:1004B000200000002DE9F05F894604464FF0000A55
:1004C000DFF824B1FB44C0F820A02046E16888474B
:1004D00000287DD0252806D0D4E901219047206A44
:1004E000401C2062F1E700255F462046E16888470E
:1004F0002028064607DB312E05D2B81910F8200C4B
:1005000008B10543F1E7A80701D525F00405C4F8B3
:100510001CA00027C4F818A02A2E09D0304608F0E5
:100520008DFB38B304EB8708303EC8F8186019E03B
:1005300059F8041B204604EB87029161E168884763
:10054000012F064618D1E069002820DA25F02005A1
:100550001DE0D8F8180000EB800006EB40003038B2
:10056000C8F818002046E1688847064608F066FB90
:100570000028EED1012F0AD02E2E08D12046E168A6
:1005800088477F1C0646022F45F02005C4DBA06982
:10059000002803DA404245F00105A061E80701D0D8
:1005A00025F01005A6B1A6F14100192802D8203681
:1005B00045F400654A463146204625604D46FFF722
:1005C00045FE60B1012807D0ED1D25F0070000E0D1
:1005D00007E000F1080978E705F1040975E73046FE
:1005E0007AE7206ABDE8F09FACA700000FB400B521
:1005F0008DB010A9099000910B904FF0FF300A9038
:1006000000200C90064878440690064878446A46D4
:1006100007900F9909A800F085FA0DB05DF814FB5A
:100620003B050000530500002DE9FF5F1D464FF01C
:10063000FF3B91464FF000085F46D5E90146A969A6
:1006400001987F1C8847296A824688470028F6D18E
:10065000BAF1FF3F0CD0002E24F4C06419DD60060F
:1006600014D5BAF12B0F09D0BAF12D0F0ED103E03A
:10067000584604B0BDE8F09F44F48064A96901982D
:100680007F1C8847761E8246002E02DDBAF1300FAD
:1006900003D0B9F1000F26D032E0A969761E019887
:1006A0007F1C44F400748847002E824605DDBAF1B1
:1006B000780F06D0BAF1580F03D0B9F1000F10D05F
:1006C0001EE0B9F1000F02D0B9F1100F18D1A969DD
:1006D000761E01987F1C24F40074884782461020FF
:1006E00002E0082000E00A20814609E0A96908FB31
:1006F0000908761E01987F1C44F4007488478246DE
:10070000002E05DD4946504600F0F7F90028EDDAE5
:10071000E96901988847A00502D46FF00100A8E7B5
:10072000E00725D1600613D5600502D5C8F10000A9
:1007300000E0404629680A1D2A600968220501D5A3
:10074000087015E0220701D5088011E008600FE06D
:100750002868011D29600068210502D580F8008005
:1007600006E0210702D5A0F8008001E0C0F8008073
:1007700038467EE72DE9FF5F4FF0000899461446A2
:1007800046469169D2E901A7DDF838B0019888475B
:10079000054659EA0B0005D009E0A1690198761CCD
:1007A00088470546216A284688470028F5D1681CF5
:1007B00003D05FEACA7005D015E04FF0FF3004B0F7
:1007C000BDE8F09F2068011D2160D0F800800AE09C
:1007D0005FEACA7001D108F8015BA169761C019833
:1007E0007F1E88470546002F1ADD681C18D0B9F116
:1007F000000F0DD0E81705EBD060421120F01F006C
:1008000059F822102A1A012090400142E0D107E055
:10081000BBF1000FDCD12846216A88470028D7D0D9
:10082000E16901988847BBF1000F07D1002E05DD73
:100830005FEACA7002D1002188F80010A068B842AF
:1008400003DDBBF1000F03D017B16FF00100B6E775
:100850003046B4E710B5431C02E010F8011B71B13B
:100860008107FAD14FF0013202C88C1A8C4314EA86
:10087000C211F9D0C01A0A0603D0C01E10BDC01A9A
:1008800010BD0A0401D0801E10BD0902FCD0401E1C
:1008900010BD10B5203AC0F00B80B1E81850203AD6
:1008A000A0E81850B1E81850A0E81850BFF4F5AF10
:1008B0005FEA027C24BFB1E81850A0E8185044BF9A
:1008C00018C918C0BDE810405FEA827C24BF51F807
:1008D000043B40F8043B08BF7047D20728BF31F8FB
:1008E000023B48BF11F8012B28BF20F8023B48BF4C
:1008F00000F8012B70474FF000020429C0F012806D
:1009000010F0030C00F01B80CCF1040CBCF1020FC2
:1009100018BF00F8012BA8BF20F8022BA1EB0C0197
:1009200000F00DB85FEAC17C24BF00F8012B00F88D
:10093000012B48BF00F8012B70474FF0000200B5B3
:10094000134694469646203922BFA0E80C50A0E8F2
:100950000C50B1F12001BFF4F7AF090728BFA0E8A0
:100960000C5048BF0CC05DF804EB890028BF40F86C
:10097000042B08BF704748BF20F8022B11F0804FAE
:1009800018BF00F8012B70474FF0013C50F8042BC2
:1009900051F8043B9A4221D1A2EB0C03934313EA92
:1009A000CC1317D150F8042B51F8043B9A4215D1BF
:1009B000A2EB0C03934313EACC130BD150F8042B96
:1009C00051F8043B9A4209D1A2EB0C03934313EA7A
:1009D000CC13DBD04FF00000704700BFD01A01BA33
:1009E000B1FA81F101F0180122FA01F0CB40C1F116
:1009F0002001DBB2C0B2C01A2CFA01F3D11A914324
:100A000011EAC311E6D170477047704770472DE96E
:100A1000F0470D4699469246044600F124080168C5
:100A2000880604D5E06921F01001216000E0012072
:100A3000A84201DD471B00E00027A1697A1902EBFB
:100A40000900081AA0612078C00602D42046FFF7EA
:100A5000CDFC002608E0D4E901211AF806009047F1
:100A6000206A401C761C20624E45F4DB2078C006CC
:100A70000AD52046FFF7BAFC06E0D4E90121302070
:100A80009047206A401C2062381EA7F10107F4DC61
:100A900007E0D4E9012118F805009047206A401CBE
:100AA0002062281EA5F10105F3DC2046FFF7B4FC07
:100AB0002078000602D50220BDE8F0870120FBE780
:100AC00001694A1C02610878704700B58FB0CDE912
:100AD00001310021059105497944CDE90310114602
:100AE0006846FFF7E7FC0FB000BD0000E5FFFFFF21
:100AF0000A6802F8010B0A6070473A2800D23038C1
:100B000020F02002412A01D3A2F13700884201D30C
:100B10004FF0FF3070470000026811441378016005
:100B200018467047D16005497944516104497944B8
:100B3000116200211161114600F02EB8EDFFFFFF98
:100B400053000000426842B1016811F8013B23B133
:100B5000521EC0E90012184670470121C160881E6C
:100B6000704742685AB1C368016843B983688B42D1
:100B700005D0491E521CC0E90012002070474FF0FA
:100B8000FF30704710B5044600F0E6F90068005DDC
:100B900000F0010010BD00002DE9F34F4FF0000AF6
:100BA0000C4656468DB001200C9001F10C000B90C4
:100BB00062690B980121904705002DD0252D2CD07E
:100BC000216A8847C0B162690B9801219047216A68
:100BD00088470028F7D16269411E0B98904700E0D2
:100BE000761CA1690D988847216A88470028F7D1AB
:100BF000E1690D988847DBE7A1690D988847A8420D
:100C0000074601D1761CD3E7E1690D9888477F1C20
:100C100002D1BAF1000F6FD06BE162690B98002727
:100C20003D46394690472A2804D162690B98012134
:100C300090470125DFF8D08262690B980121904727
:100C4000A0F130010A290AD24745E5DC07EB87010C
:100C500000EB4107303FDFD445F01005ECE7E90633
:100C600001D46FF000476C280AD04C2814D06828B3
:100C700015D06A280DD074281CD07A281AD01DE00F
:100C800062690B98012190476C2802D045F0040559
:100C900014E045F002050DE045F020050AE0626928
:100CA0000B9801219047682802D045F0080505E01F
:100CB00045F4006562690B9801219047C4E901572A
:100CC00065283DD019DC58287AD00CDC452837D06F
:100CD00004DC252826D041289ED131E046282FD09B
:100CE000472899D12CE05B2877D0612828D0632849
:100CF0007CD0642823D15AE0F6E06F2848D008DC85
:100D000066281DD067281BD0692821D06E2816D1EF
:100D100027E0702845D0732868D0752847D07828F8
:100D20000DD14DE0A1690D988847252805463FF46F
:100D300069AFE1690D9888476D1C3FF46AAFD8E050
:100D40000D9923466A466FF00100AFF30080C5E0BD
:100D500045F0400023464FF000026060A80736D4FB
:100D60003EE0E8077FF447AF2068011D216000687E
:100D7000290501D506701BE7290701D5068017E76D
:100D8000A90703D5F117C0E9006111E706600FE775
:100D900045F0400023464FF008026060A80716D4D3
:100DA0001EE040F60E0125EA0100606016E045F005
:100DB000400023464FF00A026060A80707D40FE006
:100DC00045F040006060A80708D5234610220D9921
:100DD0006FF00100AFF3008080E007E010222346AF
:100DE0000D996FF00100FFF71FFC77E04FF000094D
:100DF00063284F46C8464B46CB4602D05B2806D0F8
:100E000038E0E80601D40120A060012732E06269E1
:100E1000D4F80CB00B98012190475E2807D14FF011
:100E2000010949466269D4F80CB00B9890472169D2
:100E300039B900210A4603AB43F82120491C08298F
:100E4000FADBD8B3216949B308F1010862690B984C
:100E5000012190475D28F4D1B9F1000F09D000209D
:100E600003A951F82020D24341F82020401C082833
:100E7000F7DB03AB2069002820794FEA40701ED0D1
:100E80005B462246CDF80080CDE901970D990028F8
:100E90006FF0010020DAAFF300801FE0C11703AA52
:100EA00000EBD1614B1121F01F0102EB8302411ACB
:100EB00013680120884003431360C7E719E00D99C8
:100EC000224600286FF00100009702DAAFF300809D
:100ED00004E0FFF74FFC01E0AFF3008000280ADADE
:100EE000401C06D10C9820B14FF0FF300FB0BDE888
:100EF000F08F5046FAE7E90701D10AF1010A0644EA
:100F000000200C9054E60000CCCCCC0C754600F0D0
:100F100031F8AE4605006946534620F00700854685
:100F200018B020B5FFF7C4F9BDE820404FF0000627
:100F30004FF000074FF000084FF0000B21F00701C1
:100F4000AC46ACE8C009ACE8C009ACE8C009ACE804
:100F5000C0098D467047000010B500F00FF8001D65
:100F600010BD00BF119300000446AFF3008020467F
:100F7000FFF789F900487047484200200048704751
:100F80006842002001491820ABBEFEE7260002009F
:100F90007047000010B5024800F0C4FC10BD00000E
:100FA000A800002070B50546AC6AE06D00F0500066
:100FB00098BBE06D40F40070E0652068006800F0C8
:100FC0000800A8B1206805F00DFD10B32068C068C6
:100FD00000F40050E8B9E06D20F48070E065E06D49
:100FE00000F48050A8B9E06D40F00100E06510E029
:100FF0002068C06800F0020058B9E06D20F48070ED
:10100000E065E06D00F4805018B9E06D40F001003B
:10101000E065204600F06EFC0CE0FFE7E06D00F0BC
:10102000100018B1204600F07CFC03E0606D416BBD
:101030002846884770BD70B50546AC6AE06D40F043
:101040004000E065206E40F004002066204600F07D
:1010500068FC70BD70B50446A56A284600F060FCC7
:1010600070BD000038B5044600200090206805F0EF
:10107000AAFC00284FD1206880682849084048B160
:10108000E06D40F01000E065206E40F00100206649
:10109000012038BD206805F07BFC00BF2048806837
:1010A00000F0E07000F4000080B11E4800681E49A6
:1010B000B0FBF1F0401C00EB40008000009002E02B
:1010C0000098401E009000980028F9D101F088FD9A
:1010D00005461AE0206805F076FC10B9206805F096
:1010E00057FC01F07DFD401B02280ED920680068E6
:1010F00000F0010048B9E06D40F01000E065206E9E
:1011000040F0010020660120C3E72068006800F07D
:1011100001000028DED00020BBE700003F00008077
:1011200000030050A4000020400D030000BFFEE7B4
:1011300010B5024801F0BBF910BD0000EC0300201F
:1011400010B5024801F0B3F910BD000014010020F1
:1011500030B50E4D0468AC4201D20D4901E00C4996
:1011600020310B460478083C1425B4FBF5F2446C9E
:10117000A40803EB84048464054C8034C46402F046
:101180001F050124AC40046530BD00000804024086
:101190000008024001794A1E064B03EB82024265B9
:1011A000044A403282654A1E02F01F0301229A401F
:1011B000C26570470009024030B5D0E913546C6035
:1011C000446D14B1D0E916546C6090F8444004F0BA
:1011D0001F050124AC40056C6C6004686360846882
:1011E000102C04D10468A2600468E16003E0046884
:1011F000A1600468E26030BD7047002105E0012174
:1012000000BF0A00A1F10101FBD10200A0F1010021
:10121000F5D1704710B54FF4807001F0DFFB10BDC1
:1012200072B600BFFEE700001B49087F012801D00D
:10123000032816D11949096821F40071174A116071
:1012400000BF1146096841F4006111601146096848
:1012500021F40061116000BF1146096841F400717A
:101260001160022801D0032811D100BF0B49096881
:1012700041F48051094A11601146096821F48051F6
:10128000116000BF1146096841F4806111600021BE
:10129000014A1177704700008400002000200240BE
:1012A00000F0010129B10649496941F00401044AED
:1012B00051610349496941F48031014A51617047E4
:1012C00000200240094A526922F4FC72C3B242EA89
:1012D000C302064B5A611A46526942F002025A6131
:1012E0001A46526942F480325A6170470020024027
:1012F00010B50849496941F00101064C616102607D
:1013000000BF00BF00BFBFF36F8F00BF00BF00BFB3
:10131000436010BD00200240F0B502464023144651
:101320000D460C4E766946F480260A4F7E6100BF5A
:10133000EFF31086304672B600BF2E682660241D7B
:101340002D1D5E1EF3B2002BF7D100BF80F3108875
:1013500000BFF0BD0020024070B5054601F040FC22
:10136000064606E001F03CFC801BA84201D90320A0
:1013700070BD19480069C0F300400028F2D116483A
:1013800000694CF2FA3100EA0104CCB1134840681C
:1013900020431249486000BF04F0404030B10E487D
:1013A000806904F0404108430B49886124F04040C3
:1013B00018B124F040400849086100BF0120D7E778
:1013C0000548006900F0010020B100BF012002497A
:1013D000086100BF0020CBE700200240840000200D
:1013E0007047704770477047704700002DE9F84F0D
:1013F00005460C464FF0000A00200090FE49E068C8
:10140000884200D000E000BF00BF95F858000128D6
:1014100002D10220BDE8F88F012085F8580000BFF6
:10142000286805F0DAFA00287DD12968D4E900207F
:1014300001F1300CC0F3012B0CEB8B03D3F800C08F
:1014400000F01F0E4FF01F0B0BFA0EFB2CEA0B0CDB
:1014500000F01F0BC2F3846E0EFA0BFE4CEA0E0C6A
:10146000C3F800C000BF286805F0B7FA81462868B5
:1014700005F0A4FA8046B9F1000F64D1B8F1000F6D
:10148000FBD1A068B0F1004F0AD121680022286882
:1014900005F0BAFA4FF00041286805F0DAFA08E0E2
:1014A000A2682168286805F0AFFA0021286805F0D5
:1014B000D0FA60692968C968C1F3C101490000FA1E
:1014C00001F7206904283FD028682268216900F1CB
:1014D000600C0CEB8103D3F800C0DFF820B30CEAFA
:1014E0000B0C02F0F84B4BF0004B4BEA070B4CEAAD
:1014F0000B0CC3F800C000BF2868A269216900F185
:10150000600C0CEB8103D3F800C02CF0807C4CEA1B
:10151000020CC3F800C000BF2868227F2169012A9D
:1015200002D1520601E0C6E10022134600F1600C30
:101530000CEB8102D2F800C02CF0007C4CEA030CCA
:10154000C2F800C000BFA7E00021286805F02DFA0E
:10155000C0F3120030B90021286805F026FAC0F364
:10156000846007E00021286805F01FFA90FAA0F0D7
:10157000B0FA80F02168C1F3120119B92168C1F3F2
:10158000846104E0216891FAA1F1B1FA81F1884205
:1015900004D100221146286805F050FA012128687C
:1015A00005F003FAC0F3120030B90121286805F0F4
:1015B000FCF9C0F3846007E00121286805F0F5F923
:1015C00090FAA0F0B0FA80F02168C1F3120119B9C5
:1015D0002168C1F3846104E0216891FAA1F1B1FAB4
:1015E00081F1884204D100220121286805F026FA01
:1015F0000221286805F0D9F9C0F3120030B90221A0
:10160000286805F0D2F9C0F3846007E00221286859
:1016100005F0CBF990FAA0F0B0FA80F02168C1F3A0
:10162000120119B92168C1F3846104E0216891FABB
:10163000A1F1B1FA81F1884204D100220221286887
:1016400005F0FCF90321286805F0AFF9C0F312009A
:1016500030B90321286805F0A8F9C0F3846007E0D9
:101660000321286805F0A1F990FAA0F0B0FA80F003
:101670002168C1F3120119B92168C1F3846104E042
:10168000216891FAA1F1B1FA81F1884204D10022D6
:101690000321286805F0D2F9286805F094F900289C
:1016A00072D12868E2682168D0F8B030C1F3120C1A
:1016B00023EA0C0302F0180BDFF844C12CFA0BFCF0
:1016C0000CEA010C43EA0C03C0F8B03000BF4A49F1
:1016D000E068884258D12368C3F312031BB923681A
:1016E000C3F3846304E0236893FAA3F3B3FA83F3A8
:1016F0005B1C03F01F03092B3ED82368C3F31203BE
:101700001BB92368C3F3846304E0236893FAA3F34B
:10171000B3FA83F35B1C03F01F034FF0010C0CFAC8
:1017200003FC2368C3F312031BB92368C3F3846368
:1017300004E0236893FAA3F3B3FA83F35B1C03F08A
:101740001F034CEA836C2368C3F312031BB923689D
:10175000C3F3846304E0236893FAA3F3B3FA83F337
:101760005B1C03F01F0303EB43034FF0000B4BEA3A
:1017700003534CEA030347E02368C3F3120323B97E
:101780002368C3F3846305E043E0236893FAA3F37B
:10179000B3FA83F35B1C03F01F034FF0010C0CFA48
:1017A00003FC2368C3F312031BB92368C3F38463E8
:1017B00004E0236893FAA3F3B3FA83F35B1C03F00A
:1017C0001F034CEA836C2368C3F312031BB923681D
:1017D000C3F3846304E0236893FAA3F3B3FA83F3B7
:1017E0005B1C03F01F030A3B03EB43034FF0007B3A
:1017F0004BEA035306E0000000007F4000F0FF03C7
:10180000FFFF07004CEA03031946A268286805F0A9
:10181000FBF82F492068084050B300BF2D4880686E
:1018200000F0E07600BF2C492068884203D02B49A5
:10183000206888421DD106F40000D0B92868B0F1B4
:10184000A04F3ED146F40001224805F0F1F82448AB
:1018500000682449B0FBF1F0401C00EB4000800020
:10186000009002E00098401E009000980028F9D1F6
:1018700027E01D49206888420CD106F0807048B9E5
:101880001A49286888421CD046F08071114805F03A
:10189000CFF816E016492068884212D106F480007D
:1018A00078B91249286888420BD046F4800109486B
:1018B00005F0BEF805E0E86D40F02000E8654FF067
:1018C000010A00BF002085F8580000BF5046A1E57E
:1018D0000000088000030050000021C31000C090E9
:1018E000A4000020400D0300000052C7000100507A
:1018F000000084CB10B5044606492068884207D111
:1019000008F050FC04480078012801D10349086020
:1019100010BD0000000100503C00002054000020D9
:10192000704770472DE9F84F04460020009020686A
:10193000056820684668C54805F032F8074605F096
:101940000200022811D106F0020002280DD1E06D3C
:1019500000F0100018B9E06D40F40060E06520462A
:10196000FFF73EFD02202168086005F0040004280E
:1019700003D106F00400042807D005F00800082869
:101980005FD106F0080008285BD1E06D00F0100080
:1019900018B9E06D40F40070E065206805F022F8A9
:1019A000002848D0AA492068884202D14FF0A040C0
:1019B00000E020682168884204D01FB1052F01D0C3
:1019C000092F03D12068D0F80C800AE0A0492068D4
:1019D000884202D14FF0A04000E020688346DBF847
:1019E0000C8008F40050B0F5005F24D02068006837
:1019F00000F0080008281ED1206804F0EEFF90B91E
:101A00002068406820F00C0021684860E06D20F4F8
:101A10008070E065E06D00F4805060B9E06D40F0EA
:101A20000100E06507E0E06D40F01000E065206E29
:101A300040F0010020662046FFF75CFF0C20216883
:101A4000086005F02000202803D106F0200020289F
:101A500007D005F04000402872D106F04000402831
:101A60006ED1E06D00F0100018B9E06D40F4005048
:101A7000E0652068C16C01F4C07109B9012100E082
:101A800000218A4600BF206804F0ACFF81467049FF
:101A90002068884202D14FF0A04000E02068216811
:101AA000884204D01FB1062F01D0072F03D1206830
:101AB000D0F80C800AE066492068884202D14FF0D5
:101AC000A04000E020688346DBF80C80BAF1000FEC
:101AD00030D008F0007028B1B9F1000F2AD008F416
:101AE000005038BB2068006800F04000402821D139
:101AF00008F40010F0B9206804F060FF90B9206885
:101B0000406820F0600021684860E06D20F480505B
:101B1000E065E06D00F4807060B9E06D40F00100B8
:101B2000E06507E0E06D40F01000E065206E40F0F9
:101B3000010020662046FFF754FC60202168086001
:101B400005F0800080280DD106F08000802809D1A2
:101B5000E06D40F48030E065204600F0A9F9802077
:101B60002168086005F48070B0F5807F0FD106F41D
:101B70008070B0F5807F0AD1E06D40F40030E06500
:101B80002046FFF730FC4FF480702168086005F4B0
:101B90000070B0F5007F0FD106F40070B0F5007F43
:101BA0000AD1E06D40F48020E0652046FFF71CFC80
:101BB0004FF400702168086005F0100010282AD149
:101BC00006F01000102826D1E06B10B9012000901B
:101BD00010E047B100BF1D48806800F4604048B184
:101BE0000120009006E02068C06800F0010008B104
:101BF00001200090009801280AD1E06D40F4806037
:101C0000E065206E40F0020020662046FFF789FE66
:101C100010202168086005F48060B0F5806F13D152
:101C200006F48060B0F5806F0ED1E06D40F4804026
:101C3000E065206E40F0080020664FF48060216867
:101C400008602046FFF7CEFBBDE8F88F0003005088
:101C5000000100502DE9F84304464FF00008002031
:101C6000009014B90120BDE8F883606920B194F8B0
:101C70002400012800D100BFE06D30B9204600F0FB
:101C800019F90020206684F8580020688168C1F3A3
:101C9000407131B1206881687E4A1140816000BF87
:101CA00000BF206804F094FEB0B9206881687A4AC9
:101CB000114041F08051816000BF78480068784948
:101CC000B0FBF1F0401C4000009002E00098401E84
:101CD000009000980028F9D1206804F079FE48B9F6
:101CE000E06D40F01000E065206E40F001002066DD
:101CF0004FF00108206804F070FE0646E06D00F029
:101D00001000002877D1002EFCD1E06D20F4807007
:101D100040F00200E065206804F055FEB0B94FF0D5
:101D2000A04004F050FE81465E4804F04CFE49EAB3
:101D30000009B9F1000F09D160685B49896821F495
:101D40007C110143584A916000BF00BF607FE16B86
:101D500041EA4030E1680843A168084394F8241040
:101D600040EA014594F82400012803D1208D401E4B
:101D700045EA4045E06A28B1A08D00F47870216BF7
:101D8000084305432068C068484908402843216843
:101D9000C8602068006920F04060616B08432168DA
:101DA0000861206804F00AFE0746002E50D1EFBB00
:101DB000207F002141EA803194F8380041EA400553
:101DC0002068C06844F20201884328432168C86043
:101DD000206988B12068006940F48030216808617A
:101DE0002068D0F8C0006FF30D0021690843216816
:101DF000C1F8C0000EE045E02068006920F48030A2
:101E0000216808612068D0F8C0006FF30D002168D8
:101E1000C1F8C00094F84000012813D1606C40F074
:101E20000101A06C0843E16C084300E010E0216D63
:101E300008432168096940F2FC7291430843216814
:101E4000086105E02068006920F001002168086150
:101E50006069012809D12068006B20F00F00216A19
:101E6000491E08432168086305E02068006B20F0E4
:101E70000F0021680863E06D20F0020040F00100CF
:101E8000E06505E0E06D40F01000E0654FF001080E
:101E90004046E8E6C0FFFF5FC0FFFF7FA4000020D0
:101EA000400D030000010050000300500740F0FF08
:101EB0007047000010B598B00446142113A8FEF72F
:101EC0003CFD442102A8FEF738FD2D4920688842D8
:101ED00053D1C00102908003119002A801F01EFBB3
:101EE00008B1FFF79DF900BF2648C06C40F40050D0
:101EF0002449C8640846C06C00F40050019000BF3B
:101F000000BF00BF0846C06C40F00100C86408462E
:101F1000C06C00F00100019000BF00BF01201390D1
:101F2000032014900020159013A94FF0904000F06A
:101F300063FD1548154908602420486000211348B6
:101F40008160C16080210161490041618900816136
:101F50000021C161016200F029FB08B1FFF760F9BF
:101F600000BF0A486065846200BF0022114612204B
:101F700001F0ECF9122001F0D5F918B010BD000005
:101F800000010050001002401C000240140100201B
:101F90002DE9F04104460F4690463D4804F000FD0F
:101FA0000646206804F019FD00286DD100BF94F8A2
:101FB0005800012802D10220BDE8F081012084F8F8
:101FC000580000BF1EB1052E01D0092E56D1204663
:101FD000FFF748F80546002D4BD1E06D40F6016152
:101FE000884340F48070E0652A492068884202D125
:101FF0004FF0A04000E020682168884200D01EB960
:10200000E06D20F48010E065E06D00F4805020B1B8
:10201000206E20F00600206601E0002020661E48A9
:10202000616DC8621D48616D08631D48616D48633C
:102030001C202168086000BF002084F8580000BF01
:102040002068406840F01000216848602068C0683F
:1020500040F001002168C860226802F14001434657
:102060003A46606D00F00AFB0546206804F0C4FCA7
:102070000BE000BF002084F8580006E0012500BFF7
:10208000002084F8580000E00225284694E700006C
:102090000003005000010050A50F00085510000873
:1020A000371000082DE9F84F04460D46164600206B
:1020B000009004B115B90120BDE8F88FE869012846
:1020C00000D100BFA868042800D100BF00BF60791C
:1020D000012801D10220EFE70120607100BF02203A
:1020E0002071A868042859D100F07AFD8246E6B92B
:1020F00011E000F075FDA0EB0A0001280BD9206863
:10210000406B00F4004030B1206940F008002061CD
:1021100003202071D0E72068406B00F400400028C5
:10212000E7D1686A216808641BE011E000F058FDFF
:10213000A0EB0A0001280BD92068406B00F000409A
:1021400030B1206940F00800206103202071B3E71E
:102150002068406B00F000400028E7D1686A2168E1
:1021600048642068806C06F0100240F2FF31914014
:10217000884306F01002A96A9140084321688864E8
:102180002068C06C06F01002FF219140884306F0E1
:102190001002E96A914008432168C864E86901288F
:1021A0000FD12068876B06F010011F2088408743FD
:1021B000D5F8208006F0100008FA00F007432068E8
:1021C00087632068C76B06F01001072088408743AB
:1021D000A869012802D14FF000090CE0A869022883
:1021E00002D14FF0010906E0686910B94FF001090A
:1021F00001E04FF000096969A868084340EA09084E
:1022000006F010014FF48070884087432879012838
:1022100001D1000200E0002040EA080806F01001A9
:102220004FF40070884087436879012801D140024B
:1022300000E0002040EA080827F440472868022808
:102240000FD101F035FC83462C498B4502D947F468
:10225000004708E02A48834502D947F4804702E056
:1022600001E02868074306F0100108FA01F007436F
:102270002068C7632068006806F010024FF48041B0
:1022800091408843216808602068076806F01001C3
:1022900040F6FE7088408743D5F80C8006F01001A8
:1022A00008FA01F00743206807602068006806F01C
:1022B0001002C0219140884321680860287BC0F348
:1022C0008308287CC0F3830048EA00282068006E59
:1022D00006F0100240F60F719140884306F010019D
:1022E00008FA01F10843216808660120207100BF47
:1022F0000020607100BF0098DEE6000000688909D8
:1023000000B4C40410B504460CB9012010BD2079F6
:1023100020B900206071204600F008F802202071EA
:1023200000202061012020710020EFE710B586B069
:102330000446142101A8FEF700FB164920688842D4
:1023400025D100BF1448C06C40F480301249C864E5
:102350000846C06C00F48030009000BF00BF00BF92
:102360000846C06C40F00100C8640846C06C00F02C
:102370000100009000BF00BF1020019003200290D8
:102380000020039001A94FF0904000F035FB06B00B
:1023900010BD00000008005000100240014600205F
:1023A00091F82520022A03D00422CA63012027E0E5
:1023B0000A68126822F00E020B681A608A6C1268B2
:1023C00022F480728B6C1A600A68126822F0010293
:1023D0000B681A6091F8442002F01F0301229A4012
:1023E0000B6C5A60D1E913325A604A6D42B14A6DA2
:1023F000126822F480724B6D1A60D1E916325A606D
:10240000012281F8252000BF002281F8242000BF8E
:10241000704770B50446002594F8250002280BD0BB
:102420000420E063012084F8250000BF002084F828
:10243000240000BF012534E02068006820F00E0071
:10244000216808602068006820F0010021680860A9
:10245000A06C006820F48070A16C086094F84400BF
:1024600000F01F0101208840216C4860D4E913105E
:102470004860606D40B1606D006820F48070616DEF
:102480000860D4E916104860012084F8250000BFD8
:10249000002084F8240000BFA06B10B12046A16B7F
:1024A0008847284670BD014691F82500704770B5F1
:1024B0000446206C05682068066894F8440000F023
:1024C0001F01042088402840E0B106F00400C8B194
:1024D0002068006800F0200028B92068006820F01B
:1024E00004002168086094F8440000F01F010420F3
:1024F0008840216C4860206B002856D02046216B14
:10250000884752E094F8440000F01F010220884000
:10251000284018B306F0020000B32068006800F0FD
:10252000200040B92068006820F00A002168086097
:10253000012084F8250094F8440000F01F010220D7
:102540008840216C486000BF002084F8240000BF50
:10255000E06A50B32046E16A884726E094F84400D8
:1025600000F01F01082088402840F0B106F0080064
:10257000D8B12068006820F00E002168086094F847
:10258000440000F01F0101208840216C48600120B8
:10259000E06384F8250000BF002084F8240000BF19
:1025A000606B10B12046616B884770BD70B5044602
:1025B0000CB9012070BD2F49206888420BD22E49EA
:1025C0002068401A1421B0FBF1F0800060642A48B2
:1025D000083820640AE027492068401A1421B0FB1B
:1025E000F1F080006064234808382064022084F8F9
:1025F00025002068056847F6F0708543D4E902019C
:1026000008432169084361690843A1690843E169F6
:102610000843216A08430543206805602046FEF709
:1026200097FDA068B0F5804F01D10020606020794F
:10263000A16C0860D4E913104860606860B16068FC
:10264000042809D82046FEF7A5FD0020616D08602A
:10265000D4E91610486003E000206065A065E065DD
:102660000020E063012084F82500002084F8240085
:1026700000BF9FE708040240080002402DE9F04136
:1026800004460D4616461F464FF0000800BF94F85A
:102690002400012802D10220BDE8F081012084F845
:1026A000240000BF94F8250001283FD1022084F8BF
:1026B00025000020E0632068006820F00100216808
:1026C00008603B46324629462046FEF775FD206BE2
:1026D00030B12068006840F00E00216808600BE00F
:1026E0002068006820F00400216808602068006805
:1026F00040F00A0021680860A06C006800F4803097
:1027000028B1A06C006840F48070A16C0860606D16
:1027100028B1606D006840F48070616D08602068C9
:10272000006840F001002168086006E000BF00205A
:1027300084F8240000BF4FF002084046ACE70000D8
:1027400070B5044600F04CFA06462546681C10B1E8
:1027500004480068054400BF00F042FA801BA8420C
:10276000FAD370BD800000202DE9F04104460F46E9
:1027700000BF3B480078012802D10220BDE8F0816B
:1027800001203749087000BF4FF47A70FEF7E4FD6E
:102790000646002E5DD1324948603248006800F498
:1027A000007090B12F48006800F4806048B12D4857
:1027B000006820F480602B490860032028490877CE
:1027C00015E001202649087711E02648006800F44A
:1027D000806048B12348006820F480602149086087
:1027E00002201F49087702E000201D490877206871
:1027F00001280ED16068FEF753FD4FF47A70FEF7A2
:10280000ABFD06461748406920F0040015494861B1
:102810001DE04FF0FF303860A56812E0284661687F
:10282000FEF750FD4FF47A70FEF796FD06460D4810
:10283000406920F4FD700B4948610EB13D6005E030
:102840006D1CD4E902010844A842E7D800BFFEF796
:10285000EBFC00BF00200249087000BF30468DE746
:10286000840000200020024001200649496941F00F
:102870000041044A51611146496901F0004101B12A
:1028800000207047002002402DE9F04704468846AA
:1028900015461E464FF0000900BF29480078012860
:1028A00002D10220BDE8F08701202549087000BF51
:1028B0004FF47A70FEF750FD0746002F38D12049BB
:1028C00048602048006800F4806048B11D480068F6
:1028D00020F480601B49086002201949087702E053
:1028E0000020174908773CB92A4633464046FEF790
:1028F000FFFC4FF001090BE0012C01D0022C07D1A5
:1029000029464046FEF708FD022C01D14FF48029EC
:102910004FF47A70FEF720FD0746B9F1000F05D09D
:102920000848406920EA090006494861FEF77CFC36
:1029300000BF00200249087000BF3846B2E700001F
:10294000840000200020024000200849496901F06D
:10295000004151B10649054A91600649916011460E
:10296000496901F0004101B1012070470020024097
:1029700023016745AB89EFCD70B50446B4F5807F80
:1029800021D14FF48071104800F01CF90546012D4B
:102990000CD100F025F90D49086001200C490870A0
:1029A00000200C4908700C4908700BE008480078BA
:1029B00028B10848007810B90120074908700020A4
:1029C0000349087000BF70BD000400486800002083
:1029D0006C0000206D0000206E00002010B5044641
:1029E00004480068204020B1024804602046FFF7F8
:1029F000C3FF10BD1404014078B502460B46002108
:102A0000CAE001268E401D6805EA0604002C73D03A
:102A10001D7905F00305012D04D01D7905F003058E
:102A2000022D13D190684E000325B540A8434E00F7
:102A3000DD68B54028439060506801258D40A8436B
:102A40001D79C5F300158D40284350601D7905F0B0
:102A50000305032D09D0D0684E000325B540A843D7
:102A60004E009D68B5402843D0601D7905F00305F0
:102A7000022D13D1CE0802F1200555F826004D078E
:102A8000EE0E0F25B540A8434E07F60E1D69B54062
:102A90002843CE0802F1200545F8260010684E00B4
:102AA0000325B540A8431D7905F003054E00B54048
:102AB000284310605D6805F44035002D6BD000BFE1
:102AC000384D2D6E45F00105364E356635462D6E76
:102AD00005F00105009500BF00BF4FEAB6358E082E
:102AE00055F826008D072E0F0F25B540A843B2F1EB
:102AF000904F02D100251AE04DE02B4DAA4201D1A2
:102B0000012514E0294DAA4201D102250FE0284DEC
:102B1000AA4201D103250AE0264DAA4201D104258B
:102B200005E0254DAA4201D1052500E006258E07C6
:102B3000360FB5402843214D8E0845F82600204D1C
:102B40002868A0435D6805F4801505B120431C4D3D
:102B500028602D1D2868A0435D6805F4001505B1A7
:102B60002043174D2D1D2860154D2D1F2868A043AB
:102B70005D6805F4003505B12043114D2D1F286017
:102B80002D1F2868A0435D6805F4803505B12043FA
:102B90000B4D083D2860491C1D68CD40002D7FF479
:102BA00030AF78BD00100240000400480008004823
:102BB000000C0048001000480014004808000140C4
:102BC00008040140024613690B400BB1012000E0EC
:102BD000002070470AB1816100E081627047000007
:102BE000014800687047000078000020024692F813
:102BF000410020282DD100BF92F84000012801D1CA
:102C000002207047012082F8400000BF242082F893
:102C100041001068006820F0010013681860106817
:102C2000006820F48050136818601068006808433A
:102C3000136818601068006840F00100136818609D
:102C4000202082F8410000BF002082F8400000BF31
:102C5000D7E70220D5E710B502460B4692F84100AF
:102C600020282AD100BF92F84000012801D102207B
:102C700010BD012082F8400000BF242082F84100EE
:102C80001068006820F00100146820601068016876
:102C900021F4706141EA0321106801601068006846
:102CA00040F0010014682060202082F8410000BF3D
:102CB000002082F8400000BFDAE70220D8E7704722
:102CC00070B504460D4616461049206888421CD14E
:102CD00055B90F480078C0B14FF0807301220D49FB
:102CE000204600F0BDF910E00A480078162801D10E
:102CF00007F060FA08480068064A127881184FF019
:102D000080730122204600F027FA70BD0078004051
:102D10007400002050000020700000202DE9F041D8
:102D200004462068856920680668C5F3002050B114
:102D3000C6F3C01038B1606C40F0010060644FF41D
:102D400080702168C861C5F3802050B1C6F3C010FF
:102D500038B1606C40F0080060644FF48060216816
:102D6000C861C5F3402050B1C6F3C01038B1606CE3
:102D700040F0020060644FF400702168C861676C25
:102D800007F00B0018B13946204602F097FEBDE867
:102D9000F08170B504462068856920680668606B1C
:102DA00020B1324629462046636B984770BD00002B
:102DB00010B5044694F8410020280BD1282084F84F
:102DC0004100054860634FF40041204602F0A6FD33
:102DD000002010BD0220FCE72F65000870470000AE
:102DE00010B504460CB9012010BD94F8410028B973
:102DF000002084F84000204600F078F8242084F871
:102E000041002068006820F00100216808606068C7
:102E100020F07060216808612068806820F400401C
:102E200021688860E068012805D1A06840F400406E
:102E30002168886004E0A06840F40440216888604C
:102E4000E068022806D12068406840F400602168EC
:102E5000486005E02068406820F400602168486010
:102E60002068406813490843216848602068C068AA
:102E700020F400402168C860D4E904010843A16936
:102E800040EA01202168C860D4E9070108432168AD
:102E900008602068006840F0010021680860002098
:102EA0006064202084F841000020206384F8420000
:102EB00000BF99E70080000210B50446064920686B
:102EC000884208D101200549087000200449087093
:102ED0002046FFF76DFF10BD007800407400002011
:102EE00050000020704770477047704710B598B089
:102EF0000446142113A8FDF720FD442102A8FDF784
:102F00001CFD3249206888425DD180150290002066
:102F10000A9002A800F002FB08B1FEF781F900BF99
:102F20002B48C06C40F001002949C8640846C06CB9
:102F300000F00100019000BF00BF00BF0846C06C58
:102F400040F00200C8640846C06C00F00200019026
:102F500000BF00BF88151390122014900020159018
:102F600016900220179013A94FF09040FFF744FDF0
:102F70002020139012201490002015901690082005
:102F8000179013A91348FFF737FD00BF1048806D55
:102F900040F080400E4988650846806D00F0804012
:102FA000019000BF00BF002211465C2000F0CEF966
:102FB0005C2000F0B7F9002211465D2000F0C6F950
:102FC0005D2000F0AFF918B010BD0000007800409F
:102FD000001002400004004810B504460D49206866
:102FE000884216D10C48007818B100200A490870B0
:102FF00004E00A480078401C084908700848006846
:10300000064A127881184FF080733222204600F071
:1030100027F810BD00780040740000205000002008
:103020007000002010B504460A49206888420FD17C
:1030300009480078401C08490870084800680A469A
:10304000127881184FF080733222204600F084F805
:1030500010BD0000007800405000002070000020EB
:103060002DE9F04104460D4616461F4694F84100EE
:1030700000F02800282868D105B12EB94FF400705F
:1030800060640120BDE8F08148F20201204602F0B0
:103090000EFC00BF94F84000012801D10220F1E7A6
:1030A000012084F8400000BF94F8410029281CD179
:1030B0000121204602F0FBFB2068006800F48040FC
:1030C000B0F5804F11D12068006820F4804021685D
:1030D0000860A06B48B11E48A16B8863A06BFFF726
:1030E00098F910B1A06B816B88472A2084F84100C1
:1030F000202084F84200002060642068406820F4AA
:1031000000402168486065626685608D2085E762C1
:103110001048606320688069C0F3C0082068806937
:10312000C0F3004028B9B8F1000F02D00820216890
:10313000C86100BF002084F8400000BF48F20201CF
:10314000204602F0EBFB00209CE701209AE70000FC
:103150008D5800082F6500082DE9F04104460D4602
:1031600016461F4694F8410000F02800282868D130
:1031700005B12EB94FF4007060640120BDE8F08104
:1031800048F20101204602F092FB00BF94F8400093
:10319000012801D10220F1E7012084F8400000BF9E
:1031A00094F841002A281CD10221204602F07FFB1E
:1031B0002068006800F40040B0F5004F11D120688D
:1031C000006820F4004021680860E06B48B11E48A8
:1031D000E16B8863E06BFFF71CF910B1E06B816B6A
:1031E0008847292084F84100202084F842000020EC
:1031F00060642068406820F400402168486065628F
:103200006685608D2085E76210486063206880696C
:10321000C0F3C00820688069C0F3004028B1B8F14D
:10322000000F02D008202168C86100BF002084F888
:10323000400000BF48F20101204602F06FFB002071
:103240009CE701209AE700008D5800082F650008D0
:103250000348006803490968084401490860704749
:10326000780000208000002010B50024032000F02A
:10327000ABF80F2000F008F808B1012401E000F0DD
:103280002FF8204610BD000070B5044600251148F7
:103290000068D8B10F4800684FF47A71B1FBF0F0C4
:1032A0000D490968B1FBF0F6304600F025FF58B92A
:1032B000102C07D200222146501E00F047F8074884
:1032C000046004E0012502E0012500E00125284614
:1032D00070BD000080000020A40000207C000020C1
:1032E00008B500BF0E48006E40F001000C490866AA
:1032F0000846006E00F00100009000BF00BF00BF54
:103300000846806D40F0805088650846806D00F06A
:103310008050009000BF00BF00F0F6F808BD00002C
:10332000001002400146084600280DDB00BF00BF28
:1033300000F01F0301229A4043099B0003F1E023A0
:10334000C3F8002100BF00BF00BF70472DE9F05F48
:1033500080460D46164605F055FC074639462A4676
:10336000334601F00700C0F1070ABAF1040F02D991
:103370004FF0040A01E0C0F1070AD14600F1040A47
:10338000BAF1070F02D24FF0000A01E0A0F1030AE0
:10339000D4464FF0010A0AFA09FAAAF1010A0AEA28
:1033A000020A0AFA0CFA4FF0010B0BFA0CFBABF114
:1033B000010B0BEA030B4AEA0B042146404605F0D9
:1033C00029FCBDE8F09F000000BF00F00702064B9B
:1033D00019684FF6FF031940044B0B4343EA0221DF
:1033E000014B196000BF70470CED00E00000FA05CA
:1033F00002468ABB4148006800F4C060B0F5806FA7
:103400002BD13E488030006820F480703B4BC3F8DD
:1034100080001846006820F4C06040F40070186016
:103420003748006832235843364BB0FBF3F0411C59
:1034300000E0491E3148406900F48060B0F5806FBB
:1034400001D10029F5D12D48406900F48060B0F524
:10345000806F51D10320704708E028488030006811
:1034600020F48070254BC3F8800045E0B2F5007F62
:103470003AD12248006800F4C060B0F5806F2AD1CC
:103480001E488030006840F480701C4BC3F88000F8
:103490001846006820F4C06040F4007018601848B6
:1034A000006832235843174BB0FBF3F0411C00E097
:1034B000491E1248406900F48060B0F5806F01D168
:1034C0000029F5D10D48406900F48060B0F5806FA7
:1034D00012D10320BFE709488030006840F48070B3
:1034E000064BC3F8800007E00448006820F4C06081
:1034F00040F48060014B18600020ACE70070004091
:10350000A400002040420F000348806840F480403F
:103510000149886070470000007000402DE9F843C1
:1035200004460027B846206800F40020B0F5002FBC
:1035300073D1B946D348806D00F0805078B900BF90
:10354000D048806D40F08050CE4988650846806D37
:1035500000F08050009000BF00BF4FF00109CA4842
:10356000006840F48070C8490860FFF739FB0646E0
:1035700006E0FFF735FB801B022801D9032705E091
:10358000C148006800F480700028F2D000BF002F0E
:1035900046D1BC489030006800F44075CDB1206C35
:1035A000A84216D0B7489030006820F44075B5485E
:1035B000D0F8900040F48030B249C1F8900008463D
:1035C000D0F8900020F48030C1F890000846C0F890
:1035D000905005F00100A0B1FFF702FB064608E09D
:1035E000FFF7FEFA801B41F28831884201D9032798
:1035F00006E0A4489030006800F002000028EFD0F8
:1036000000BF5FB99F489030006820F44070216C83
:1036100008439C49C1F8900003E00CE0B84600E084
:10362000B846B9F1010F05D19648806D20F0805061
:103630009449886500BF207800F0010048B19148A6
:103640008830006820F00300616808438D49C1F8A4
:103650008800207800F00200022809D189488830CB
:10366000006820F00C00A16808438649C1F8880072
:10367000207800F00400042809D1824888300068CE
:1036800020F03000E16808437E49C1F888002078C6
:1036900000F00800082809D17A488830006820F036
:1036A000C000216908437749C1F88800207800F0FC
:1036B0002000202809D173488830006820F4406039
:1036C000616908436F49C1F88800207800F0400024
:1036D000402809D16B488830006820F44050A16927
:1036E00008436849C1F88800207800F080008028ED
:1036F00009D164488830006820F44040E1690843FB
:103700006049C1F88800208800F48070B0F5807F9F
:1037100009D15C488830006820F44030216A0843B1
:103720005849C1F88800208800F40070B0F5007F87
:1037300009D154488830006820F44020616A084369
:103740005049C1F88800208800F48060B0F5806F8F
:1037500013D14C488830006820F44010A16A084317
:10376000484988310860A06AB0F5801F05D14548F6
:10377000C06840F480104349C860208800F40060AD
:10378000B0F5006F13D13F488830006820F4400046
:10379000E16A08433B4988310860E06AB0F5800F70
:1037A00005D13848C06840F480103649C860208888
:1037B00000F48050B0F5805F13D132488830006843
:1037C00020F04070216B08432E4988310860206B3F
:1037D000B0F1807F05D12B48C06840F480102949A2
:1037E000C860208800F40050B0F5005F13D1254870
:1037F0008830006820F04060616B084321498831BF
:103800000860606BB0F1006F05D11E48C06840F4DD
:1038100080101C49C860208800F48040B0F5804FBB
:1038200013D118488830006820F04060A16B08432D
:10383000144988310860A06BB0F1006F05D11148C0
:10384000C06840F480100F49C860208800F4004030
:10385000B0F5004F13D10B488830006820F040507D
:10386000E16B0843074988310860E06BB0F1805F85
:1038700005D10448C06840F480300249C860404621
:10388000BDE8F88300100240007000402DE9F041CF
:1038900004460D464FF0000814B90120BDE8F08140
:1038A0007D48006800F00F00A8420ED27A480068F8
:1038B00020F00F002843784908600846006800F0AF
:1038C0000F00A84201D00120E8E7207800F00100B5
:1038D000002864D06068032823D17048006800F095
:1038E000007008B90120D9E703F0D8FD06466C48FE
:1038F000864237D96948806800F0F00030B12078FE
:1039000000F0020002282DD1A06858BB63488068EF
:1039100020F0F00040F08000604988604FF080089F
:1039200020E06068022806D15C48006800F400309E
:1039300040B90120B2E75948006800F4806008B936
:103940000120ABE700F0DEF806465548864209D96B
:103950005248806820F0F00040F080004F498860B5
:103960004FF080084D48806820F0030061680843EC
:103970004A498860FFF734F9074608E0FFF730F955
:10398000C01B41F28831884201D9032086E74348B1
:10399000806800F00C006168B0EB810FEED12078F8
:1039A00000F00200022820D1207800F00400042852
:1039B00005D13A48806840F4E06038498860207852
:1039C00000F00800082807D13448806820F46050CF
:1039D00040F4E060314988603048806820F0F000B1
:1039E000A16808432D49886008E0B8F1800F05D12F
:1039F0002A48806820F0F00028498860264800683E
:103A000000F00F00A84219D92348006820F00F00E9
:103A1000284321490860FFF7E3F8074608E0FFF76D
:103A2000DFF8C01B41F28831884201D9032035E715
:103A30001948006800F00F00A842F0D1207800F08B
:103A40000400042807D11548806820F4E060E1688C
:103A5000084312498860207800F00800082808D13F
:103A60000E48806820F46050216940EAC1000B498B
:103A7000886000F047F809498968C1F30311094AD1
:103A8000515C01F01F01C840074908600748006801
:103A9000FFF7FAFB02E7000000200240001002409E
:103AA00000B4C4045CAC0008A40000207C0000202A
:103AB0000148006870470000A400002000B5FFF72F
:103AC000F7FF05498968C1F30221044A515C01F0FE
:103AD0001F01C84000BD0000001002406CAC00088F
:103AE00000B5FFF7E5FF05498968C1F3C221044A23
:103AF000515C01F01F01C84000BD000000100240F1
:103B00006CAC000870B5224DAD6805F00C05042DB5
:103B100001D120483AE01E4DAD6805F00C05082D96
:103B200001D11D4832E01A4DAD6805F00C050C2D91
:103B30002BD1174DED6805F00304154DED68C5F365
:103B400003156A1C022C0CD0032C09D1124DB5FBB5
:103B5000F2F50F4EF668C6F3062605FB06F10AE0FD
:103B600000BF0C4DB5FBF2F5094EF668C6F306260C
:103B700005FB06F100BF00BF054DED68C5F34165CB
:103B80006D1C6B00B1FBF3F000E0002070BD000085
:103B9000001002400024F40000127A002DE9F843DE
:103BA000044614B90120BDE8F883207800F0010034
:103BB000002865D0FC48806800F00C07FA48C0680F
:103BC00000F003060C2F01D1032E01D0082F0AD1DB
:103BD000F548006800F40030002851D060680028E3
:103BE0004ED10120DFE700BF6068B0F5803F06D10D
:103BF000ED48006840F48030EB4908601AE06068E6
:103C0000B0F5A02F0BD1E848006840F48020E649C9
:103C100008600846006840F4803008600AE0E24826
:103C2000006820F48030E04908600846006820F40D
:103C30008020086000BF606888B1FEF7D1FF0546AC
:103C400006E0FEF7CDFF401B642801D90320AAE758
:103C5000D548006800F400300028F2D010E0FEF7EC
:103C6000BFFF054606E0FEF7BBFF401B642801D9F5
:103C7000032098E7CC48006800F400300028F2D117
:103C8000207800F00200022860D1C748806800F068
:103C90000C07C548C06800F003060C2F01D1022EA6
:103CA00001D0042F18D1C048006800F4806018B11A
:103CB000E06808B9012076E7BB48406820F0FE4084
:103CC000217C40EA0160B8494860B8480068FFF7C5
:103CD000DBFA18B3012066E7E06800B3B248006879
:103CE00040F48070B0490860FEF77AFF054606E0B0
:103CF000FEF776FF401B022801D9032053E7AA48AC
:103D0000006800F480600028F2D0A748406820F0E6
:103D1000FE40217C40EA0160A349486016E0A248C9
:103D2000006820F48070A0490860FEF759FF05463E
:103D300006E0FEF755FF401B022801D9032032E7B9
:103D40009948006800F480600028F2D1207800F0E3
:103D50000800082836D16069D0B1934894300068D3
:103D600040F001009049C1F89400FEF739FF054684
:103D700006E0FEF735FF401B022801D9032012E7B9
:103D800089489430006800F002000028F1D019E062
:103D900085489430006820F001008349C1F8940000
:103DA000FEF71EFF054606E0FEF71AFF401B02283D
:103DB00001D90320F7E67C489430006800F0020047
:103DC0000028F1D1207800F00400042872D14FF0CF
:103DD00000087548806D012121EA107078B100BF9C
:103DE0007148806D40F080506F4988650846806D4D
:103DF00000F08050009000BF00BF4FF001086C48F9
:103E0000006800F48070B0B96948006840F48070C0
:103E100067490860FEF7E4FE054606E0FEF7E0FEAF
:103E2000401B022801D90320BDE66148006800F468
:103E300080700028F2D000BFA068012808D15A483D
:103E40009030006840F001005749C1F8900021E02F
:103E5000A06805280FD154489030006840F0040055
:103E60005149C1F890000846D0F8900040F0010098
:103E7000C1F890000EE04C489030006820F001003E
:103E80004949C1F890000846D0F8900020F004009D
:103E9000C1F8900000BFA068A8B1FEF7A1FE0546DA
:103EA00009E0FEF79DFE401B41F28831884202D9AD
:103EB000032078E625E03C489030006800F00200DE
:103EC0000028EED013E0FEF78BFE054608E0FEF773
:103ED00087FE401B41F28831884201D9032062E607
:103EE00031489030006800F002000028EFD1B8F1AE
:103EF000010F05D12C48806D20F080502A4988653B
:103F000000BF207800F02000202836D1A069D0B171
:103F100025489830006840F001002349C1F8980016
:103F2000FEF75EFE054606E0FEF75AFE401B02283D
:103F300001D9032037E61C489830006800F00200E1
:103F40000028F1D019E018489830006820F00100EE
:103F50001549C1F89800FEF743FE054606E0FEF756
:103F60003FFE401B022801D903201CE60E48983072
:103F7000006800F002000028F1D1E069002860D05C
:103F80000948806800F00C000C287AD0E06902280B
:103F900058D10548006820F0807003490860FEF79A
:103FA0001FFE05460DE00000001002407C000020CE
:103FB00000700040FEF714FE401B022801D90320C8
:103FC000F1E54A48006800F000700028F2D1D4E919
:103FD0000810401E41EA0011A06A41EA0021208E2B
:103FE0000122C2EB500041EA40513420005DC2EB97
:103FF000500041EA40612C20005D41EAC0603B492D
:10400000C9683B4A114008433849C86008460068FF
:1040100040F0807008600846C06840F08070C8605A
:10402000FEF7DEFD054606E0FEF7DAFD401B02283E
:1040300001D90320B7E52D48006800F00070002882
:10404000F2D051E02948006820F0807027490860CC
:10405000FEF7C6FD054606E0FEF7C2FD401B02283E
:1040600001D903209FE52148006800F00070002876
:10407000F2D11E48C0681F4908401C49C86033E09F
:10408000FFE7E069012800D18DE51848C66806F011
:104090000301206A814225D106F0F001606A401ECA
:1040A000B1EB001F1ED106F4FE41A06AB1EB002F58
:1040B00018D106F078412C20005DB1EBC06F11D112
:1040C00006F4C001208E0122C2EB5000B1EB405F2C
:1040D00008D106F0C0613420005DC2EB5000B1EBA6
:1040E000406F01D001205EE500205CE50010024039
:1040F0000C809F01FCFFEEFE70B504462546681E4D
:10410000B0F1807F01D301200FE0681E4FF0E02165
:1041100048610F214FF0FF3004F07CFD00204FF08C
:10412000E021886107200861002070BD704770475A
:104130007047000010B50346002200BF93F83C0012
:10414000012801D1022010BD012083F83C0000BFEE
:1041500022F0FF00CC6840EA040222F440708C6830
:1041600040EA040222F480604C6840EA040222F42F
:1041700000600C6840EA040222F480500C6940EAB6
:10418000040222F400504C6940EA040222F4804008
:104190000C6B40EA040222F470200C8B40EA0442CB
:1041A00022F08050CC6940EA0402124C1868A04208
:1041B00003D0114C1868A04213D122F470000C8D6A
:1041C00040EA045222F080700C6A40EA040222F0B5
:1041D00000704C6A40EA040222F00050CC6A40EAC7
:1041E00004021868426400BF002083F83C0000BF4E
:1041F00000BFA8E7002C0140003401407047704721
:104200007047000030B502460B4600BF92F83C00F4
:10421000012801D1022030BD012082F83C0000BFFE
:10422000022082F83D0010684168106884681D4DC6
:104230001068A84203D01C4D1068A84203D121F495
:10424000700158680143194801401868014310681B
:104250004160144D1068A84213D01068B0F1804F2F
:104260000FD0134D1068A8420BD0124D1068A84211
:1042700007D00D4D1068A84203D00F4D1068A8421A
:1042800005D124F0800498680443106884600120FC
:1042900082F83D0000BF002082F83C0000BF00BF54
:1042A000B9E70000002C0140003401408FFFFFFD02
:1042B000000400400008004000400140704710B575
:1042C00004460CB9012010BD94F83D0028B9002027
:1042D00084F83C00204600F029F8022084F83D00D4
:1042E000211D206803F0AAF9012084F8480000BFCE
:1042F00084F83E0001213F20015540200155412016
:104300000155422001554320015500BF00BF012047
:1043100084F84400452001554620015547200155A9
:1043200000BF012084F83D000020CCE738B50446EA
:104330003449206888422ED100BF3348006E40F4D3
:104340000060314908660846006E00F40060009085
:1043500000BF00BF002211461820FEF7F7FF18200B
:10436000FEF7E0FF002211461920FEF7EFFF1920AB
:10437000FEF7D8FF002211461A20FEF7E7FF1A20A9
:10438000FEF7D0FF002211461B20FEF7DFFF1B20A7
:10439000FEF7C8FF35E02068B0F1804F0DD100BFB7
:1043A0001948806D40F00100174988650846806D06
:1043B00000F00100009000BF23E01449206888420B
:1043C0000DD100BF1048806D40F002000E49886595
:1043D0000846806D00F00200009000BF11E00C491B
:1043E000206888420DD100BF0748806D40F004006E
:1043F000054988650846806D00F00400009000BF04
:1044000000BF38BD002C01400010024000040040F5
:1044100000080040014691F83D00012801D001202C
:104420007047022081F83D00184B0868984213D06D
:104430000868B0F1804F0FD0154B086898420BD038
:10444000144B0868984207D0134B0868984203D071
:10445000124B0868984210D108688068104B00EA37
:104460000302062A0FD0B2F5803F0CD0086800681E
:1044700040F001000B68186005E00868006840F033
:1044800001000B6818600020CAE70000002C014002
:10449000000400400008004000340140004001409A
:1044A000070001002DE9F04104460D46002700BF3A
:1044B00094F83C00012802D10220BDE8F0810120DF
:1044C00084F83C0000BF022084F83D002068866824
:1044D0003F48064026F47F4620688660286870289A
:1044E00024D00CDC00F00F01002964D10011072852
:1044F00061D2DFE800F05354555649353F00354A44
:10450000811A90424FD009DCB0F5805F0DD0B0F534
:10451000005F18D0B0F1101F4DD143E0102943D0F7
:10452000202942D0502946D140E046E0D5E9021387
:104530006A68206803F0F9F82068866846F0770614
:104540002068866039E0D5E902136A68206803F0C4
:10455000ECF82068806840F48040216888602CE096
:10456000EA686968206803F0CBFA5021206803F0FC
:10457000E7F822E0EA686968206803F0D4FA60216D
:10458000206803F0DDF818E0EA686968206803F045
:10459000B7FA4021206803F0D3F80EE000BF00BF57
:1045A00000BF00BF00BF00BF00BF00BF2968206878
:1045B00003F0C6F801E0012700BF00BF012084F826
:1045C0003D0000BF002084F83C0000BF384674E77F
:1045D00088FFCEFF20001000704770B504462068A9
:1045E000C6682068056905F00200022819D106F0A6
:1045F0000200022815D1401F2168086101202077A0
:104600002068806900F0030018B12046FFF7E4FF3E
:1046100005E0204600F0A8F9204600F0B7FA002097
:10462000207705F00400042819D106F004000428BE
:1046300015D1C04321680861022020772068806975
:1046400000F4407018B12046FFF7C6FF05E0204691
:1046500000F08AF9204600F099FA0020207705F052
:104660000800082819D106F00800082815D1C04311
:1046700021680861042020772068C06900F00300E9
:1046800018B12046FFF7A8FF05E0204600F06CF9BE
:10469000204600F07BFA0020207705F0100010285B
:1046A00019D106F01000102815D1C0432168086107
:1046B000082020772068C06900F4407018B12046B7
:1046C000FFF78AFF05E0204600F04EF9204600F093
:1046D0005DFA0020207705F0010048B106F00100E6
:1046E00030B16FF0010021680861204600F046FCFF
:1046F00005F08000802804D005F40050B0F5005F7C
:104700000AD106F08000802806D16FF4025021689B
:1047100008612046FFF70BFD05F48070B0F5807F3F
:104720000AD106F08000802806D16FF480702168DD
:1047300008612046FFF7FAFC05F04000402809D147
:1047400006F04000402805D1C0432168086120469A
:1047500000F015FC05F02000202809D106F020000B
:10476000202805D1C043216808612046FFF7E0FCFE
:1047700005F48010B0F5801F0BD106F48010B0F561
:10478000801F06D16FF48010216808612046FFF772
:1047900036FD05F40010B0F5001F0BD106F4001033
:1047A000B0F5001F06D16FF40010216808612046A3
:1047B000FFF724FD05F48000B0F5800F0BD106F45F
:1047C0008000B0F5800F06D16FF480002168086189
:1047D0002046FFF715FD05F40000B0F5000F0BD1E2
:1047E00006F40000B0F5000F06D16FF40000216858
:1047F00008612046FFF762FD70BD000010B586B06D
:104800000446142101A8FCF798F851492068884211
:104810001CD100BF4F48C06C40F001004D49C86436
:104820000846C06C00F00100009000BF00BFC81433
:104830000190022002900020039004900B2005902C
:1048400001A94FF09040FEF7D7F87EE02068B0F164
:10485000804F1BD100BF3F48C06C40F001003D4974
:10486000C8640846C06C00F00100009000BF00BFA3
:1048700002200190029000200390049001200590F6
:1048800001A94FF09040FEF7B7F85EE0324920688A
:1048900088421BD100BF2F48C06C40F002002D4958
:1048A000C8640846C06C00F00200009000BF00BF62
:1048B0000120019002200290002003900490022029
:1048C000059001A92548FEF797F83EE024492068A5
:1048D00088421BD100BF1F48C06C40F002001D4938
:1048E000C8640846C06C00F00200009000BF00BF22
:1048F00048150190022002900020039004900220AD
:10490000059001A91548FEF777F81EE015492068C3
:1049100088421AD100BF0F48C06C40F001000D4919
:10492000C8640846C06C00F00100009000BF00BFE2
:10493000042001900220029000200390049009209E
:10494000059001A9C006FEF757F806B010BD00009B
:10495000002C014000100240000400400004004808
:10496000000800400040014070472DE9F041044636
:104970000D461646002700BF94F83C00012802D1DE
:104980000220BDE8F081012084F83C0000BF0C2E1D
:1049900051D005DC4EB1042E1ED0082E7AD133E062
:1049A000102E60D0142EF9D175E02946206802F04F
:1049B000D3FE2068806940F0080021688861206883
:1049C000806920F004002168886120688069296975
:1049D00008432168886178E02946206802F012FFC8
:1049E0002068806940F400602168886120688069DF
:1049F00020F480602168886120688069296940EA24
:104A000001202168886160E02946206802F054FF97
:104A10002068C06940F008002168C8612068C0694A
:104A200020F004002168C8612068C0692969084332
:104A30002168C86149E02946206802F097FF206894
:104A4000C06940F400602168C8612068C06920F432
:104A500080602168C8612068C069296940EA012036
:104A60002168C86131E02946206802F0D9FF20683A
:104A7000006D40F00800216808652068006D20F096
:104A80000400216808652068006D296908432168D1
:104A900008651AE017E02946206802F0F9FF20684F
:104AA000006D40F40060216808652068006D20F406
:104AB0008060216808652068006D296940EA01204E
:104AC0002168086501E0012700BF00BF00BF00208A
:104AD00084F83C0000BF384653E710B504460CB9D3
:104AE000012010BD94F83D0028B9002084F83C0056
:104AF000204600F029F8022084F83D00211D20689E
:104B000002F09CFD012084F8480000BF84F83E00BC
:104B100001213F20015540200155412001554220EF
:104B200001554320015500BF00BF012084F8440017
:104B300045200155462001554720015500BF012061
:104B400084F83D000020CCE738B504460D492068C4
:104B5000884215D100BF0C48006E40F480300A49ED
:104B600008660846006E00F48030009000BF00BF69
:104B7000002211461820FEF7E9FB1820FEF7D2FBB1
:104B800038BD0000004001400010024010B504464E
:104B900004492068884204D10348006808B905F038
:104BA000DBFA10BD002C01405400002070B5044613
:104BB0000D4615B994F83E0015E0042D02D13F20B2
:104BC000005D10E0082D02D14020005D0BE00C2DAF
:104BD00002D14120005D06E0102D02D14220005D8F
:104BE00001E04320005D012801D0012070BD1DB906
:104BF000022084F83E001AE0042D03D102213F2058
:104C0000015514E0082D03D10221402001550EE08A
:104C10000C2D03D102214120015508E0102D03D1B4
:104C200002214220015502E00221432001550122C8
:104C30002946206802F068FD2749206888420FD085
:104C40002649206888420BD025492068884207D031
:104C500024492068884203D023492068884201D132
:104C6000012000E0002028B12068406C40F40040A2
:104C70002168486418492068884213D02068B0F140
:104C8000804F0FD01949206888420BD018492068FE
:104C9000884207D011492068884203D01049206813
:104CA000884210D120688068124900EA0106062E69
:104CB0000FD0B6F5803F0CD02068006840F00100AE
:104CC0002168086005E02068006840F00100216864
:104CD000086000208AE70000002C014000340140F9
:104CE00000400140004401400048014000040040F1
:104CF0000008004007000100F0B504460D460027FB
:104D000015B994F83E0015E0042D02D13F20005D56
:104D100010E0082D02D14020005D0BE00C2D02D1E7
:104D20004120005D06E0102D02D14220005D01E02F
:104D30004320005D012801D00120F0BD1DB90220F3
:104D400084F83E001AE0042D03D102213F200155D2
:104D500014E0082D03D10221402001550EE00C2D56
:104D600003D102214120015508E0102D03D1022179
:104D70004220015502E002214320015535B1042DA6
:104D80000BD0082D10D00C2D1CD114E02068C06869
:104D900040F002002168C86016E02068C06840F05A
:104DA00004002168C8600FE02068C06840F0080077
:104DB0002168C86008E02068C06840F010002168E1
:104DC000C86001E0012700BF00BFEFBB01222946F8
:104DD000206802F099FC2849206888420FD02749B2
:104DE000206888420BD026492068884207D0254990
:104DF0002068884203D024492068884201D10120DC
:104E000000E0002028B12068406C40F40040216898
:104E1000486419492068884213D02068B0F1804F57
:104E20000FD01A49206888420BD01949206888425F
:104E300007D012492068884203D01149206888426F
:104E400012D12068806800E00DE0124900EA0106F6
:104E5000062E0FD0B6F5803F0CD02068006840F0D9
:104E600001002168086005E02068006840F001004A
:104E700021680860384660E7002C0140003401409A
:104E8000004001400044014000480140000400404F
:104E9000000800400700010030B504460D4600221E
:104EA0002946206802F030FC2F49206888420FD044
:104EB0002E49206888420BD02D492068884207D0AF
:104EC0002C492068884203D02B492068884201D1B0
:104ED000012000E0002090B100BF2068006A41F28C
:104EE0001111084050B92068006A8900084028B9AB
:104EF0002068406C20F400402168486400BF00BF77
:104F00002068006A41F21111084050B92068006A17
:104F10008900084028B92068006820F00100216855
:104F2000086000BF1DB9012084F83E001AE0042D7E
:104F300003D101213F20015514E0082D03D10121A7
:104F4000402001550EE00C2D03D1012141200155D7
:104F500008E0102D03D101214220015502E001217A
:104F600043200155002030BD002C01400034014099
:104F70000040014000440140004801407047704734
:104F8000014600BF91F88400012801D1022070473A
:104F9000012081F8840000BF2420C1F8880008683F
:104FA00002680868006820F001000B68186022F0B1
:104FB000005200204866086802602020C1F888007E
:104FC00000BF002081F8840000BF00BFDFE770470A
:104FD000704770B504460D4600BF94F88400012860
:104FE00001D1022070BD012084F8840000BF24207C
:104FF000C4F88800206806682068006820F0010076
:10500000216808602068806820F06060284321687B
:105010008860204602F0C2FD206806602020C4F8A7
:10502000880000BF002084F8840000BF00BFD9E7DB
:1050300070B504460D4600BF94F88400012801D1E4
:10504000022070BD012084F8840000BF2420C4F831
:105050008800206806682068006820F00100216848
:1050600008602068806820F06040284321688860DC
:10507000204602F093FD206806602020C4F88800D6
:1050800000BF002084F8840000BF00BFD9E770474C
:10509000704770472DE9F04704462068C5692068CD
:1050A00006682068876840F60F0005EA0009B9F134
:1050B000000F0FD105F0200060B106F0200010B9FC
:1050C00007F0805030B1606F10B12046616F8847A3
:1050D000BDE8F087B9F1000F7ED0D448384018B948
:1050E000D34830400028F7D005F0010058B106F44D
:1050F000807040B1012021680862D4F8900040F02F
:105100000100C4F8900005F0020058B107F001005A
:1051100040B1022021680862D4F8900040F00400F9
:10512000C4F8900005F0040058B107F0010040B148
:10513000042021680862D4F8900040F00200C4F80E
:10514000900005F0080070B106F0200010B9B748D3
:10515000384040B1082021680862D4F8900040F03F
:105160000800C4F8900005F4006060B106F08060AB
:1051700048B14FF4006021680862D4F8900040F014
:105180002000C4F89000D4F89000002852D005F018
:10519000200050B106F0200010B907F0805020B177
:1051A000606F10B12046616F8847D4F890A02068E6
:1051B000806800F04000402802D00AF0280070B358
:1051C000204602F075FE2068806800F0400040280C
:1051D00026D100BF00BF00E02DE02168083151E872
:1051E000001F21F040002168083141E80002002A38
:1051F000F1D100BFD4F8800068B18E48D4F8801097
:105200008863D4F88000FDF704F998B1D4F88000E1
:10521000816B88470EE02046FFF73BFF0AE003E082
:105220002046FFF736FF05E02046FFF732FF00205B
:10523000C4F890004CE7E06E012865D105F010003D
:10524000002861D006F010000028FAD01020216854
:1052500008622068806800F04000402865D1D4F8DA
:105260008000006840681FFA80F8B8F1000F5BD03A
:10527000B4F85C00404557DDA4F85E80D4F88000A7
:105280000068006800F02000E8BB00BF00BF216894
:1052900051E8001F21F48070226842E800010029D3
:1052A000F5D100BF00BF00BF2168083151E8001FE1
:1052B00021F001002168083141E80002002AF3D101
:1052C00000BF00BF00BF2168083151E8001F21F076
:1052D00040002168083141E80002002AF3D100BFF4
:1052E0002020C4F88C000020E06600BF00BF2168C9
:1052F00051E8001F21F01000226842E80001002957
:10530000F5D100BF01E004E053E0D4F88000FDF7E0
:1053100045F802202067B4F85C00B4F85E20801ADB
:1053200081B22046FFF753FED2E634F85C0F618865
:10533000401A1FFA80F860885C3CC8B3B8F1000FCF
:1053400036D000BF00BF216851E8001F21F49070E3
:10535000226842E800010029F5D100BF00BF00BF6C
:105360002168083151E8001F304AD24301EA0200A7
:105370002168083141E80002002AF1D100BF202055
:10538000C4F88C000020E066606700BF00BF2168A1
:1053900051E8001F21F01000226842E800010029B6
:1053A000F5D100BF0220206741462046FFF70FFEDF
:1053B0008EE605F4801050B107F4800038B14FF448
:1053C0008010216808622046FFF762FE80E605F043
:1053D000800058B106F0800010B907F4000028B131
:1053E000A06F10B12046A16F884771E605F040001C
:1053F00030B106F0400018B1204602F08FFD67E69C
:1054000005F4000030B106F0804018B12046FFF7E7
:105410003EFE5DE605F0807030B106F0004018B148
:105420002046FFF7D5FD53E600BF51E6010000100E
:1054300020010004D77D000810B504460CB90120F6
:1054400010BDA06900B100E000BFD4F8880028B901
:10545000002084F88400204600F02AF82420C4F8B4
:1054600088002068006820F0010021680860A06AB8
:1054700010B1204602F0BEFB204603F085F801285B
:1054800000D1DDE72068406820F490402168486042
:105490002068806820F02A00216888602068006801
:1054A00040F0010021680860204602F01FFCC7E7B9
:1054B00010B598B00446142113A8FBF73EFA442116
:1054C00002A8FBF73AFA2E492068884256D10120FB
:1054D00002900020039002A8FEF720F808B1FBF725
:1054E0009FFE00BF2748006E40F4804025490866B3
:1054F0000846006E00F48040019000BF00BF00BF6E
:105500000846C06C40F00100C8640846C06C00F05A
:105510000100019000BF00BF4FF4C0601390022053
:1055200014900020159016900720179013A94FF0A3
:105530009040FDF761FA144814490860192048604A
:105540001021124881600021C16080210161002189
:1055500041618161C1610162FDF728F808B1FBF783
:105560005FFE00BF0948E067846200BF0022114669
:105570002520FDF7EBFE2520FDF7D4FE18B010BD69
:10558000003801400010024008000240EC030020F7
:1055900070B504460D461646D4F88C00202821D15B
:1055A00005B10EB9012070BD0020E0660E492068EB
:1055B000884211D02068406800F4000060B100BF4C
:1055C00000BF216851E8001F41F08060226842E876
:1055D00000010029F5D100BF32462946204603F0DC
:1055E00095F9E0E70220DEE70080004070B5044650
:1055F0005D48844273D15D485D490978405C0A2862
:105600000AD100205A49087004F0D4FD05225949F6
:10561000554800F0B1F89DE0544855490978405C80
:105620003B2870D15248007803286CDB5048007842
:10563000C01E4E49085C442808D14D480078401EE1
:10564000085C30384B49163948707AE04848007891
:10565000C01E4649085C4D2812D145480078801E7E
:10566000085C303842490978891E404A515C30391B
:1056700001EB810100EB41003E491639087160E001
:105680003B480078C01E3949085C6D2812D1384863
:105690000078801E085C303835490978891E334A05
:1056A000515C303901EB810100EB41003149163981
:1056B000487146E02E480078C01E2C49085C4728F7
:1056C00022D12B480078401E085C312808D104F014
:1056D00071FD05222749244800F04EF831E041E0F1
:1056E00023480078401E2149085C302829D12148F0
:1056F0001038FBF7AFF885B22A461E4910391A4810
:1057000000F03AF81DE020E019480078C01E174963
:10571000085C432815D116480078401E085C3028E4
:1057200004D1002013491639C8700AE010480078E7
:10573000401E0E49085C312803D101200D4916395D
:10574000C87000200A49087004E009480078401C2D
:10575000074908700548064A127881180122024854
:10576000FFF716FF70BD00005803002032420020F2
:10577000750000206204002070B504460E461546F0
:10578000D4F8880020283FD106B10DB9012070BDA2
:1057900044F8506FA580E580002020642120A0639C
:1057A000E06A503CE0B11948E16FC8621848E16F07
:1057B00008631848E16F48630020E16F886323683D
:1057C00003F128022B46216DE06FFCF757FF38B13B
:1057D0001020C4F890002020C4F888000120D6E7EB
:1057E00040202168086200BF00BF2168083151E8ED
:1057F000001F41F080002168083141E80002002AC2
:10580000F3D100BF0020C2E70220C0E74D7E0008B0
:10581000A37E0008EF7D000838B504460C492068D7
:10582000884213D10B48007801280FD10A484078EC
:1058300001280BD109A0006800900222694608489F
:10584000FFF79AFF00200349087000BF38BD000031
:1058500000380140350000204C040020FFFF00000C
:1058600058030020704700BFFEE7000010B5024853
:10587000FDF754FA10BD00008801002010B5024861
:10588000FDF787FA10BD00008801002070B50546BD
:10589000AC6AA06B10B10020A16B8863E06B10B103
:1058A0000020E16B8863204600F05DFF70BD10B5FD
:1058B0000246002001F001034BB140F0420092F893
:1058C000413003F02803282B01D040F0B00001F054
:1058D0000203022B09D140F0440092F8413003F05A
:1058E0002803282B01D040F0B00001F40043B3F5A9
:1058F000004F01D140F0B800102901D140F09000D4
:10590000202901D140F02000402901D140F0400081
:1059100013681B6883431468236010BD10B50246EA
:105920000020254C536BA34222D0244C536BA3423E
:105930001ED0234C536BA3421AD001F40043B3F59D
:10594000004F01D140F0B80001F001030BB140F06D
:10595000F20001F00203022B01D140F0F400102903
:1059600001D140F09000202920D140F020001DE01E
:1059700001F40043B3F5004F01D140F0B80001F04D
:1059800001030BB140F0F20001F00203022B01D140
:1059900040F0F400102901D140F09000202901D1FD
:1059A00040F06000402901D140F0400013681B68BE
:1059B00003431468236010BD91600008F163000880
:1059C000F161000801688969C1F3400111B100214A
:1059D000026891620168896901F0010129B90168D1
:1059E000896941F001010268916170472DE9F04732
:1059F0000446894694F8410000F02800282852D136
:105A000020688069C0F300472068806900F47E0048
:105A1000050C20688068C0F309062068C06800F0A3
:105A2000FE08E06802282ED105F00600062101EAF2
:105A3000E611884216D13546A06C401CA064A06CCB
:105A4000022838D10020A06408202168C86100BF66
:105A5000002084F8400000BF2A4639462046FDF762
:105A60002FF928E045464FF400412046FFF71FFF7D
:105A700000BF002084F8400000BF2A463946204677
:105A8000FDF71EF917E04FF400412046FFF70FFF26
:105A900000BF002084F8400000BF2A463946204657
:105AA000FDF70EF907E008202168C86100BF00205B
:105AB00084F8400000BFBDE8F08700002DE9F04108
:105AC00004460F4694F84160002084F842004D4897
:105AD000E06200206085606C38436064282E03D04B
:105AE000292E01D02A2E09D103212046FFF7DFFEFF
:105AF000282084F841004448606324E048F2030110
:105B00002046FFF7D4FE2046FFF75CFF94F84100E3
:105B1000602816D0202084F8410020688069C0F3F6
:105B2000401070B120688069C0F3001030B11020BF
:105B30002168C861606C40F0040060642020216826
:105B4000C86100206063256BA06B48B3112D01D0A4
:105B5000212D25D12068006800F48040B0F5804FE9
:105B600005D12068006820F4804021680860A06B9F
:105B7000FCF799FC01280FD02448A16B886300BF73
:105B8000002084F8400000BFA06BFCF742FC70B31B
:105B9000A06B816B884732E0204600F0E4FD2EE0E8
:105BA000E06B48B3122D01D0222D25D1206800686A
:105BB00000F40040B0F5004F05D12068006820F4E3
:105BC000004021680860E06BFCF76DFC01280FD0F5
:105BD0000E48E16B886300BF002084F8400000BFDE
:105BE000E06BFCF716FC10B1E06B816B884706E0B8
:105BF000204600F0B8FD02E0204600F0B4FDBDE80C
:105C0000F08100000000FFFF2F6500088D5800089C
:105C100070B504460D461948E0620020206320203C
:105C200084F84100002084F842006063C5F38000DE
:105C300090B12068406A616A0870606A401C6062C6
:105C4000208D48B1208D401E2085608D401E6085CE
:105C5000606C40F00400606448F203012046FFF7E6
:105C600026FE10202168C86100BF002084F8400093
:105C700000BF2046FDF720F970BD00000000FFFFC7
:105C8000F8B504460D462F4620202168C86194F8D7
:105C90004100212806D101212046FFF708FE1120EE
:105CA000206309E094F84100222805D10221204612
:105CB000FFF7FDFD12202063206840683849084046
:105CC00021684860002060633648E062C7F3001036
:105CD00030B110202168C861606C40F0040060643D
:105CE00094F84100602807D1C7F3800020B12068F4
:105CF000406AC0B2009000BF2046FFF763FE666CAA
:105D000094F84100602800D026B1616C2046FFF76E
:105D1000D5FE44E094F8410021281ED1202084F8CB
:105D200041000020206394F8420040280AD100205E
:105D300084F8420000BF84F8400000BF2046FDF711
:105D4000D4F82CE0002084F8420000BF84F8400022
:105D500000BF2046FDF7C7F821E094F84100222853
:105D60001DD1202084F841000020206394F84200D7
:105D700040280AD1002084F8420000BF84F8400087
:105D800000BF2046FDF7B0F809E0002084F842008B
:105D900000BF84F8400000BF2046FDF7A3F8F8BD1F
:105DA00000E800FE0000FFFF10B50446002084F864
:105DB000420094F84100212813D1202084F84100AA
:105DC000112020630020606301212046FFF76FFD52
:105DD00000BF002084F8400000BF2046FDF783F894
:105DE00012E0202084F8410012202063002060632C
:105DF00002212046FFF75BFD00BF002084F8400031
:105E000000BF2046FDF76EF810BD00002DE9F047F9
:105E1000044689462068D0F800804E46E76A94F828
:105E2000415020202168C861212D01D0292D07D1A2
:105E300048F201012046FFF73AFD2120206314E0DB
:105E4000222D01D02A2D07D148F202012046FFF76A
:105E50002EFD2220206308E0282D06D148F2030100
:105E60002046FFF724FD002020632068406840F4AE
:105E70000040216848602068406860490840216807
:105E800048602046FFF79EFDC8F3803060B120686F
:105E9000006820F4804021680860A06B98B1A06B76
:105EA0000068406860850EE0C8F3C03058B12068D3
:105EB000006820F4004021680860E06B18B1E06BD6
:105EC000006840686085C6F3800080B126F0040653
:105ED0002068406A616A0870606A401C6062208DB8
:105EE00028B1208D401E2085608D401E6085608D0C
:105EF00018B1606C40F004006064C6F3001000B399
:105F0000C8F30010E8B1608D00BB94F84100282868
:105F100007D1B7F1007F04D131462046FFF778FE64
:105F200023E094F8410029280CD117F5803F09D0CF
:105F300010202168C8612046FFF744FD204600F08C
:105F400061F812E010202168C8610EE0102021687D
:105F5000C861606C40F00400606417B1B7F1807FE5
:105F600003D1616C2046FFF7A9FD002084F84200B0
:105F70006063606C60B1616C2046FFF79FFD94F830
:105F80004100282837D131462046FFF741FE32E054
:105F9000E06A10F5803F11D0204600F033F8184831
:105FA000E062202084F841000020206300BF84F8D4
:105FB000400000BF2046FCF77FFF1CE094F8410042
:105FC00022280CD1202084F841000020206300BF4B
:105FD00084F8400000BF2046FCF7FEFF0BE02020C5
:105FE00084F841000020206300BF84F8400000BF17
:105FF0002046FDF717F8BDE8F087000000E800FE36
:106000000000FFFF70B5044620680568002084F892
:106010004200C5F3803030B12068006820F4804031
:106020002168086008E0C5F3C03028B12068006826
:1060300020F400402168086094F84100292811D11B
:10604000282084F841002120206301212046FFF709
:106050002EFC00BF002084F8400000BF2046FCF763
:10606000E1FF14E094F841002A2810D1282084F898
:1060700041002220206302212046FFF718FC00BFC8
:10608000002084F8400000BF2046FCF7A5FF70BD4B
:106090002DE9F84304460D46164600BF94F840002B
:1060A000012802D10220BDE8F883012084F84000D5
:1060B00000BFC5F3001088B1C6F3001070B1102006
:1060C0002168C861606C40F00400606420212046B3
:1060D000FFF724FC2046FFF775FC82E0C5F3C010F3
:1060E000002851D0C6F3801000284DD020680068E9
:1060F00020F0400021680860608DA0B320684068EF
:10610000C0F30908608DFF2804D9FF2020854FF0D7
:10611000807709E0608D2085E06A10F5803F01D02E
:10612000E76A01E04FF000770020009094F8282003
:106130003B464146204600F0D9FA608D218D401A39
:10614000608594F84100222806D12068006840F458
:1061500000402168086044E02068006840F4804006
:10616000216808603DE0FFE72068406800F00070AB
:10617000B0F1007F03D02046FFF716FE31E040214A
:106180002046FFF79BFC2CE0C5F38010F8B1C6F366
:106190008010E0B1608DA8B92068406800F0007000
:1061A000B0F1007F1DD0E06A10F5803F06D1206875
:1061B000406840F480402168486012E02046FFF7C4
:1061C000F3FD0EE040212046FFF778FC09E0C5F31F
:1061D000401030B1C6F3401018B129462046FFF7F1
:1061E0004FFD00BF002084F8400000BF00BF5AE709
:1061F000F8B504460D461646684F00BF94F84000B7
:10620000012801D10220F8BD012084F8400000BF20
:10621000C5F3001088B1C6F3001070B110202168DA
:10622000C861606C40F00400606420212046FFF7E4
:1062300075FB2046FFF7C6FBA8E0C5F3400048B158
:10624000C6F3400030B1206D216888624FF0FF3006
:1062500020659BE0C5F3C010002847D0C6F380102E
:10626000002843D001212046FFF721FB10212046C2
:10627000FFF754FB608D98B3608DFF280DD9FF2088
:1062800020850020009094F82820E06C81B24FF027
:106290008073204600F02AFA0CE0608D20850020F3
:1062A000009094F82820E06C81B24FF000732046F3
:1062B00000F01CFA608D218D401A608594F8410031
:1062C000222806D12068006840F400402168086058
:1062D0005CE02068006840F480402168086055E078
:1062E000FFE740212046FFF7E9FB4FE0C5F38010B0
:1062F000D0B3C6F38010B8B301212046FFF7D7FA18
:1063000010212046FFF70AFB94F84100222800D113
:10631000234F608DFF280CD9FF202085009794F82B
:106320002820E06C81B24FF08073204600F0DEF947
:106330000BE0608D2085009794F82820E06C81B2F6
:106340004FF00073204600F0D1F9608D218D401A86
:10635000608594F84100222807D12068006840F445
:1063600000402168086011E006E02068006840F401
:1063700080402168086009E0C5F3401030B1C6F3E1
:10638000401018B129462046FFF77AFC00BF0020D4
:1063900084F8400000BF00BF35E700000020008007
:1063A0000024008070B5044600F066F9EA2000F091
:1063B0004EFA01F0CCFB08B9002070BD204600F079
:1063C00046FA002000F0C6FE00F056F9EB2000F07F
:1063D0003EFA01F0BCFB08B90020EEE700F0F6F948
:1063E0000546002000F0B6FE00F063F92846E4E719
:1063F0002DE9F04704460F461546D4F82C804FF09F
:10640000000900BF94F84000012802D10220BDE835
:10641000F087012084F8400000BFC7F3401038B176
:10642000C5F3401020B139462046FFF7EFFC77E076
:10643000C7F30010002869D0C5F30010002865D00C
:10644000C5F3803018B9C5F3C03000285AD0E06BCE
:1064500040B1C5F3C03028B1E06B0068406808B9AE
:106460004FF00109A06B40B1C5F3803028B1A06B9B
:106470000068406808B94FF00109B9F1010F20D157
:1064800094F84100282807D1B8F1007F04D139469B
:106490002046FFF7BDFB43E094F8410029280CD1CA
:1064A00018F5803F09D010202168C8612046FFF709
:1064B00089FA2046FFF7A6FD32E010202168C86166
:1064C0002EE010202168C861606C40F00400606418
:1064D00094F84160B8F1000F02D0B8F1807F1FD16D
:1064E000212E01D0292E02D12120206305E0222E69
:1064F00001D02A2E01D122202063616C2046FFF7B3
:10650000DDFA0DE010202168C86109E0C7F3C00082
:1065100030B1C5F3C00018B139462046FFF766FA1E
:1065200000BF002084F8400000BF00BF6FE72DE9E6
:10653000F041044688461646E56A474600BF94F88F
:106540004000012802D10220BDE8F081012084F83A
:10655000400000BFC7F3401038B1C6F3401020B16F
:1065600039462046FFF752FC7FE0C7F30010A8B37E
:10657000C6F3001090B3608D00BB94F8410028284A
:1065800007D1B5F1007F04D139462046FFF740FB23
:106590006BE094F8410029280CD115F5803F09D013
:1065A00010202168C8612046FFF70CFA2046FFF74B
:1065B00029FD5AE010202168C86156E010202168AA
:1065C000C861606C40F00400606415B1B5F1807F73
:1065D0004BD1616C2046FFF771FA46E0FFE7C7F345
:1065E0008000D0B1C6F38000B8B1608D60B1206882
:1065F000406A616A0870606A401C6062208D401EBB
:106600002085608D401E6085608D30BB15F5803F14
:106610002BD02046FFF7F6FC27E0C7F3C00038B1C7
:10662000C6F3C00020B139462046FFF7DFF91CE071
:10663000C7F3400088B1C6F3400070B1608D68B107
:10664000606A007821688862606A401C6062608DC0
:10665000401E6085208D401E208506E0B5F1807FBC
:1066600000D015B92046FFF7CDFC00BF002084F80C
:10667000400000BF00BF67E710B500F05BFF0122DC
:1066800040214FF09040FCF7A5FA0120FCF758F8A4
:10669000012280214FF09040FCF79CFA03F04AF968
:1066A000002280214FF09040FCF794FA03F042F969
:1066B00010BD10B500F03EFF002280214FF0904049
:1066C000FCF788FA0120FCF73BF8012240214FF04B
:1066D0009040FCF77FFA03F02DF9012280214FF062
:1066E0009040FCF777FA03F025F910BDF0B5059C52
:1066F000C1F309064FF47F0707EA02473E431E43F2
:10670000264326F00045066876684FF4806707EA5E
:10671000545767F0FC2747F4C047BE432E43076831
:106720007E60F0BD70B505460C46FFF7A5FFEA2078
:1067300000F08DF801F00BFA08B9002070BD284672
:1067400000F085F801F003FA08B90020F6E72046CA
:1067500000F07DF801F0FBF908B90020EEE7FFF743
:10676000A8FF0120EAE710B5044694F8410060282C
:106770000CD1202084F841000020206300BF84F861
:10678000400000BF2046FCF79AFA08E00020206392
:1067900000BF84F8400000BF2046FCF71FFB10BD7F
:1067A00010B500F0C7FE012280214FF09040FCF7A9
:1067B00011FA0120FBF7C4FF012240214FF0904065
:1067C000FCF708FA0120FBF7BBFF10BD70B50022F3
:1067D00040214FF09040FCF7FDF90120FBF7B0FF9E
:1067E000012280214FF09040FCF7F4F900F08AFE7E
:1067F0000120FBF7A5FF002525E0012240214FF0F5
:106800009040FCF7E7F90120FBF79AFF80214FF059
:106810009040FCF7D7F910B144F0010401E004F016
:10682000FE040120FBF78CFF002240214FF0904036
:10683000FCF7D0F90120FBF783FF072D01DA600692
:10684000040E681CC5B2082DD7DB204670BD70B59C
:10685000044600F06FFE00252BE0002240214FF09F
:106860009040FCF7B7F90120FBF76AFF04F08000C5
:1068700048B1012280214FF09040FCF7ABF9012094
:10688000FBF75EFF08E0002280214FF09040FCF70C
:10689000A1F90120FBF754FF012240214FF0904065
:1068A000FCF798F90120FBF74BFF6006040E681C0B
:1068B000C5B2082DD1DB002240214FF09040FCF7FB
:1068C00089F90120FBF73CFF012280214FF0904025
:1068D000FCF780F90120FBF733FF70BD10B50122F2
:1068E00051031048FCF776F90120FAF786FC0122E3
:1068F00091030C48FCF76EF90120FAF77EFC0022A8
:106900004FF480410748FCF765F90120FAF775FC60
:1069100000224FF400510348FCF75CF90120FAF71C
:106920006CFC10BD0004004810B5012251030C4856
:10693000FCF750F90120FAF760FC00224FF4804187
:106940000748FCF747F90120FAF757FC01229103A9
:106950000348FCF73FF90120FAF74FFC10BD000097
:106960000004004810B5012251030848FCF732F931
:106970000120FAF742FC00224FF400510348FCF7D3
:1069800029F90120FAF739FC10BD00000004004885
:106990008168024A1140491C81607047C0FFFF7F37
:1069A0000146886800F01F007047024602F160004F
:1069B00000EB8103186800F0F840704701468868D2
:1069C000C0F3C00070470146886800F001007047BE
:1069D00001468868C0F30070704701468868C0F3BC
:1069E000800070470146C86800F4406008B9012083
:1069F00070470020FCE700008168024A1140091D31
:106A000081607047C0FFFF7F70B500F11404C1F3CF
:106A1000406504EB85031C68C1F304560725B540A7
:106A2000AC43C1F3045502FA05F52C431C6070BD5C
:106A3000826822F0E0720A438260704710B500F16C
:106A4000600404EB81031C6824F0004414431C60C0
:106A500010BD426922F000420A43426170470000C3
:106A600000B589B0202101A8F9F767FF1D481E492C
:106A700008604FF44030486000211B488160C160CD
:106A80000161416104218161002101774177012188
:106A90000162002180F824104FF49461C1624FF428
:106AA00080610163002180F83810C16380F84010D4
:106AB000FBF7D0F808B1FAF7B3FB0C4801900620B9
:106AC0000290002003907F20049004200590002075
:106AD000069001A90448FAF789FC08B1FAF7A0FB6F
:106AE00009B000BD00010050A800002002003004E1
:106AF00000B58DB0302101A8F9F71FFF10481149EA
:106B000008600846FBF7FEFB08B1FAF789FB022094
:106B1000019000208DF808008DF809000390049082
:106B2000059006900120079000200890002201A9FE
:106B30000448FBF7B7FA08B1FAF772FB0DB000BDD5
:106B4000000800507401002008B500BF1548806C93
:106B500040F00400134988640846806C00F004008B
:106B6000009000BF00BF00BF0846806C40F00100ED
:106B700088640846806C00F00100009000BF00BFF0
:106B8000002211460B20FCF7E1FB0B20FCF7CAFBAF
:106B9000002211460C20FCF7D9FB0C20FCF7C2FBAD
:106BA00008BD00000010024000B587B0142102A803
:106BB000F9F7C3FE00BF3B48C06C40F00100394903
:106BC000C8640846C06C00F00100019000BF00BF1F
:106BD00000BF0846C06C40F00200C8640846C06CA4
:106BE00000F00200019000BF00BF0022C0214FF062
:106BF0009040FBF7EFFF00224FF4D0412A48FBF70B
:106C0000E9FF2020029000200390049002A94FF099
:106C10009040FBF7F1FEC02002900120039000207D
:106C20000490059002A94FF09040FBF7E5FE4FF469
:106C3000D04002900120039000200490059002A90A
:106C40001948FBF7D9FE4FF4807002904FF44410BE
:106C500003900220049002A91348FBF7CDFE00BF69
:106C60001048006E40F001000E4908660846006EAC
:106C700000F00100019000BF00BF0C48006920F047
:106C800007010A480161006940F0010107480161FC
:106C9000002201211720FCF759FB1720FCF742FBCB
:106CA00007B000BD00100240000400480000014091
:106CB00010B5124812490860124848600621104871
:106CC00081600121C1600021016141618161C16177
:106CD0000162FCF785F808B1FAF7A2FA002108482A
:106CE000FBF784FF08B1FAF79BFA00210448FBF791
:106CF000B2FF08B1FAF794FA10BD00000078004026
:106D000088010020FFEDC02000B597B0002014904E
:106D1000159016901C210DA8F9F70FFE3421684636
:106D2000F9F70BFE23482449086000204860002141
:106D3000214881600421C1600021016141618161BC
:106D4000FDF7CBFE08B1FAF76BFA0020149016900D
:106D500014A91948FDF756FA08B1FAF761FA60204C
:106D60000D9005200E9000200F9010901190129021
:106D7000139000220DA91048FDF7F7FD08B1FAF7AE
:106D80004FFA0020009001900290039004904FF47D
:106D900000500590002006900C9069460648FDF7CB
:106DA000C9F908B1FAF73CFA0348FDF727FD17B017
:106DB00000BD0000004001400C03002000B59BB066
:106DC00000201790189019901A9014901590169012
:106DD0001C210DA8F9F7B1FD34216846F9F7ADFD86
:106DE0003648374908604A204860002134488160AD
:106DF0003448007840F27D2110FB01F00121C1EB05
:106E000080012F48C1600021016141618161FDF76E
:106E100056FA08B1FAF704FA4FF48050179017A900
:106E20002748FDF73FFB08B1FAF7FAF92448FDF7C8
:106E300054FE08B1FAF7F4F900201490159016905A
:106E400014A91F48FDF7DEF908B1FAF7E9F9602047
:106E50000D901C480078801C40000E9002200F907E
:106E6000002010901190129013900C220DA914483C
:106E7000FDF77BFD08B1FAF7D3F9002000900190EF
:106E80000290039004904FF400500590002006906B
:106E9000079008904FF00070099000200A900B9026
:106EA0000C9069460648FDF745F908B1FAF7B8F9BC
:106EB0000348FDF7A3FC1BB000BD0000002C0140FF
:106EC000DC0100203400002000B58FB000200B90C2
:106ED0000C900D900E90089009900A901C2101A82A
:106EE000F9F72BFD4FF08040264908604A204860A2
:106EF00000212448816024490978480000EBD071C2
:106F00004910491E1F4AD16000211046016181616C
:106F1000FDF7D5F908B1FAF783F94FF480500B90DB
:106F20000BA91848FDF7BEFA08B1FAF779F9154828
:106F3000FDF7D3FD08B1FAF773F9002008900A9025
:106F400008A91048FDF75EF908B1FAF769F9602061
:106F500001900D4909784800C11700EB9171891023
:106F60000291002003900590042201A90548FDF735
:106F7000FCFC08B1FAF754F90248FDF73FFC0FB0EA
:106F800000BD0000280200203400002000B58FB0B2
:106F900000200B900C900D900E90089009900A9094
:106FA0001C2101A8F9F7C9FC2448254908600020E4
:106FB00048600021224881604A21C16000210161AE
:106FC0008161FDF77CF908B1FAF72AF94FF4805096
:106FD0000B900BA91A48FDF765FA08B1FAF720F9EA
:106FE0001748FDF77AFD08B1FAF71AF90020089062
:106FF0000A9008A91248FDF705F908B1FAF710F947
:10700000602001902520029000200390042005902C
:10701000082201A90A48FDF7A8FC08B1FAF700F90F
:1070200007480068C06920F0080005490968C86180
:107030000348FDF7E3FB0FB000BD00000004004073
:107040007402002000B58FB000200B900C900D90C2
:107050000E90089009900A901C2101A8F9F76DFC88
:107060001F48204908600020486000211D488160B9
:107070004A21C160002101618161FDF720F908B159
:10708000FAF7CEF84FF480500B900BA91548FDF796
:1070900009FA08B1FAF7C4F81248FDF71EFD08B165
:1070A000FAF7BEF8002008900A9008A90D48FDF7ED
:1070B000A9F808B1FAF7B4F86020019025200290F1
:1070C0000020039005900C2201A90648FDF74DFC15
:1070D00008B1FAF7A5F80348FDF790FB0FB000BD23
:1070E00000080040C002002010B51748174908608A
:1070F00017484860002115488160C16001610C217A
:10710000416100218161C1610162416200200F493A
:1071100088620846FEF790F908B1FAF781F8002175
:107120000A48FDF785FF08B1FAF77AF80021074809
:10713000FDF74FFF08B1FAF773F80448FDF720FF99
:1071400008B1FAF76DF810BD00380140580300206F
:1071500020A1070010B5044600F0ECF90022402100
:107160004FF09040FBF736FD0120FBF7E9FA34B110
:10717000002280214FF09040FBF72CFD05E001221A
:1071800080214FF09040FBF725FD0120FBF7D8FA56
:10719000012240214FF09040FBF71CFD02F0CAFB9A
:1071A000002240214FF09040FBF714FD0120FBF737
:1071B000C7FA012280214FF09040FBF70BFD012020
:1071C000FBF7BEFA10BD00BFFEE700BFFEE770B5DB
:1071D000002418E004F1B000002100F045F900217E
:1071E000084600F041F90021102000F03DF900258B
:1071F00005E00121002000F037F9681CC5B2802DA0
:10720000F7DB601CC4B2082CE4DB70BD10B50021B4
:10721000AE2000F029F90021402000F025F90021DE
:10722000B02000F021F90021C82000F01DF9002154
:10723000812000F019F90021FF2000F015F900214C
:10724000A12000F011F90021A62000F00DF9002185
:10725000A82000F009F900211F2000F005F9002105
:10726000D32000F001F90021084600F0FDF80021CC
:10727000D52000F0F9F80021F02000F0F5F8002109
:10728000D92000F0F1F80021222000F0EDF80021D3
:10729000DA2000F0E9F80021022000F0E5F80021F2
:1072A000DB2000F0E1F80021492000F0DDF80021AA
:1072B0008D2000F0D9F80021142000F0D5F800212D
:1072C000AF2000F0D1F8FFF782FF10BD70B5044683
:1072D0000D4605F1B000002100F0C6F8102141EA8A
:1072E0001410002100F0C0F804F00F00002100F09D
:1072F000BBF870BD2DE9F04780460E4691461F460B
:10730000DDF820A000250024A9F12000C5B2B8F1C5
:107310007F0F02DDA046B01CC6B2BAF1000F39D112
:10732000102F24D131464046FFF7D0FF002408E05B
:1073300004EB0511374A505C012100F0A1F8601CF4
:10734000C4B2082CF4DB701CC1B24046FFF7BEFF8C
:10735000002409E004EB051108312E4A505C01219C
:1073600000F08EF8601CC4B2082CF3DB12E031464A
:107370004046FFF7ABFF00240AE005EB4501264A33
:1073800002EB4101085D012100F07AF8601CC4B2F3
:10739000062CF2DBBAF1000F39D0102F24D1314680
:1073A0004046FFF793FF002408E004EB0511194A5B
:1073B000505C012100F058F8601CC4B2082CF4DBCA
:1073C000701CC1B24046FFF781FF002409E004EBC6
:1073D000051108310F4A505C012100F045F8601C8E
:1073E000C4B2082CF3DB12E031464046FFF76EFFD3
:1073F00000240AE005EB4501074A02EB4101085D64
:10740000012100F031F8601CC4B2062CF2DBBDE8AB
:10741000F0870000D2A40008AAA200082DE9F843D2
:107420000446884615461E46DDF82090002716E0E3
:10743000CDF80090EA5D334641462046FFF75AFFFB
:10744000304606EBD07104EB6101CCB2782C04DD40
:10745000002408F1020000F0FF08781CC7B2E85DC4
:107460000028E5D1BDE8F88370B504460D461DB18E
:10747000E0B201F0B1FB02E0E0B201F097FB70BDB9
:1074800070B504460D46E4431DB1E0B201F0A4FB23
:1074900002E0E0B201F08AFB70BD704770B5164D96
:1074A000ED6805F00304144DED68C5F303156B1C7E
:1074B000022C0CD0032C09D1104DB5FBF3F50E4E68
:1074C000F668C6F3062605FB06F10AE000BF0C4D80
:1074D000B5FBF3F5084EF668C6F3062605FB06F184
:1074E00000BF00BF044DED68C5F341656D1C6A0027
:1074F000B1FBF2F070BD00000010024000127A00F3
:107500000024F40000B585B014216846F9F715FA97
:1075100080200090002001900120029069464FF0E9
:107520009040FBF769FA00200149086005B000BDF2
:107530000000002000B585B014216846F9F7FDF978
:1075400080200090112001900120029000200390E3
:1075500069464FF09040FBF74FFA0120014908605F
:1075600005B000BD00000020704710B5FBF770FEAD
:1075700010BD00B593B0382105A8F9F7DEF9142144
:107580006846F9F7DAF94FF40070FBF731FF022093
:107590000590C00108904020099002200C90022123
:1075A0000D9104210E914B210F9102211091119107
:1075B000129105A8FCF7F2FA08B1F9F731FE0F2095
:1075C0000090032001900020029003900490042179
:1075D0006846FCF75BF908B1F9F722FE13B000BD6D
:1075E0000348006840F470000149086070470000DB
:1075F00088ED00E010B50348FCF7EFFF0248FCF708
:10760000ECFF10BDDC0100200C03002010B5024887
:10761000FCF7E3FF10BD0000DC01002010B50248BC
:10762000FCF7DBFF10BD0000DC01002010B50248B4
:10763000FCF7D3FF10BD0000DC01002010B502688C
:107640002A4B98420BD0B0F1804F08D0284B98427B
:1076500005D0284B984202D0274B984203D122F004
:1076600070024B681A43214B984214D0B0F1804FFE
:1076700011D01F4B98420ED01E4B98420BD01E4B80
:10768000984208D01D4B984205D01D4B984202D01D
:107690001C4B984203D122F44072CB681A4322F06B
:1076A00080034C6943EA040202608B68C3620B6882
:1076B00083620E4B98420BD00F4B984208D00F4B71
:1076C000984205D00E4B984202D00E4B984201D101
:1076D0000B69036301234361036903F001031BB1D9
:1076E000036923F00103036110BD0000002C014079
:1076F0000004004000080040003401400040014008
:10770000004401400048014030B501F01F0501244C
:1077100004FA05F3046A9C430462046A01F01F053D
:1077200002FA05F52C43046230BD30B50C46816881
:1077300021F47F4142EA032525432943816030BD7E
:107740000A468168034B194042F0070319438160E0
:10775000704700008FFFCFFF30B5026A056A25F041
:107760000105056243688469204D2C4024F0030420
:107770000D682C4322F002028D682A431C4DA8425A
:1077800000D10FE01B4DA84200D10BE01A4DA842DA
:1077900000D107E0194DA84200D103E0184DA842DE
:1077A00006D100BF22F00802CD682A4322F004026D
:1077B0000F4DA8420BD00F4DA84208D00E4DA84245
:1077C00005D00E4DA84202D00D4DA84207D123F49A
:1077D000807323F400734D692B438D692B43436001
:1077E00084614D684563026230BD00008FFFFEFF7B
:1077F000002C0140003401400040014000440140A1
:107800000048014030B5026A056A25F0100505629E
:1078100043688469224D2C4024F440740D6844EA86
:10782000052422F020028D6842EA05121D4DA8426F
:1078300000D10FE01C4DA84200D10BE01B4DA84227
:1078400000D100BF1A4DA84200D100BF194DA84277
:1078500007D106E022F08002CD6842EA051222F04C
:107860004002104DA8420BD00F4DA84208D00F4D3A
:10787000A84205D00E4DA84202D00E4DA84209D113
:1078800023F4806323F400634D6943EA85038D6923
:1078900043EA8503436084614D688563026230BDBD
:1078A000FF8FFFFE002C01400034014000400140EA
:1078B000004401400048014030B5026A056A25F4E1
:1078C000807505624368C469224D2C4024F003048E
:1078D0000D682C4322F400728D6842EA05221E4D89
:1078E000A84200D10FE01D4DA84200D10BE01C4D75
:1078F000A84200D100BF1B4DA84200D100BF1A4DC5
:10790000A84207D106E022F40062CD6842EA0522CF
:1079100022F48062104DA8420BD0104DA84208D02E
:107920000F4DA84205D00F4DA84202D00E4DA842DF
:1079300009D123F4805323F400534D6943EA05131E
:107940008D6943EA05134360C4614D68C5630262F3
:1079500030BD00008FFFFEFF002C014000340140CD
:1079600000400140004401400048014030B5026A37
:10797000056A25F4805505624368C469224D2C4090
:1079800024F440740D6844EA052422F400528D6802
:1079900042EA05321D4DA84200D10FE01C4DA8421D
:1079A00000D10BE01B4DA84200D100BF1A4DA842E8
:1079B00000D100BF194DA84207D106E022F40042D1
:1079C000CD6842EA053222F48042104DA8420BD025
:1079D0000F4DA84208D00F4DA84205D00E4DA84229
:1079E00002D00E4DA84209D123F4804323F4004372
:1079F0004D6943EA85138D6943EA85134360C46189
:107A00004D680564026230BDFF8FFFFE002C01400F
:107A10000034014000400140004401400048014062
:107A200030B5026A056A25F4803505624368046D45
:107A3000114D2C400D682C4322F400320D8942EA8E
:107A400005420E4DA8420BD00D4DA84208D00D4D59
:107A5000A84205D00C4DA84202D00C4DA84204D13A
:107A600023F480334D6943EA0523436004654D6880
:107A70008564026230BD00008FFFFEFF002C0140D4
:107A800000340140004001400044014000480140F2
:107A900030B5026A056A25F4801505624368046DF5
:107AA000114D2C400D6844EA052422F400120D8982
:107AB00042EA05520D4DA8420BD00D4DA84208D008
:107AC0000C4DA84205D00C4DA84202D00B4DA84247
:107AD00004D123F480234D6943EA85234360046580
:107AE0004D68C564026230BDFF8FFFFE002C01406F
:107AF0000034014000400140004401400048014082
:107B000030B50B461446026A056A25F00105056288
:107B1000816921F0F00141EA041122F00A021A43BE
:107B20008161026230BD30B50B461446026A056AB7
:107B300025F010050562816921F4704141EA0431A4
:107B400022F0A00242EA03128161026230BD10B548
:107B5000012240214FF09040FBF73CF801F0EAFE93
:107B6000FFF7D0FC80214FF09040FBF72BF850B18D
:107B7000002240214FF09040FBF72CF80120FAF74B
:107B8000DFFD002010BD002240214FF09040FBF7A8
:107B900021F80120FAF7D4FD0120F3E770B5456E16
:107BA0002DB90125A0F86A50A0F868501CE0082300
:107BB00008240568AD68C5F342610568AD686A0FC1
:107BC0000A4DAD5C15FB04F5094EB65C95FBF6F568
:107BD000A0F86A50054D6D5C15FB03F5044E765C0C
:107BE00095FBF6F5A0F8685070BD00004CAC00089D
:107BF00054AC000890F8281001F00801082907D1BA
:107C00000168496821F40041826B114302685160A8
:107C100090F8281001F0010139B10168496821F498
:107C20000031C26A11430268516090F8281001F0D7
:107C30000201022907D10168496821F48031026BF1
:107C400011430268516090F8281001F004010429E2
:107C500007D10168496821F48021426B1143026811
:107C6000516090F8281001F01001102907D1016827
:107C7000896821F48051C26B11430268916090F8C9
:107C8000281001F02001202907D10168896821F41A
:107C90000051026C11430268916090F8281001F0C5
:107CA0004001402913D10168496821F48011426CD8
:107CB000114302685160416CB1F5801F07D1016822
:107CC000496821F4C001826C11430268516090F848
:107CD000281001F08001802907D10168496821F44A
:107CE0000021C26C114302685160704738B50446E8
:107CF0000020C4F89000FAF773FF0546206800687A
:107D000000F00800082821D16FF07E402B460022A9
:107D10004FF400110090204600F0A6FEB0B100BF65
:107D200000BF216851E8001F21F08000226842E86E
:107D300000010029F5D100BF2020C4F8880000BF51
:107D4000002084F8840000BF032038BD206800684C
:107D500000F00400042830D16FF07E402B46002252
:107D60004FF480010090204600F07EFE28B300BF53
:107D700000BF216851E8001F21F49070226842E89A
:107D800000010029F5D100BF00BF00BF2168083104
:107D900051E8001F21F001002168083141E800028C
:107DA000002AF3D100BF2020C4F88C0000BF0020BF
:107DB00084F8840000BF0320C7E72020C4F88800AF
:107DC000C4F88C000020E066206700BF84F88400BF
:107DD00000BF00BFB9E770B50546AC6A0020A4F843
:107DE0005E00A4F856002046FDF753F970BD2DE95A
:107DF000F0410546AC6AD4F88860D4F88C702068ED
:107E0000806800F08000802807D1212E05D1002055
:107E1000A4F85600204600F099F82068806800F029
:107E20004000402807D1222F05D10020A4F85E0091
:107E3000204600F03DF8D4F8900040F01000C4F85F
:107E400090002046FDF725F9BDE8F08170B50546A4
:107E5000AC6A2868006800F02000F0B90020A4F89F
:107E6000560000BF00BF2168083151E8001F21F013
:107E700080002168083141E80002002AF3D100BFE8
:107E800000BF00BF216851E8001F41F04000226898
:107E900042E800010029F5D102E02046FDF7BCFCD4
:107EA00070BD70B50446A56A2846FDF7DBFC70BDC1
:107EB00000BF00BF026852E8002F22F490710368EF
:107EC00043E80012002AF5D100BF00BF00BF0268DE
:107ED000083252E8002F104B02EA03010268083210
:107EE00042E80013002BF2D100BFC16E01290CD172
:107EF00000BF00BF026852E8002F22F010010368A3
:107F000043E80012002AF5D100BF2021C0F88C10F0
:107F10000021C16641677047FEFFFFEF10B50446C0
:107F200000BF00BF216851E8001F21F04000226817
:107F300042E800010029F5D100BF2020C4F88800E4
:107F40000020A0672046FDF767FC10BD00BF00BF02
:107F5000026852E8002F22F0C001036843E80012D3
:107F6000002AF5D100BF00BF00BF0268083252E806
:107F7000002F22F400010268083242E80013002BAF
:107F8000F3D100BF2021C0F8881070472DE9F041DF
:107F90000446B4F86070D4F88C0022286ED12068B2
:107FA000406A86B2A56D06EA07002880A06D801C95
:107FB000A065B4F85E00401EA4F85E00B4F85E0050
:107FC000002861D100BF00BF216851E8001F21F4E3
:107FD0009070226842E800010029F5D100BF00BF7F
:107FE00000BF2168083151E8001F21F0010021681D
:107FF000083141E80002002AF3D100BF2020C4F874
:108000008C0000206067206720492068884211D0DA
:108010002068406800F4000060B100BF00BF216824
:1080200051E8001F21F08060226842E80001002929
:10803000F5D100BFE06E01281CD10020E06600BF32
:1080400000BF216851E8001F21F01000226842E8BB
:1080500000010029F5D100BF2068C069C0F30010FD
:1080600010B1102021680862B4F85C102046FCF7BB
:10807000AEFF09E02046FDF7B9FA05E02068806907
:1080800040F0080021688861BDE8F0810080004070
:108090002DE9F84F0446B4F860B02068C56920683F
:1080A000006800902068D0F808A0D4F88C0022283E
:1080B0007ED1B4F86890ADE02068406A1FFA80F87D
:1080C000A76D08EA0B003880A06D801CA065B4F88D
:1080D0005E00401EA4F85E002068C56905F0070038
:1080E000B0B305F0010060B1009800F4807040B1B9
:1080F000012021680862D4F8900040F00100C4F823
:10810000900005F0020058B10AF0010040B10220D1
:1081100021680862D4F8900040F00400C4F8900090
:1081200005F0040058B10AF0010040B104202168B4
:108130000862D4F8900040F00200C4F89000D4F82F
:10814000900028B12046FCF7A4FF0020C4F890005E
:10815000B4F85E0000285DD100BF00BF216851E87F
:10816000001F21F48070226842E800010029F5D147
:1081700000BF00BF00BF2168083151E8001F404A1E
:1081800001EA02002168083141E80002002AF2D128
:1081900000BF2020C4F88C000020606720673949A8
:1081A0002068884213D02068406800F4000000E096
:1081B0005DE060B100BF00BF216851E8001F21F001
:1081C0008060226842E800010029F5D100BFE06E1E
:1081D00001281CD10020E06600BF00BF216851E8E3
:1081E000001F21F01000226842E800010029F5D1AB
:1081F00000BF2068C069C0F3001010B110202168D2
:108200000862B4F85C102046FCF7E1FE02E020466C
:10821000FDF7ECF9B9F1000F04D005F020000028BB
:108220007FF44AAFB4F85E6006B3B4F86800B042B9
:1082300023DD00BF00BF2168083151E8001F21F095
:1082400080502168083141E80002002AF3D100BFC4
:108250000D48606700BF00BF216851E8001F41F072
:108260002000226842E800010029F5D105E02068DD
:10827000806940F0080021688861BDE8F88F00003F
:10828000FEFFFFEF008000408D7F000870B50446C0
:10829000B4F86060D4F88C0022286FD12068406A5E
:1082A00085B2F0B22840A16D0870A06D401CA06599
:1082B000B4F85E00401EA4F85E00B4F85E0000282A
:1082C00062D100BF00BF216851E8001F21F4907007
:1082D000226842E800010029F5D100BF00BF00BFBD
:1082E0002168083151E8001F21F0010021680831A0
:1082F00041E80002002AF3D100BF2020C4F88C001E
:1083000000206067206721492068884211D02068DA
:10831000406800F4000060B100BF00BF216851E870
:10832000001F21F08060226842E800010029F5D199
:1083300000BFE06E01281CD10020E06600BF00BF36
:10834000216851E8001F21F01000226842E8000176
:108350000029F5D100BF2068C069C0F3001010B13A
:10836000102021680862B4F85C102046FCF72FFE4C
:108370000AE02046FDF73AF906E0FFE72068806949
:1083800040F008002168886170BD00000080004056
:108390002DE9F05F0446B4F860A02068C569206844
:1083A000D0F800B02068D0F80890D4F88C002228CB
:1083B0007ED1B4F86880ACE02068406A87B20AF0E9
:1083C000FF003840A16D0870A06D401CA065B4F896
:1083D0005E00401EA4F85E002068C56905F0070035
:1083E000A8B305F0010058B10BF4807040B1012032
:1083F00021680862D4F8900040F00100C4F89000B1
:1084000005F0020058B109F0010040B102202168D6
:108410000862D4F8900040F00400C4F8900005F021
:10842000040058B109F0010040B10420216808623D
:10843000D4F8900040F00200C4F89000D4F8900006
:1084400028B12046FCF725FE0020C4F89000B4F8BF
:108450005E0000285DD100BF00BF216851E8001F09
:1084600021F48070226842E800010029F5D100BFA4
:1084700000BF00BF2168083151E8001F3F4A01EAF0
:1084800002002168083141E80002002AF2D100BF51
:108490002020C4F88C0000206067206738492068DD
:1084A000884213D02068406800F4000070B100E0FA
:1084B0005CE000BF00BF216851E8001F21F0806030
:1084C000226842E800010029F5D100BFE06E0128D2
:1084D0001CD10020E06600BF00BF216851E8001FEA
:1084E00021F01000226842E800010029F5D100BF08
:1084F0002068C069C0F3001010B110202168086224
:10850000B4F85C102046FCF762FD02E02046FDF75F
:108510006DF8B8F1000F04D005F0200000287FF4BA
:108520004BAFB4F85E6006B3B4F86800B04223DD28
:1085300000BF00BF2168083151E8001F21F08050C2
:108540002168083141E80002002AF3D100BF0D483C
:10855000606700BF00BF216851E8001F41F02000A4
:10856000226842E800010029F5D105E02068806911
:1085700040F0080021688861BDE8F09FFEFFFFEF32
:10858000008000408D8200082DE9FE4F0446002047
:108590000290D4492068884200D100E000BF2169E0
:1085A000A068084361690843E16940EA010820685E
:1085B0000068CD49084040EA08002168086020684A
:1085C000406820F44050E168084321684860D4F8CE
:1085D0001880C4492068884202D0206A40EA08080E
:1085E00020688068C149084040EA08002168886026
:1085F0002068C06A20F00F00616A08432168C862E1
:1086000000BFBB492068884216D1BA48006800F014
:10861000030030B1012808D0022804D0032808D173
:1086200005E0012507E0022505E0042503E0082513
:1086300001E0102500BF6FE0AF492068884216D1E5
:10864000AC48006800F00C0030B1042808D00828BD
:1086500004D00C2808D105E0002507E0022505E03C
:10866000042503E0082501E0102500BF54E0A349DC
:108670002068884216D19F48006800F0300030B171
:10868000102808D0202804D0302808D105E0002583
:1086900007E0022505E0042503E0082501E0102598
:1086A00000BF39E096492068884216D19148006899
:1086B00000F0C00030B1402808D0802804D0C02885
:1086C00008D105E0002507E0022505E0042503E0C8
:1086D000082501E0102500BF1EE08249206888427D
:1086E00019D18448006800F4406048B1B0F5806F4B
:1086F0000AD0B0F5006F05D0B0F5406F08D105E0A5
:10870000002507E0022505E0042503E0082501E037
:10871000102500BF00E0102500BF72492068884284
:1087200059D135B1022D08D0042D08D0082D0DD116
:1087300009E0FBF7C3F906460CE0724E0AE0FBF7CE
:10874000E1F9064606E04FF4004603E0002601206A
:10875000029000BF00BF002E10D06B49606A31F854
:108760001000B6FBF0F9606800EB4000484503D804
:1087700060680003484502D201200290A6E06249E9
:10878000606A31F810C06246002330461946F7F798
:10879000A1FD4FF4807C0022A0FB0C3B01FB0CB13F
:1087A00000FB02116068400818185141CDE9000132
:1087B000D4F804C062460023F7F78CFD0746B7F5EE
:1087C000407F05D3B7F5801F02D22068C7607DE0E7
:1087D000012002907AE0E069B0F5004F3FD1092D09
:1087E00017D2DFE805F005090D160F16161613004F
:1087F000FBF764F9064610E0FBF772F906460CE059
:10880000404E0AE0FBF77EF9064606E04FF40046CC
:1088100003E000260120029000BF00BF86B33A4962
:10882000606A31F81000B6FBF0F04000616800EBC0
:108830005100B0FBF1F7102F0ED3B7F5803F0BD2EC
:108840004FF6F07007EA000AC7F342004AEA000A4E
:108850002068C0F80CA039E00120029036E0092D14
:1088600018D2DFE805F005090E17101717171400C6
:10887000FBF724F9064611E0FBF732F906460DE056
:1088800024E0204E0AE0FBF73DF9064606E04FF4EF
:10889000004603E000260120029000BF00BFAEB1F9
:1088A0001949606A31F81000B6FBF0F0616800EB1E
:1088B0005100B0FBF1F7102F06D3B7F5803F03D27C
:1088C000B8B22168C86001E0012002900120A4F83C
:1088D0006A00A4F8680000206067A0670298BDE8FD
:1088E000FE8F000000800040F369FFCFFFF4FF110E
:1088F0000038014088100240004400400048004019
:10890000004C00400024F40034AC000830B50346AD
:108910009965A3F85C20A3F85E200020586700BF8B
:108920009868B0F5805F0AD1186920B940F2FF104D
:10893000A3F8600020E0FF20A3F860001CE0986826
:1089400048B9186918B9FF20A3F8600014E07F2027
:10895000A3F8600010E09868B0F1805F09D1186951
:1089600018B97F20A3F8600006E03F20A3F860005C
:1089700002E00020A3F8600000BF0020C3F89000D0
:108980002220C3F88C0000BF00BF1C68083454E8E4
:10899000004F44F001001C68083444E80005002D35
:1089A000F3D100BF586EB0F1005F2CD1B3F868006E
:1089B000904228DC9868B0F5805F04D1186910B93E
:1089C0002548586701E025485867186960B100BF1D
:1089D00000BF1C6854E8004F44F480701D6845E8EF
:1089E0000004002CF5D100BF00BF00BF1C68083494
:1089F00054E8004F44F080501C68083444E80005F7
:108A0000002DF3D126E09868B0F5805F04D1186995
:108A100010B91348586701E012485867186960B1E7
:108A200000BF00BF1C6854E8004F44F490701D68FC
:108A300045E80004002CF5D10CE000BF00BF1C6825
:108A400054E8004F44F020001D6845E80004002C65
:108A5000F5D100BF002030BD91800008918300084F
:108A60008D7F00088D8200082DE9F04104460D46F7
:108A700017469846069E41E0701C00283ED0FAF743
:108A8000AFF8A0EB0800B04200D816B90320BDE84B
:108A9000F0812068006800F0040070B3802D2DD0B4
:108AA000402D2BD02068C069C0F3C00078B10820E9
:108AB000216808622046FFF7FBF90820C4F89000FF
:108AC00000BF002084F8840000BF0120DFE7206899
:108AD000C069C0F3C02080B14FF400602168086213
:108AE0002046FFF7E5F92020C4F8900000BF0020E1
:108AF00084F8840000BF0320C9E7FFE72068C0694D
:108B00002840A84201D1012000E00020B842B3D0A3
:108B10000020BCE710B50248FCF7BCFA10BD00000D
:108B20005803002000BFFEE72DE9F04105462C4622
:108B300000224FF400511C48FAF74CF80120F8F7D6
:108B40005CFB00262BE0274607F08007802F08D12A
:108B5000012291031448FAF73DF80120F8F74DFB84
:108B600005E000224FF480410F48FAF733F8012066
:108B7000F8F743FB6006040E012251030A48FAF796
:108B800029F80120F8F739FB00224FF4005106487C
:108B9000FAF720F80120F8F730FB701CC6B2082E57
:108BA000D1DBBDE8F08100000004004810B50446A8
:108BB000FDF794FE7820FFF7B7FFFDF7D3FE002006
:108BC000FFF7B2FFFDF7CEFE2046FFF7ADFFFDF742
:108BD000C9FEFDF7A9FE10BD10B50446FDF77EFEE7
:108BE0007820FFF7A1FFFDF7BDFE4020FFF79CFFB7
:108BF000FDF7B8FE2046FFF797FFFDF7B3FEFDF740
:108C000093FE10BD02480068C0F3022070470000C8
:108C10000CED00E010B5002804DB0A07130E054A2E
:108C2000135406E00A07140E034A00F00F031B1F3B
:108C3000D45410BD00E400E018ED00E030380A28FC
:108C400001D201207047002070472DE9F041DDE995
:108C50000654002801DB814201DABDE8F081A1EB76
:108C6000000C0CF10106D3F800C0BCF1000F08DBCA
:108C7000D5F800C0D3F80080ACEB080C0CF1010C67
:108C800001E04FF0000C6746D4F800C0944505D3CE
:108C9000D4F800C0944504D1BE4202DD18602960BA
:108CA000226000BFD9E700002DE9FF4F89B0984648
:108CB00040F28A211698884201D2C82000E0642040
:108CC0008146B8F1000F01DD1E2000E0142082462D
:108CD000002449E02648005D08900020054640E059
:108CE0000DB9494603E0484600EBD07149100791A1
:108CF0000DB9514603E0504600EBD07149108B4648
:108D00000798012801DA01200790BBF1010F01DA71
:108D10004FF0010BDDE907014843062190FBF1F715
:108D2000012F00DA0127002617E00EB9012000E02C
:108D300000200690089A179906984346CDE9007BD3
:108D4000CDE90220049109A807C800F013F818B172
:108D500001200DB0BDE8F08F761C022EE5DB681C0B
:108D60000546022DBCDB641C022CB3DB0020F0E7BF
:108D7000FFAB00082DE9FF4F85B00E4617461C4695
:108D8000DDE9159BDDE913A80496039731E0002C7B
:108D90000ADDCDE900A8CDF80890129BDDE903219A
:108DA000059800F077FC09E0CDE900A8CDF808901F
:108DB000129BDDE90321059800F0E3FC05461DB98F
:108DC000002009B0BDE8F08F3B46324629468DE8C9
:108DD0001009059800F0C9FB18B18BF80B90012021
:108DE000EFE7002C02DD681E039001E0681C049090
:108DF00000BFDDE903108842C9DD0020E1E7000083
:108E00002DE9FF4F83B00D4616461F46DDF8408022
:108E10004FF0000A00200190002D00DA002540F6F6
:108E2000F310864200DD064600203880A8F80000D6
:108E3000AE4202DC07B0BDE8F08F4FF40071254868
:108E4000F7F759FD2C460EE0039931F8141008117C
:108E5000FF2800DDFF201F4931F81010491C1D4A72
:108E600022F81010641CB442EEDBA6EB0509A9F150
:108E7000010000EB800040006421B0FBF1F00290A3
:108E8000A9F101005A2148436421B0FBF1FB002401
:108E900017E0104830F814008244019840B9029855
:108EA000824505D9082000EB04103880012001908C
:108EB000DA4505D9082000EB0410A8F80000B9E74E
:108EC000641CFF2CE5DD40F6FF70A8F8000000BF31
:108ED000B0E700004C2C002030B502460B460020C5
:108EE000002106E0CC1F5D1832F8155004FB050088
:108EF000491C0F29F6DB30BD2DE9F04FA3B0054624
:108F00000E464FF4FA7B40F68F1022904FF0FF3A56
:108F1000574638462190209000201F901E90401EFA
:108F20001D901C9000201B901A90401E0C900990E0
:108F3000BBF51F7F01DD4FF41F7B40F6F311229834
:108F4000884201DD084622902298A0EB0B00C82839
:108F500003DA002023B0BDE8F08F18A819AB009009
:108F600059462846229AFFF74BFFBDF86000BDF82E
:108F70006410401A14901498962801DA0020E9E74A
:108F8000149800EBC001C1EB8010642190FBF1F05C
:108F9000BDF86410084411905C4607E035F81410E1
:108FA0001198814201DCA24603E0641C22988442AD
:108FB000F4DB00BF2298441E07E035F81410119826
:108FC000814201DC274602E0641E5C45F5DA00BF01
:108FD000BAF1000F05DB002F03DBA7EB0A006428C2
:108FE00001DA0020B6E7544630E035F81410119845
:108FF000814211DB1E9820B901201E901D94002093
:109000001A9000201B901C9435F814101198091A1E
:109010001A9808441A9018E01E98B0B11B98401C8A
:109020001B90082811DD1FA820A921ABCDE9001055
:109030001A9ADDE91C10FFF708FE00201E90401E62
:109040001D901C9000201B901A90641CBC42CCDD2B
:109050001E9848B11FA820A921ABCDE900101A9A8B
:10906000DDE91C10FFF7F1FD2198002804DBDDE9A4
:109070002001401A0A2801DA00206BE7DDF884801D
:10908000DDF8809008EB090000EBD07149100D91DC
:10909000149800EB40004001642190FBF1F0BDF812
:1090A000641008440E90A8EB0A00032803DBA7EB2A
:1090B0000900032801DA00204CE715A817AB424647
:1090C000514600902846FFF79BFE15A816AB7A1C68
:1090D00009F1010100902846FFF792FEBDF86000FB
:1090E000BDF85C10401A1390BDF86000BDF8581030
:1090F000401A12901398002801DA00201390129859
:10910000002801DA00201290139800EBC000400004
:10911000642190FBF1F0BDF85C10084410901298A7
:1091200000EBC0004000642190FBF1F0BDF8581046
:1091300008440F90CDF82C80444607E035F8141011
:109140000E98814201DB0B9403E0641C0D9884426D
:10915000F4DD00BFCDF828900D9C06E035F8141022
:109160000E98814200DB0A94641C4C45F6DD08A889
:1091700001230090514628460B9A00F05BFA0790B5
:1091800008A84FF0FF333A46009028460A9900F0AD
:1091900051FA06900798002802DD0698002801DCA5
:1091A0000020D7E6A8F1010428E035F81410109843
:1091B00081420DDC601E35F8100035F8141088422D
:1091C00006DD601C35F8100035F81410884200DC0C
:1091D00013E0A4F10E012846FFF77EFE05900798E4
:1091E000C0EB0011059800EBC00202EB0010B1EBE0
:1091F000800F01DB0C9407E000BF641E0AF10E0033
:10920000844201DB012CD0DA00BF0C98002840DA40
:10921000A8F1010436E035F81410109881421BDCE7
:10922000601E35F8100035F81410884214DB601CFD
:1092300035F8100035F8141088420DDB601E35F843
:10924000100035F81410884207D1601C35F8100062
:1092500035F81410884200D113E0A4F10E0128461D
:10926000FFF73AFE05900798C0EB0011059800EB58
:10927000C00202EB0010B1EB800F01DB0C9407E0A1
:1092800000BF641E0AF10E00844201DB012CC2DA29
:1092900000BF0C98002801DA00205BE609F1010408
:1092A00028E035F814100F9881420DDC601E35F867
:1092B000100035F81410884206DD601C35F81000E7
:1092C00035F81410884200DC13E021462846FFF7E9
:1092D00003FE05900698C0EB00110598404200EB94
:1092E000C00202EB0010B1EB800F01DB099409E032
:1092F00000BF641CBC4205DC04F10E0040F6F31113
:109300008842CEDB00BF0998002842DA09F1010447
:1093100036E035F814100F9881421BDC601E35F8DA
:10932000100035F81410884214DB601C35F810006A
:1093300035F8141088420DDB601E35F8100035F842
:109340001410884207D1601C35F8100035F814104D
:10935000884200D113E021462846FFF7BDFD059065
:109360000698C0EB00110598404200EBC00202EBEA
:109370000010B1EB800F01DB099409E000BF641C11
:10938000BC4205DC04F10E0040F6F3118842C0DB5C
:1093900000BF0998002801DA0020DBE504A805A930
:1093A0000123CDE900102846DDE90B2100F03EF84D
:1093B00004980B9002A803A94FF0FF33CDE90010E9
:1093C0002846DDE9092100F031F803980A90DDE92B
:1093D0000B01401A082804DBDDE90901401A0828BE
:1093E00001DA0020B6E5A6F800A07780A6F8048090
:1093F000A6F806900D983081BDF864007081BDF824
:109400006000B081BDF85C00F081BDF8580030828A
:10941000109870820F98B0820C98F0820B9830836D
:109420000A9870830998B083012093E52DE9FF4FD6
:1094300087B00D4616469A46149805601598066042
:10944000701B401C0F2802DA0BB0BDE8F08F06A895
:109450005346324629460090079800F0EBF88146C3
:109460000698002802DBB9F58C7F00DCECE7AB4600
:1094700005965D46BBF1070F01DA4FF0070B40F68A
:10948000EB110598884201DD08460590069F0020F3
:1094900004900698441E1BE0E11F0798FFF71CFD8F
:1094A00000FB0AF00190C9EB0911019800EBC00222
:1094B00002EB0010B1EB800F03DC27460020049084
:1094C00005E00498401C0490022800DD02E0641EC0
:1094D0005C45E1DA00BFDDF81880002004900698B2
:1094E000441C1BE0E11F0798FFF7F6FC00FB0AF0A5
:1094F0000190C9EB0911019800EBC00202EB0010CA
:10950000B1EB800F03DCA0460020049005E0049836
:10951000401C0490022800DD03E0641C059884428E
:10952000E0DD00BFBAF1000F04DD022003900C2043
:10953000029003E00C2003900220029003983F1A4F
:1095400002988044AF4200DA2F46B04500DDB046B5
:10955000A8EB0700401C082800DA75E7149807609C
:109560001598C0F8008000BF6EE72DE9F04F054662
:109570000C4617469C46DDE909980B9E4FF0FF3BD1
:109580004FF0000AB9F1000F22DDA4EB0802BA4245
:1095900000DA3A462346601C604502DD0020BDE843
:1095A000F08F114606E035F81100504501DD35F821
:1095B00011A0491C9942F6DD611C06E035F8110046
:1095C000504501DB8B4602E0491C6145F6DD21E098
:1095D000224604EB0803634500DD6346601EB84283
:1095E00001DA0020DBE7114606E035F811005045AE
:1095F00001DD35F811A0491C9942F6DD611E06E037
:1096000035F81100504501DB8B4602E0491EB94296
:10961000F6DA00BFBBF1000F01DA0020BFE7A6F8C1
:1096200000B07480B280F380A6F808A086F80A80A3
:109630000120B4E72DE9FF4F81B00D4616461F46C5
:10964000DDF83880A946B2464FF0000BB9F1070F9C
:1096500001DA4FF0070940F6EB10824500DD824643
:109660004FF0FF30C8F800004C460DE0E11F0198B4
:10967000FFF732FC784300900098584503DDDDF891
:1096800000B0C8F80040641C5445EFDD584605B0F2
:10969000BDE8F08F2DE9F04F04460F4694469A46F8
:1096A000DDE90995DDF82C80002F00DA002740F66F
:1096B000F310844501DB40F6F21C61465DE0481B77
:1096C00004D4481940F6F31B584500DB54E000234E
:1096D0004A1908E034F812B0501E34F81000ABEB11
:1096E00000000344521E8A42F4DC00260A4608E0C9
:1096F00034F812B0501E34F81000ABEB00000644F2
:10970000521E481B9042F3DB002E1ADC534518DD35
:1097100034F811B0481E34F81000ABEB00000A28F2
:109720000FDAB8F1000F09D0481C34F8100034F8F3
:1097300011B0A0EB0B0010F10A0F02DB0846BDE8E8
:10974000F08F002E17DD534515DD09FB06F003EB06
:10975000830BB0EB4B0F0EDCB8F1000F09D0481CA7
:1097600034F8100034F811B0A0EB0B0010F10A0F20
:1097700001DB0846E3E700BF491EB9429FDA00203B
:10978000DDE72DE9F04F04460F4694469A46DDE9A1
:109790000995DDF82C80002F00DA002740F6F31041
:1097A000844501DB40F6F21C394660E0481B04D4D6
:1097B000481940F6F31B584500DB57E000234A1BCD
:1097C00009E034F8120002F1010B34F81BB0A0EBF1
:1097D0000B000344521C8A42F3DB00260A4609E0D0
:1097E00034F8120002F1010B34F81BB0A0EB0B00AF
:1097F0000644521C48199042F2DC002E1BDC5345F3
:1098000019DD34F8110001F1010B34F81BB0A0EBA5
:109810000B000A280FDAB8F1000F09D0481E34F8FF
:10982000100034F811B0A0EB0B0010F10A0F02DBAE
:109830000846BDE8F08F002E17DD534515DD09FB06
:1098400006F003EB830BB0EB4B0F0EDCB8F1000F0F
:1098500009D0481E34F8100034F811B0A0EB0B000A
:1098600010F10A0F01DB0846E3E700BF491C614520
:109870009CDD0020DDE70000F0B591B006464FF614
:10988000FF770020284908602849086028490860B7
:1098900009A93046FFF730FB10B9002011B0F0BD28
:1098A000BDF8244006E036F81400B84201DA36F874
:1098B0001470641CBDF82600A042F4DA06A8CDE9B5
:1098C0000070BDF83C20BDF83A1001233046FFF788
:1098D000EBF908B90020E1E703A8CDE90070BDF875
:1098E0004020BDF83E104FF0FF333046FFF7DCF963
:1098F00008B90020D2E7BDF80C00BDF81810451AD1
:10990000902D02DBB5F5EE7F01DD0020C6E7BDF846
:10991000180005490860BDF80C00044908600448B7
:1099200005600068BAE700004400002048000020FD
:109930004C00002010B50120F8F702FF10BD000018
:1099400008480168080C0004074A904208D1C8B2D0
:10995000082803D00F2801D0192800D1704700BF74
:109960000820FBE700F8010800005AA570B586B092
:109970000446F8F7E9FF0020029003900490059058
:1099800001900290012003903F2004900120059057
:1099900001A902A8F8F7E8FE064944EA01050026F5
:1099A0002A46334604490020F8F76EFFF8F75CFFBB
:1099B00006B070BD00005AA500F801082DE9F05F5F
:1099C00006460F460320FCF7EDFC80460420FCF71A
:1099D000E9FC81460B20FCF7E5FC00F00F0A0C20A7
:1099E000FCF7E0FC00F00F0B48EA0A2449EA0B25DB
:1099F00004F4006010B144F4704004B205F4006057
:109A000010B145F4704005B234803D80BDE8F09F50
:109A100010B50024FCF7C4FE0020FCF7C3FC04468C
:109A2000312C01D0204610BD97210620FCF77AFE8C
:109A300017210620FCF776FE04210D4800F01AF8E5
:109A40005E20FCF7AFFC04280CD108215E20FCF757
:109A500069FE5D20FCF7A6FC102803D119215D20CA
:109A6000FCF760FE00210920FCF75CFE2046DAE7E7
:109A7000F2AB000870B505460E46002408E005EB81
:109A80004402517815F81400FCF74CFE601CC4B277
:109A9000B442F4DB70BD0000AAB0F9F7E5FBFDF7B6
:109AA00068FDFFF74DFFFE490870FDF77DF8FDF7F3
:109AB0004BF8FDF7FDF8FDF781F9FDF705FAFDF725
:109AC00065FAFDF7BFFAFDF71FF9FDF70DFBFDF78E
:109AD0000FF8FCF7C5FF0020F2490870F2480A466B
:109AE000127881180122F148FBF752FDF048FAF78D
:109AF00091FC0821EE48FBF759F8EE48FAF78AFC8A
:109B000000F03CFBEC48FAF785FC0021EA48FBF743
:109B10004DF86420F8F714FEFDF778FB3022E74992
:109B200018A8F6F7B6FE002017901690159014901E
:109B3000139015A816AB24AAE1A10090E3A0F6F7B4
:109B400055FD00270AE018A850F8271024A8F6F7BA
:109B50001BFF10B9781C179002E07F1C0C2FF2DB62
:109B600000BF13AB14AADCA1DDA0F6F73FFDDDE9D1
:109B700013021699CDE900120290DCA125A8179BCB
:109B8000159AF6F71FFCFDF722FB01201023DEA239
:109B9000002100902420FDF741FC0120102325AA7C
:109BA000022100900020FDF739FC40F2DC50F8F76C
:109BB000C7FD00BF00BF00BF4FF000083221D448EE
:109BC000F6F7BBFE0120D249C8700846D1490860AB
:109BD0000020CF494870D0A1CD48801DF6F7F2FB98
:109BE000D148F9F7E5F808B1F7F71AFB0025FFF7B8
:109BF0000FFFA9460024FDF7EAFA32E2CB480068DD
:109C000001280DD109F10109C9480078002808DDB3
:109C1000C7480078401EC64908700020C349086044
:109C2000A9E0C449A14800F0E5FAC348007800283B
:109C300072D1282109A8F6F780FEC048006840F2DA
:109C40000D2100FB01F64FF47A7096FBF0F100FB5A
:109C50001160642190FBF1F742F2107096FBF0F175
:109C600000FB11604FF47A7190FBF1FAB44896FB57
:109C7000F0F100FB116042F2107190FBF1FBB04873
:109C800096FBF0F05B460246AEA1CDE900A7069038
:109C900009A8F6F797FBB9F1050F00DB00250220B4
:109CA000FCF780FB00F0800078B14FF0000907A9B5
:109CB00008A8FFF783FEBDF91C50A8480088BDF82E
:109CC0001C10084400B2A549088009A8F6F7C2FD97
:109CD0000446102C05DA09A90819A1A1F6F772FBB0
:109CE00004E009A90819A1A1F6F76CFB09A8F6F789
:109CF000B1FD0446002D06DA09A908196A429DA1A2
:109D0000F6F760FB0EE0002D07DD09A908192A46C9
:109D10009AA1F6F757FB05E02AE009A9081999A1CD
:109D2000F6F750FB09A8F6F795FD04461E2C04DB58
:109D300000208DF843008DF8420008F10108B5F1CC
:109D4000FF3F01DB012D01DD4FF0000840F634003C
:109D5000804502D86E48C07810B9FDF738FA07E0A0
:109D60000120102309AA002100900846FDF756FBA8
:109D700000206E49086085480078002834D0844867
:109D80000078002830D1F8F72BFF82490968401A83
:109D9000B0F57A7F28D301207D49087066480078A5
:109DA00018BB012064490870F8F71AFF7A49086067
:109DB00000207A490870FF207949087000200AE0E5
:109DC0007849095C364A1278914202D17349087089
:109DD00003E0411CC8B20328F2DB00BF00F092F997
:109DE0006E48007800F04CF90CE16E486B49097838
:109DF000475C3846FFF7BAFDFFF7A2FD8246FDF744
:109E0000E6F9BA4515D10120102367A20021009080
:109E10000846FDF703FB524639A102A8F6F7D2FA2D
:109E20000120102302AA002100905020FDF7F6FA2D
:109E300007E0012010235FA2002100900846FDF7F3
:109E4000EDFA012010235EA2022100900020FDF710
:109E5000E5FA02E00A20F8F773FC4C480078002885
:109E6000F8D1C820F8F76CFCFDF7B1F901201023F8
:109E700056A2002100900846FDF7D0FA4FF4FA7080
:109E8000F8F75EFC00BF00BF00BF00BF00BFBFF31C
:109E90004F8F00BF00BF00BF50480068A0E0000027
:109EA00034000020750000203242002058030020BA
:109EB00074020020C00200200C03002004AC000843
:109EC0002533732025642025640000004175672038
:109ED000203320323032360025643A2564000000F9
:109EE00032323A33323A31390000000025303464DE
:109EF0002D253032642D2530326420253032643AED
:109F000025303264000000004244776964746800C0
:109F10004C0400207000002070616E646170693331
:109F20006456312E320A00008801002054000020BF
:109F30006000002080040020610000203800002024
:109F4000A08601005769647468203A202531642E88
:109F5000256425642564206D6D000000400000200C
:109F600020204D6F74696F6E3A0000004D6F746968
:109F70006F6E3A002025303464207D002025303477
:109F800064207B0020202020203030006C00002046
:109F90006D000020680000206400002062000020A6
:109FA0006F000020FCAB000853617665642120201F
:109FB000453D000053617665204661696C200000D4
:109FC00052656C65617365206B65790052657374C9
:109FD000617274696E672E2E2E0000000CED00E099
:109FE00000F4E0601F490843001D1F49086000BFDE
:109FF00000BF00BFBFF34F8F00BF00BF00BF00BF57
:10A0000000BFFDE719480078B8B100201749087073
:10A010001748007888B117480078401C032190FB4E
:10A02000F1F201FB120013490870F8F7D9FD12494B
:10A0300008601048007800F023F80D48007880B1DF
:10A04000F8F7CEFD0C490968401A42F210718842B7
:10A0500007D9002006490870FF2008490870FDF75D
:10A06000B6F8CBE50000FA050CED00E06E0000202C
:10A070006100002062000020640000206F000020CA
:10A0800010B586B0044613480078FF2801D1FDF7CB
:10A090009EF8104804701048027810A101A8F6F745
:10A0A00091F90120102301AA002100900846FDF734
:10A0B000B5F90E48025D0EA101A8F6F783F901205B
:10A0C000102301AA022100900020FDF7A7F906B095
:10A0D00010BD00006F000020340000204375727234
:10A0E000656E743A2020253032640000FCAB000815
:10A0F0003C2053656C6563743A202025303264201F
:10A10000203E000008B5FDF762F80120102309A2E7
:10A11000002100900846FDF781F90120102309A2D3
:10A12000022100900020FDF779F940F6C410F8F7FD
:10A1300007FB08BD4578706F7375726520536574B1
:10A14000757000005461703A4E65787420486F6CE9
:10A15000643A4F4B0000000010B50C210448FAF798
:10A1600025FD41F2E63203490348F7F711FF10BD20
:10A17000C002002080040020A800002010B507487D
:10A18000FAF748F904210548FAF710FD0448FAF7F0
:10A1900041F90C210248FAF7AFFD10BD280200205A
:10A1A000DC01002010B50C210148FAF775FE10BD46
:10A1B000C00200200C4800780C4988750A480088C5
:10A1C000010A0A48C1750A4801780848017608481A
:10A1D0000088010A054841760A2181760021C1766E
:10A1E0000020034908807047380000204C040020FC
:10A1F0004000002070B505460C461948007801283B
:10A2000001D1801E70BD4FF4FA7005E034F82010C3
:10A21000144A22F81010401C40F6F3118842F5DB76
:10A220001048FFF729FB104908600D480078012805
:10A2300001D1801EE6E70120094908700B484078EB
:10A24000012806D141F2E63206490948FBF794FAA3
:10A2500002E000200249087041F2E630D2E7000037
:10A26000350000204C2E0020380000204C04002037
:10A270005803002010B500290AD00878002807D01C
:10A2800005487844F6F780FB002801D0002010BD77
:10A290000248784410BD0000560A00004E0A000033
:10A2A0004FF04070E1EE100A70470000000000001F
:10A2B0000000002F000000000700070000147F14BA
:10A2C0007F1400242A7F2A120062640813230036B8
:10A2D0004955225000000503000000001C224100E7
:10A2E000000041221C000014083E08140008083E2B
:10A2F0000808000000A06000000808080808000026
:10A3000060600000002010080402003E5149453EF4
:10A310000000427F40000042615149460021414512
:10A320004B31001814127F10002745454539003C79
:10A330004A49493000017109050300364949493647
:10A3400000064949291E0000363600000000563636
:10A35000000000081422410000141414141400001A
:10A360004122140800020151090600324959513EA8
:10A37000007C1211127C007F49494936003E414160
:10A380004122007F4141221C007F49494941007F11
:10A3900009090901003E4149497A007F0808087F00
:10A3A0000000417F4100002040413F01007F081430
:10A3B0002241007F40404040007F020C027F007F2E
:10A3C0000408107F003E4141413E007F0909090613
:10A3D000003E4151215E007F091929460046494946
:10A3E00049310001017F0101003F4040403F001F13
:10A3F0002040201F003F4038403F00631408146392
:10A4000000070870080700615149454300007F417B
:10A41000410000552A552A55000041417F000004A3
:10A4200002010204004040404040000001020400DC
:10A43000002054545478007F484444380038444441
:10A44000442000384444487F0038545454180008CD
:10A450007E0901020018A4A4A47C007F08040478EB
:10A460000000447D4000004080847D00007F102873
:10A4700044000000417F4000007C04180478007C08
:10A480000804047800384444443800FC2424241888
:10A490000018242418FC007C0804040800485454C4
:10A4A000542000043F444020003C4040207C001CDD
:10A4B0002040201C003C4030403C004428102844F0
:10A4C000001CA0A0A07C004464544C441414141438
:10A4D0001414000000000000000000000000000054
:10A4E0000000000000F80000000000000033300011
:10A4F000000000100C06100C060000000000000018
:10A50000000040C07840C0784000043F04043F048D
:10A510000400007088FC08300000001820FF211E95
:10A520000000F008F000E018000000211C031E21CC
:10A530001E0000F00888700000001E212324192747
:10A54000211010160E0000000000000000000000A6
:10A550000000000000E018040200000000071820BE
:10A56000400000020418E00000000040201807002E
:10A570000000404080F0804040000202010F0102D4
:10A580000200000000F0000000000101011F0101B5
:10A590000100000000000000000080B0700000001A
:10A5A00000000000000000000000000101010101A6
:10A5B0000101000000000000000000303000000039
:10A5C0000000000000008060180400601806010010
:10A5D000000000E010080810E000000F102020101C
:10A5E0000F00001010F8000000000020203F202085
:10A5F000000000700808088870000030282422211C
:10A6000030000030088888483000001820202011D1
:10A610000E000000C02010F8000000070424243FB2
:10A62000240000F80888880808000019212020115B
:10A630000E0000E0108888180000000F1120201183
:10A640000E0000380808C83808000000003F00006D
:10A6500000000070880808887000001C2221212258
:10A660001C0000E010080810E00000003122221158
:10A670000F00000000C0C0000000000000303000EB
:10A68000000000000080000000000000806000006A
:10A6900000000000804020100800000102040810A3
:10A6A00020004040404040404000040404040404B2
:10A6B0000400000810204080000000201008040260
:10A6C0000100007048080808F00000000030360162
:10A6D0000000C030C828E810E00007182724231421
:10A6E0000B000000C038E0000000203C23020227DD
:10A6F000382008F8888888700000203F202020112A
:10A700000E00C03008080808380007182020201064
:10A71000080008F808080810E000203F202020105A
:10A720000F0008F88888E8081000203F2020232028
:10A73000180008F88888E8081000203F200003006F
:10A740000000C03008080838000007182020221E2A
:10A75000020008F808000008F808203F2101012144
:10A760003F20000808F8080800000020203F2020B3
:10A77000000000000808F8080800C08080807F0002
:10A78000000008F888C028180800203F200126385B
:10A79000200008F8080000000000203F20202020B2
:10A7A000300008F8F800F8F80800203F003F003FAC
:10A7B000200008F830C00008F808203F20000718E3
:10A7C0003F00E01008080810E0000F1020202010C3
:10A7D0000F0008F808080808F000203F21010101D7
:10A7E0000000E01008080810E0000F18242438507A
:10A7F0004F0008F8888888887000203F2000030CEC
:10A8000030200070880808083800003820212122F4
:10A810001C00180808F8080818000000203F200055
:10A82000000008F808000008F808001F2020202079
:10A830001F000878880000C83808000007380E019B
:10A840000000F80800F80008F800033C0700073C87
:10A850000300081868808068180820302C03032C37
:10A8600030200838C800C83808000000203F200009
:10A87000000010080808C8380800203826212020C9
:10A880001800000000FE020202000000007F4040AD
:10A890004000000C30C0000000000000000106383D
:10A8A000C00000020202FE000000004040407F00A5
:10A8B000000000000402020204000000000000008A
:10A8C0000000000000000000000080808080808088
:10A8D0008080000202040000000000000000000070
:10A8E00000000000808080800000001924222222C5
:10A8F0003F2008F8008080000000003F1120201158
:10A900000E000000008080800000000E112020203A
:10A910001100000000808088F800000E1120201037
:10A920003F200000808080800000001F2222222221
:10A930001300008080F0888888180020203F2020A5
:10A9400000000000808080808000006B94949493CD
:10A95000600008F8008080800000203F2100002077
:10A960003F2000809898000000000020203F202019
:10A970000000000000809898000000C08080807F68
:10A98000000008F8000080808000203F24022D3065
:10A990002000000808F8000000000020203F2020D0
:10A9A00000008080808080808000203F20003F2049
:10A9B000003F8080008080800000203F2100002038
:10A9C0003F200000808080800000001F2020202089
:10A9D0001F00808000808000000080FFA1202011E7
:10A9E0000E000000008080808000000E112020A05A
:10A9F000FF80808080008080800020203F21200018
:10AA00000100000080808080800000332424242402
:10AA10001900008080E0808000000000001F2020DE
:10AA200000008080000000808000001F2020201097
:10AA30003F20808080000080808000010E3008066A
:10AA4000010080800080008080800F300C030C307B
:10AA50000F0000808000808080000020312E0E31A9
:10AA60002000808080000080808080818E701806A9
:10AA7000010000808080808080000021302C222115
:10AA80003000000000F0F0000000002060FFFF60D8
:10AA90002000000004000C001FFF3FFF1FFF0C0000
:10AAA0000400002030F8F83020000000007F7F0014
:10AAB0000000403C10FF101020108F7808F808F8B4
:10AAC0000000000000000000000000000000000086
:10AAD0000000020602FF0101044221184681403FA6
:10AAE0000000000000000000000000000000000066
:10AAF000000002FE9292FE0200101116F0141310D4
:10AB00000000000000000000000000000000000045
:10AB10000000101F0808FF048141310D030D314171
:10AB200081000000000000000000000000000000A4
:10AB3000000000FE0222428272022242827202FE63
:10AB40000000000000000000000000000000000005
:10AB5000000000FF100806010E100806014E807F5D
:10AB600000000000000000000000000000000000E5
:10AB70000000000000E0000000FF00000020408016
:10AB800000000000000000000000000000000000C5
:10AB90000000080403000040807F00000000000166
:10ABA0000E00000000000000000000000000000097
:10ABB00000000000F808080C0A0908080808F80056
:10ABC0000000000000000000000000000000000085
:10ABD00000000000FF414141414141414141FF002E
:10ABE0000000000000000000000000000000000065
:10ABF0000000095A0DB50EFF19040000080F1906D0
:10AC00000400000098AC000888AC0008A4AC000860
:10AC1000A8AC0008B4AC00089CAC000894AC0008D8
:10AC200090AC0008A0AC0008ACAC0008B0AC0008C8
:10AC30008CAC0008010002000400060008000A00B5
:10AC40000C00100020004000800000010101010301
:10AC500007010000080402040801010100000000CF
:10AC600000000000010203040607080900000000BC
:10AC700001020304040000080000000000000002BC
:10AC8000000100001000000046656200446563009A
:10AC9000417567004A756C004A616E004A756E0026
:10ACA000536570004D617200417072004F63740013
:10ACB0004E6F76004D617900E8AD0008000000207D
:10ACC000A80000001402000890AE0008A8000020B0
:10ACD000004C00003002000810010000430000009A
:10ACE000F8FFFFFF004040404040404040404141AD
:10ACF0004141414040404040404040404040404051
:10AD000040404040400502020202020202020202EA
:10AD100002020202022020202020202020202002E7
:10AD20000202020202029090909090901010101077
:10AD30001010101010101010101010101010101013
:10AD400002020202020288888888888808080808A7
:10AD50000808080808080808080808080808080873
:10AD6000020202024000000000000000000000009B
:10AD700000000000000000000000000000000000D3
:10AD800000000000000000000000000000000000C3
:10AD900000000000000000000000000000000000B3
:10ADA00000000000000000000000000000000000A3
:10ADB0000000000000000000000000000000000093
:10ADC0000000000000000000000000000000000083
:10ADD0000000000000000000000000000000000073
:10ADE0000000000000000000000000000000000063
:10ADF0000000000000000000000000000000000053
:10AE00000000000000000000000000000000000042
:10AE1000000000000000000000000000080000002A
:10AE20000000000001010000000000000000000020
:10AE30000000000000000000000000000000000012
:10AE40000100000000000000000000000000000001
:10AE500000000000000000FF0000000001000000F2
:10AE600000000000100000000100000000000000D1
:10AE700000000000000000000000000001000000D1
:10AE80000000000000000000000000000024F400AA
:04000005080001D915
:00000001FF
