:020000040800F2
:10000000B872002099020008E3740008775B0008CA
:10001000DF740008F11200083D8E000800000000A7
:1000200000000000000000000000000081780008CF
:10003000BD13000800000000B377000883780008B3
:10004000B3020008B3020008B3020008B3020008BC
:10005000B3020008B3020008B3020008B3020008AC
:10006000B3020008B3020008B3020008F51200084A
:1000700005130008B3020008B3020008B302000829
:10008000B302000800000000A90F0008B302000836
:10009000B3020008B3020008B3020008D913000835
:1000A0000D790008457900083579000825790008A0
:1000B000B3020008B3020008B3020008B30200084C
:1000C000B3020008B3020008B3020008B30200083C
:1000D000B30200082D8E0008B3020008B302000826
:1000E000B3020008B3020008B3020008B30200081C
:1000F000B3020008B3020008B302000800000000C9
:1001000000000000B302000800000000B302000875
:10011000B302000800000000B3020008B3020008A8
:10012000B3020008B3020008B3020008B3020008DB
:10013000B30200080000000000000000B302000845
:10014000B3020008B3020008000000000000000035
:10015000000000000000000000000000000000009F
:10016000000000000000000000000000B3020008D2
:10017000B3020008000000000000000000000000C2
:1001800000000000B30200080000000000000000B2
:10019000000000000000000000000000000000005F
:1001A0000000000000000000B3020008B3020008D5
:1001B0008D5B00087D5B0008B302000800000000B2
:1001C00000000000B3020008000000000000000072
:1001D000B3020008B302000800F002F800F04DF886
:1001E0000AA090E8000C82448344AAF10107DA4592
:1001F00001D100F042F8AFF2090EBAE80F0013F097
:10020000010F18BFFB1A43F00103184760AA000052
:1002100080AA0000103A24BF78C878C1FAD85207E3
:1002200024BF30C830C144BF04680C607047000070
:100230000023002400250026103A28BF78C1FBD8EF
:10024000520728BF30C148BF0B607047642900F0D7
:10025000F980752900F0F680002070471FB509F07D
:10026000D9FF00F095FE04000020002109F0BCFF3A
:10027000401C60601FBD10B510BD00F051FE11465E
:10028000FFF7ECFF09F01CF900F078FE03B4FFF76C
:10029000F2FF03BC00F080FE094880470948004790
:1002A000FEE7FEE7FEE7FEE7FEE7FEE7FEE7FEE726
:1002B000FEE7FEE704480549054A064B7047000083
:1002C000F9780008D9010008B8680020B872002049
:1002D000B86A0020B86A002053EA020C00F0698076
:1002E0002DE9F04B4FF00006002B1FBFB3FA83F54A
:1002F00003FA05F424FA05F65E4012BF1643B2FA7B
:1003000082F502FA05F4C5F120051EBF22FA05FCAC
:1003100044EA0C04203556EA044C4FEA144418BF52
:10032000641C4FF000084FF00009904271EB030C81
:1003300039D3002919BFB1FA81F701FA07F6B0FAEB
:1003400080F700FA07F6C7F120071EBF20FA07FC66
:1003500046EA0C062037B6FBF4FCA7EB0507103F76
:1003600007F01F0BCBF120060CFA0BFB2CFA06F65C
:1003700044BFB3460026202FA4BF5E464FF0000BBB
:100380005BEA060C08BF4FF0010B19EB0B09ABFB46
:10039000027C48EB0608C01B06FB02CC0BFB03CC1F
:1003A00071EB0C01C1E70B46024641464846BDE8E9
:1003B000F08B13B54FF000004FF00001AFF3008059
:1003C000BDE81C40704700000FB41CB5084B06AADE
:1003D0007B4469460090059800F081FB04460020AC
:1003E000694600F08FFB20461CBC5DF814FB000042
:1003F0003107000070B5044685690068C10601D563
:10040000302600E02026C00707D070BDD4E90121C6
:1004100030469047206A401C20626D1EF6D570BDA4
:1004200070B5044685690078C00707D170BDD4E96E
:10043000012120209047206A401C20626D1EF6D5C5
:1004400070BD00002DE9F0410646002410687529B2
:10045000314616A510D0AFF30080002802DA4042E2
:1004600013A507E031688A0701D512A502E0490704
:1004700004D511A5012401E0AFF3008000210A2278
:1004800006F1240709E0B0FBF2FCB0FBF2F302FB3B
:100490001C00303078541846491C0028F3D12346FC
:1004A0002A463046BDE8F04100F0BBBA000000002B
:1004B0002D0000002B000000200000002DE9F05F5F
:1004C000894604464FF0000ADFF874B1FB44C0F8D7
:1004D00020A02046E1688847002874D0252806D04F
:1004E000D4E901219047206A401C2062F1E70026F0
:1004F0005F462046E16888472028054607DB312D06
:1005000005D2781910F8200C08B10643F1E7B007BE
:1005100001D526F00406C4F81CA00027C4F818A0D2
:100520002A2D09D0284608F015FD38B304EB8708BA
:10053000303DC8F8185019E059F8041B204604EB68
:1005400087029161E1688847012F054618D1E0696B
:10055000002820DA26F020061DE0D8F8180000EB6D
:10056000800005EB40003038C8F818002046E168EC
:100570008847054608F0EEFC0028EED1012F0AD08E
:100580002E2D08D12046E16888477F1C0546022FA2
:1005900046F02006C4DBA069002803DA404246F09A
:1005A0000106A061F00701D026F010066C2D0BD0DB
:1005B000682D09D04C2D39D06A2D35D0742D35D009
:1005C0007A2D33D016E038E0E1682F462046884780
:1005D000B842054609D16C2F26D04FF48060E168FF
:1005E000064320468847054604E06C2F1AD04FF496
:1005F000807006430DB3A5F14100192802D82035BB
:1006000046F400664A462946204626604E46FFF7D5
:100610001DFE80B101280BD0F61D26F0070000F169
:10062000080956E74020E4E78020D8E70020D6E715
:1006300006F104094DE7284652E7206ABDE8F09F1D
:1006400058A700000FB400B58DB010A90990009113
:100650000B904FF0FF300A9000200C900648784431
:100660000690064878446A4607900F9909A800F05A
:1006700063FA0DB05DF814FBF70400000F050000ED
:100680002DE9FF5F1D464FF0FF3B91464FF00008FC
:100690005F46D5E90146A96901987F1C8847296A08
:1006A000824688470028F6D1BAF1FF3F0CD0002ED1
:1006B00024F4C06419DD600614D5BAF12B0F09D0FB
:1006C000BAF12D0F0ED103E0584604B0BDE8F09FFB
:1006D00044F48064A96901987F1C8847761E82468D
:1006E000002E02DDBAF1300F03D0B9F1000F26D091
:1006F00032E0A969761E01987F1C44F40074884793
:10070000002E824605DDBAF1780F06D0BAF1580FF7
:1007100003D0B9F1000F10D01EE0B9F1000F02D0E4
:10072000B9F1100F18D1A969761E01987F1C24F425
:10073000007488478246102002E0082000E00A206A
:10074000814609E0A96908FB0908761E01987F1C0B
:1007500044F4007488478246002E05DD4946504621
:1007600000F0D5F90028EDDAE96901988847A0057D
:1007700002D46FF00100A8E7E00725D1600613D589
:10078000600502D5C8F1000000E0404629680A1D56
:100790002A600968220501D5087015E0220701D5F5
:1007A000088011E008600FE02868011D29600068DA
:1007B000210502D580F8008006E0210702D5A0F8C7
:1007C000008001E0C0F8008038467EE72DE9FF5F39
:1007D0004FF000089946144646469169D2E901A7B0
:1007E000DDF838B001988847054659EA0B0005D076
:1007F00009E0A1690198761C88470546216A2846C8
:1008000088470028F5D1681C03D05FEACA7005D07C
:1008100015E04FF0FF3004B0BDE8F09F2068011DE7
:100820002160D0F800800AE05FEACA7001D108F8C0
:10083000015BA169761C01987F1E88470546002F41
:100840001ADD681C18D0B9F1000F0DD0E81705EBC0
:10085000D060421120F01F0059F822102A1A0120FE
:1008600090400142E0D107E0BBF1000FDCD1284607
:10087000216A88470028D7D0E16901988847BBF1F1
:10088000000F07D1002E05DD5FEACA7002D10021FA
:1008900088F80010A068B84203DDBBF1000F03D058
:1008A00017B16FF00100B6E73046B4E710B5431C4E
:1008B00002E010F8011B71B18107FAD14FF001324B
:1008C00002C88C1A8C4314EAC211F9D0C01A0A0665
:1008D00003D0C01E10BDC01A10BD0A0401D0801E76
:1008E00010BD0902FCD0401E10BD10B5203AC0F06A
:1008F0000B80B1E81850203AA0E81850B1E8185021
:10090000A0E81850BFF4F5AF5FEA027C24BFB1E85D
:100910001850A0E8185044BF18C918C0BDE81040CE
:100920005FEA827C24BF51F8043B40F8043B08BFD7
:100930007047D20728BF31F8023B48BF11F8012B9E
:1009400028BF20F8023B48BF00F8012B70474FF04A
:10095000000200B5134694469646203922BFA0E80F
:100960000C50A0E80C50B1F12001BFF4F7AF09071B
:1009700028BFA0E80C5048BF0CC05DF804EB89000C
:1009800028BF40F8042B08BF704748BF20F8022B4F
:1009900011F0804F18BF00F8012B70474FF0013C59
:1009A00050F8042B51F8043B9A4221D1A2EB0C03DE
:1009B000934313EACC1317D150F8042B51F8043B9E
:1009C0009A4215D1A2EB0C03934313EACC130BD13B
:1009D00050F8042B51F8043B9A4209D1A2EB0C03C6
:1009E000934313EACC13DBD04FF00000704700BFF5
:1009F000D01A01BAB1FA81F101F0180122FA01F01E
:100A0000CB40C1F12001DBB2C0B2C01A2CFA01F315
:100A1000D11A914311EAC311E6D17047704770476C
:100A200070472DE9F0470D4699469246044600F17D
:100A300024080168880604D5E06921F010012160CE
:100A400000E00120A84201DD471B00E00027A1696A
:100A50007A1902EB0900081AA0612078C00602D4B6
:100A60002046FFF7C7FC002608E0D4E901211AF868
:100A700006009047206A401C761C20624E45F4DB3D
:100A80002078C0060AD52046FFF7B4FC06E0D4E97A
:100A9000012130209047206A401C2062381EA7F1B7
:100AA0000107F4DC07E0D4E9012118F805009047BC
:100AB000206A401C2062281EA5F10105F3DC2046B7
:100AC000FFF7AEFC2078000602D50220BDE8F087D3
:100AD0000120FBE701694A1C02610878704700B5F4
:100AE0008FB0CDE901310021059105497944CDE967
:100AF000031011466846FFF7E1FC0FB000BD00008F
:100B0000E5FFFFFF0A6802F8010B0A6070473A2808
:100B100000D2303820F02002412A01D3A2F1370060
:100B2000884201D34FF0FF30704700000268114443
:100B30001378016018467047D160054979445161C6
:100B400004497944116200211161114600F02EB868
:100B5000EDFFFFFF53000000426842B1016811F849
:100B6000013B23B1521EC0E9001218467047012113
:100B7000C160881E704742685AB1C368016843B9B2
:100B800083688B4205D0491E521CC0E90012002028
:100B900070474FF0FF30704710B5044600F0E6F99B
:100BA0000068005D00F0010010BD00002DE9F34F6A
:100BB0004FF0000A0C4656468DB001200C9001F112
:100BC0000C000B9062690B980121904705002DD015
:100BD000252D2CD0216A8847C0B162690B9801216C
:100BE0009047216A88470028F7D16269411E0B9817
:100BF000904700E0761CA1690D988847216A8847D4
:100C00000028F7D1E1690D988847DBE7A1690D98C5
:100C10008847A842074601D1761CD3E7E1690D98C1
:100C200088477F1C02D1BAF1000F6FD06BE1626977
:100C30000B9800273D46394690472A2804D162691F
:100C40000B98012190470125DFF8D08262690B984B
:100C500001219047A0F130010A290AD24745E5DC7D
:100C600007EB870100EB4107303FDFD445F010056B
:100C7000ECE7E90601D46FF000476C280AD04C2855
:100C800014D0682815D06A280DD074281CD07A2872
:100C90001AD01DE062690B98012190476C2802D0A0
:100CA00045F0040514E045F002050DE045F020058F
:100CB0000AE062690B9801219047682802D045F04C
:100CC000080505E045F4006562690B98012190472D
:100CD000C4E9015765283DD019DC58287AD00CDCCE
:100CE000452837D004DC252826D041289ED131E084
:100CF00046282FD0472899D12CE05B2877D061284F
:100D000028D063287CD0642823D15AE0F6E06F28ED
:100D100048D008DC66281DD067281BD0692821D060
:100D20006E2816D127E0702845D0732868D0752822
:100D300047D078280DD14DE0A1690D988847252826
:100D400005463FF469AFE1690D9888476D1C3FF493
:100D50006AAFD8E00D9923466A466FF00100AFF301
:100D60000080C5E045F0400023464FF0000260607F
:100D7000A80736D43EE0E8077FF447AF2068011D9E
:100D800021600068290501D506701BE7290701D5F8
:100D9000068017E7A90703D5F117C0E9006111E73D
:100DA00006600FE745F0400023464FF00802606000
:100DB000A80716D41EE040F60E0125EA0100606087
:100DC00016E045F0400023464FF00A026060A80795
:100DD00007D40FE045F040006060A80708D523461F
:100DE00010220D996FF00100AFF3008080E007E062
:100DF000102223460D996FF00100FFF741FC77E0C8
:100E00004FF0000963284F46C8464B46CB4602D0F8
:100E10005B2806D038E0E80601D40120A060012755
:100E200032E06269D4F80CB00B98012190475E283B
:100E300007D14FF0010949466269D4F80CB00B980C
:100E40009047216939B900210A4603AB43F82120B4
:100E5000491C0829FADBD8B3216949B308F1010814
:100E600062690B98012190475D28F4D1B9F1000F18
:100E700009D0002003A951F82020D24341F82020B6
:100E8000401C0828F7DB03AB2069002820794FEAD3
:100E900040701ED05B462246CDF80080CDE9019718
:100EA0000D9900286FF0010020DAAFF300801FE0F9
:100EB000C11703AA00EBD1614B1121F01F0102EB16
:100EC0008302411A13680120884003431360C7E777
:100ED00019E00D99224600286FF00100009702DA10
:100EE000AFF3008004E0FFF771FC01E0AFF3008096
:100EF00000280ADA401C06D10C9820B14FF0FF30D0
:100F00000FB0BDE8F08F5046FAE7E90701D10AF1CA
:100F1000010A064400200C9054E60000CCCCCC0C16
:100F2000754600F031F8AE4605006946534620F09C
:100F30000700854618B020B5FFF7BCF9BDE8204092
:100F40004FF000064FF000074FF000084FF0000B85
:100F500021F00701AC46ACE8C009ACE8C009ACE838
:100F6000C009ACE8C0098D467047000010B500F01C
:100F70000FF8001D10BD00BF719200000446AFF3D2
:100F800000802046FFF782F900487047546800202F
:100F9000004870477468002001491820ABBEFEE786
:100FA000260002007047000010B5024800F09CFDCA
:100FB00010BD0000D80000202DE9F05F04468846EF
:100FC0004FF000094746206805F094FE82462068ED
:100FD00005F07CFE8346BAF1000F02D1BBF1000F91
:100FE00072D02068C06800F0007000B3607F0128F4
:100FF0001DD1207F01281AD101270FE033488145F8
:101000000AD3E06D40F01000E065206E40F0010072
:1010100020660120BDE8F09F09F101092068006801
:10102000C0F380100028E9D0402021680860022F1A
:1010300010D0206805F05EFE60B1206805F04BFE20
:1010400040B920688168224A114041F01001816056
:1010500000BF00BF012F10D0206805F037FE60B13F
:10106000206805F038FE40B920688168184A1140B0
:1010700041F02001816000BF00BF022F03D0032F89
:1010800003D10C2503E0082501E0042500BF00BFC3
:1010900001F0CCFE064612E001F0C8FE801B0528D8
:1010A0000DD920688068284048B1E06D40F01000FC
:1010B000E065206E40F0010020660120AAE720686C
:1010C000806828400028E7D10020A3E7000040A363
:1010D000C0FFFF7F70B50546AC6AE06D00F05000C0
:1010E00098BBE06D40F40070E0652068006800F097
:1010F0000800A8B1206805F002FE10B32068C0689F
:1011000000F40050E8B9E06D20F48070E065E06D17
:1011100000F48050A8B9E06D40F00100E06510E0F7
:101120002068C06800F0020058B9E06D20F48070BB
:10113000E065E06D00F4805018B9E06D40F001000A
:10114000E065204600F0B8FC0CE0FFE7E06D00F041
:10115000100018B1204600F0C6FC03E0606D416B42
:101160002846884770BD70B50546AC6AE06D40F012
:101170004000E065206E40F004002066204600F04C
:10118000B2FC70BD70B50446A56A284600F0AAFC02
:1011900070BD000070B50446206805F09CFD064651
:1011A000206805F09DFD98B396BB2068806800F02C
:1011B0000D0001280AD1206881681A4A1140891C53
:1011C000816000BF03202168086009E0E06D40F005
:1011D0001000E065206E40F001002066012070BD27
:1011E00001F024FE054614E001F020FE401B022819
:1011F0000FD92068806800F0010050B1E06D40F028
:101200001000E065206E40F0010020660120E6E756
:1012100005E02068806800F001000028E4D100208B
:10122000DDE70000C0FFFF7F38B5044600200090D6
:10123000206805F055FD00284FD1206880682849B6
:10124000084048B1E06D40F01000E065206E40F0CD
:1012500001002066012038BD206805F021FD00BF97
:101260002048806800F0E07000F4000080B11E4863
:1012700000681E49B0FBF1F0401C00EB400080000C
:10128000009002E00098401E009000980028F9D1DC
:1012900001F0CCFD05461AE0206805F021FD10B9EB
:1012A000206805F0FDFC01F0C1FD401B02280ED9AD
:1012B0002068006800F0010048B9E06D40F01000BF
:1012C000E065206E40F0010020660120C3E7206841
:1012D000006800F001000028DED00020BBE700001D
:1012E0003F00008000030050D4000020400D0300A8
:1012F00000BFFEE710B5024801F0FFF910BD000085
:101300001C04002010B5024801F0F7F910BD0000E0
:101310004401002030B50E4D0468AC4201D20D49A5
:1013200001E00C4920310B460478083C1425B4FB3D
:10133000F5F2446CA40803EB84048464054C803407
:10134000C46402F01F050124AC40046530BD0000F8
:10135000080402400008024001794A1E064B03EBD4
:1013600082024265044A403282654A1E02F01F032F
:1013700001229A40C26570470009024030B5D0E9A9
:1013800013546C60446D14B1D0E916546C6090F83D
:10139000444004F01F050124AC40056C6C600468F7
:1013A00063608468102C04D10468A2600468E16062
:1013B00003E00468A1600468E26030BD704700216A
:1013C00005E0012100BF0A00A1F10101FBD10200EB
:1013D000A0F10100F5D1704710B54FF4807001F015
:1013E00023FC10BD72B600BFFEE700001B49087F5A
:1013F000012801D0032816D11949096821F4007188
:10140000174A116000BF1146096841F4006111607C
:101410001146096821F40061116000BF1146096896
:1014200041F400711160022801D0032811D100BFDE
:101430000B49096841F48051094A11601146096855
:1014400021F48051116000BF1146096841F48061A8
:1014500011600021014A117770470000B40000209C
:101460000020024000F0010129B10649496941F01C
:101470000401044A51610349496941F48031014A38
:101480005161704700200240094A526922F4FC72FF
:10149000C3B242EAC302064B5A611A46526942F08D
:1014A00002025A611A46526942F480325A61704708
:1014B0000020024010B50849496941F00101064C7D
:1014C0006161026000BF00BF00BFBFF36F8F00BF4C
:1014D00000BF00BF436010BD00200240F0B50246CF
:1014E000402314460D460C4E766946F480260A4F7A
:1014F0007E6100BFEFF31086304672B600BF2E68E3
:101500002660241D2D1D5E1EF3B2002BF7D100BFF7
:1015100080F3108800BFF0BD0020024070B5054682
:1015200001F084FC064606E001F080FC801BA84226
:1015300001D9032070BD19480069C0F3004000289C
:10154000F2D1164800694CF2FA3100EA0104CCB13C
:101550001348406820431249486000BF04F04040EF
:1015600030B10E48806904F0404108430B4988615E
:1015700024F0404018B124F040400849086100BF01
:101580000120D7E70548006900F0010020B100BF45
:1015900001200249086100BF0020CBE70020024083
:1015A000B4000020704770477047704770470000D4
:1015B0002DE9F84F05460C464FF0000A0020009038
:1015C000FE49E068884200D000E000BF00BF95F807
:1015D0005800012802D10220BDE8F88F012085F8CB
:1015E000580000BF286805F085FB00287DD12968D8
:1015F000D4E9002001F1300CC0F3012B0CEB8B037C
:10160000D3F800C000F01F0E4FF01F0B0BFA0EFBBB
:101610002CEA0B0C00F01F0BC2F3846E0EFA0BFECB
:101620004CEA0E0CC3F800C000BF286805F062FB4E
:101630008146286805F04AFB8046B9F1000F64D165
:10164000B8F1000FFBD1A068B0F1004F0AD12168BA
:101650000022286805F064FB4FF00041286805F07F
:1016600084FB08E0A2682168286805F059FB002186
:10167000286805F07AFB60692968C968C1F3C1016F
:10168000490000FA01F7206904283FD02868226841
:10169000216900F1600C0CEB8103D3F800C0DFF886
:1016A00020B30CEA0B0C02F0F84B4BF0004B4BEA6A
:1016B000070B4CEA0B0CC3F800C000BF2868A269F6
:1016C000216900F1600C0CEB8103D3F800C02CF011
:1016D000807C4CEA020CC3F800C000BF2868227F5F
:1016E0002169012A02D1520601E0C6E10022134617
:1016F00000F1600C0CEB8102D2F800C02CF0007CF1
:101700004CEA030CC2F800C000BFA7E00021286823
:1017100005F0D3FAC0F3120030B90021286805F0B3
:10172000CCFAC0F3846007E00021286805F0C5FA10
:1017300090FAA0F0B0FA80F02168C1F3120119B953
:101740002168C1F3846104E0216891FAA1F1B1FA42
:1017500081F1884204D100221146286805F0FAFA86
:101760000121286805F0A9FAC0F3120030B901215F
:10177000286805F0A2FAC0F3846007E00121286818
:1017800005F09BFA90FAA0F0B0FA80F02168C1F35E
:10179000120119B92168C1F3846104E0216891FA4A
:1017A000A1F1B1FA81F1884204D100220121286817
:1017B00005F0D0FA0221286805F07FFAC0F3120084
:1017C00030B90221286805F078FAC0F3846007E098
:1017D0000221286805F071FA90FAA0F0B0FA80F0C2
:1017E0002168C1F3120119B92168C1F3846104E0D1
:1017F000216891FAA1F1B1FA81F1884204D1002265
:101800000221286805F0A6FA0321286805F055FA98
:10181000C0F3120030B90321286805F04EFAC0F376
:10182000846007E00321286805F047FA90FAA0F0E9
:10183000B0FA80F02168C1F3120119B92168C1F32F
:10184000846104E0216891FAA1F1B1FA81F1884242
:1018500004D100220321286805F07CFA286805F0ED
:101860003FFA002872D12868E2682168D0F8B030C9
:10187000C1F3120C23EA0C0302F0180BDFF844C189
:101880002CFA0BFC0CEA010C43EA0C03C0F8B03054
:1018900000BF4A49E068884258D12368C3F3120365
:1018A0001BB92368C3F3846304E0236893FAA3F3AA
:1018B000B3FA83F35B1C03F01F03092B3ED82368A4
:1018C000C3F312031BB92368C3F3846304E02368E2
:1018D00093FAA3F3B3FA83F35B1C03F01F034FF0F7
:1018E000010C0CFA03FC2368C3F312031BB9236831
:1018F000C3F3846304E0236893FAA3F3B3FA83F396
:101900005B1C03F01F034CEA836C2368C3F31203D0
:101910001BB92368C3F3846304E0236893FAA3F339
:10192000B3FA83F35B1C03F01F0303EB43034FF095
:10193000000B4BEA03534CEA030347E02368C3F36D
:10194000120323B92368C3F3846305E043E02368EB
:1019500093FAA3F3B3FA83F35B1C03F01F034FF076
:10196000010C0CFA03FC2368C3F312031BB92368B0
:10197000C3F3846304E0236893FAA3F3B3FA83F315
:101980005B1C03F01F034CEA836C2368C3F3120350
:101990001BB92368C3F3846304E0236893FAA3F3B9
:1019A000B3FA83F35B1C03F01F030A3B03EB43030F
:1019B0004FF0007B4BEA035306E0000000007F403D
:1019C00000F0FF03FFFF07004CEA03031946A2687B
:1019D000286805F0A5F92F492068084050B300BFDA
:1019E0002D48806800F0E07600BF2C4920688842CE
:1019F00003D02B49206888421DD106F40000D0B9DD
:101A00002868B0F1A04F3ED146F40001224805F00D
:101A10009BF9244800682449B0FBF1F0401C00EB1E
:101A200040008000009002E00098401E0090009866
:101A30000028F9D127E01D49206888420CD106F022
:101A4000807048B91A49286888421CD046F08071D5
:101A5000114805F079F916E016492068884212D13C
:101A600006F4800078B91249286888420BD046F401
:101A70008001094805F068F905E0E86D40F02000B4
:101A8000E8654FF0010A00BF002085F8580000BF4C
:101A90005046A1E50000088000030050000021C36B
:101AA0001000C090D4000020400D0300000052C779
:101AB00000010050000084CB10B5044606492068A0
:101AC000884207D108F022FB04480078012801D1A0
:101AD0000349086010BD0000000100503C000020D8
:101AE00084000020704770472DE9F84F044600201D
:101AF00000902068056820684668C54805F0D8F859
:101B0000074605F00200022811D106F00200022863
:101B10000DD1E06D00F0100018B9E06D40F40060E8
:101B2000E0652046FFF73EFD02202168086005F0D1
:101B30000400042803D106F00400042807D005F0AF
:101B4000080008285FD106F0080008285BD1E06D86
:101B500000F0100018B9E06D40F40070E0652068F6
:101B600005F0CDF8002848D0AA492068884202D163
:101B70004FF0A04000E020682168884204D01FB1E7
:101B8000052F01D0092F03D12068D0F80C800AE07E
:101B9000A0492068884202D14FF0A04000E02068B0
:101BA0008346DBF80C8008F40050B0F5005F24D0C9
:101BB0002068006800F0080008281ED1206805F0A1
:101BC00099F890B92068406820F00C0021684860BE
:101BD000E06D20F48070E065E06D00F4805060B945
:101BE000E06D40F00100E06507E0E06D40F01000BE
:101BF000E065206E40F0010020662046FFF75CFFA4
:101C00000C202168086005F02000202803D106F090
:101C10002000202807D005F04000402872D106F0AF
:101C2000400040286ED1E06D00F0100018B9E06D62
:101C300040F40050E0652068C16C01F4C07109B93E
:101C4000012100E000218A4600BF206805F057F816
:101C5000814670492068884202D14FF0A04000E0E0
:101C600020682168884204D01FB1062F01D0072FB9
:101C700003D12068D0F80C800AE0664920688842C9
:101C800002D14FF0A04000E020688346DBF80C80D2
:101C9000BAF1000F30D008F0007028B1B9F1000F90
:101CA0002AD008F4005038BB2068006800F04000DB
:101CB000402821D108F40010F0B9206805F006F89A
:101CC00090B92068406820F0600021684860E06DAD
:101CD00020F48050E065E06D00F4807060B9E06D44
:101CE00040F00100E06507E0E06D40F01000E065C5
:101CF000206E40F0010020662046FFF754FC602073
:101D00002168086005F0800080280DD106F0800071
:101D1000802809D1E06D40F48030E065204600F075
:101D2000A9F980202168086005F48070B0F5807FF3
:101D30000FD106F48070B0F5807F0AD1E06D40F4D9
:101D40000030E0652046FFF730FC4FF480702168DA
:101D5000086005F40070B0F5007F0FD106F4007044
:101D6000B0F5007F0AD1E06D40F48020E0652046A8
:101D7000FFF71CFC4FF400702168086005F01000AC
:101D800010282AD106F01000102826D1E06B10B9D7
:101D90000120009010E047B100BF1D48806800F4AA
:101DA000604048B10120009006E02068C06800F063
:101DB000010008B101200090009801280AD1E06DCF
:101DC00040F48060E065206E40F00200206620460E
:101DD000FFF789FE10202168086005F48060B0F5E7
:101DE000806F13D106F48060B0F5806F0ED1E06D86
:101DF00040F48040E065206E40F0080020664FF41B
:101E00008060216808602046FFF7CEFBBDE8F88FB0
:101E100000030050000100502DE9F84304464FF044
:101E200000080020009014B90120BDE8F883606923
:101E300020B194F82400012800D100BFE06D30B932
:101E4000204600F019F90020206684F85800206828
:101E50008168C1F3407131B1206881687E4A1140C8
:101E6000816000BF00BF206804F03FFFB0B9206868
:101E700081687A4A114041F08051816000BF784802
:101E800000687849B0FBF1F0401C4000009002E08F
:101E90000098401E009000980028F9D1206804F0B6
:101EA00024FF48B9E06D40F01000E065206E40F07E
:101EB000010020664FF00108206804F01BFF064671
:101EC000E06D00F01000002877D1002EFCD1E06D0D
:101ED00020F4807040F00200E065206804F000FF0C
:101EE000B0B94FF0A04004F0FBFE81465E4804F01C
:101EF000F7FE49EA0009B9F1000F09D160685B49B2
:101F0000896821F47C110143584A916000BF00BFE9
:101F1000607FE16B41EA4030E1680843A168084313
:101F200094F8241040EA014594F82400012803D1D4
:101F3000208D401E45EA4045E06A28B1A08D00F49E
:101F40007870216B084305432068C0684849084001
:101F500028432168C8602068006920F04060616BF8
:101F6000084321680861206804F0B0FE0746002E8F
:101F700050D1EFBB207F002141EA803194F8380036
:101F800041EA40052068C06844F2020188432843C2
:101F90002168C860206988B12068006940F48030F9
:101FA000216808612068D0F8C0006FF30D00216936
:101FB00008432168C1F8C0000EE045E020680069D0
:101FC00020F48030216808612068D0F8C0006FF3E9
:101FD0000D002168C1F8C00094F84000012813D119
:101FE000606C40F00101A06C0843E16C084300E024
:101FF00010E0216D08432168096940F2FC729143A9
:1020000008432168086105E02068006920F00100AC
:10201000216808616069012809D12068006B20F0FF
:102020000F00216A491E08432168086305E0206803
:10203000006B20F00F0021680863E06D20F00200C3
:1020400040F00100E06505E0E06D40F01000E06563
:102050004FF001084046E8E6C0FFFF5FC0FFFF7F8A
:10206000D4000020400D0300000100500003005088
:102070000740F0FF7047000010B598B004461421E7
:1020800013A8FEF764FC442102A8FEF760FC2D496A
:102090002068884253D1C00102908003119002A8A9
:1020A00001F062FB08B1FFF79DF900BF2648C06C44
:1020B00040F400502449C8640846C06C00F4005045
:1020C000019000BF00BF00BF0846C06C40F0010097
:1020D000C8640846C06C00F00100019000BF00BF5A
:1020E00001201390032014900020159013A94FF0A5
:1020F000904000F0A7FD154815490860242048606D
:10210000002113488160C160802101614900416163
:10211000890081610021C161016200F06DFB08B19D
:10212000FFF760F900BF0A486065846200BF0022C3
:102130001146122001F030FA122001F019FA18B0FD
:1021400010BD000000010050001002401C000240C1
:10215000440100202DE9F04104460F4690463D48D9
:1021600004F0A6FD0646206804F0C4FD00286DD1E9
:1021700000BF94F85800012802D10220BDE8F08188
:10218000012084F8580000BF1EB1052E01D0092E91
:1021900056D12046FFF748F80546002D4BD1E06D9B
:1021A00040F60161884340F48070E0652A49206868
:1021B000884202D14FF0A04000E0206821688842A8
:1021C00000D01EB9E06D20F48010E065E06D00F4F1
:1021D000805020B1206E20F00600206601E0002033
:1021E00020661E48616DC8621D48616D08631D4808
:1021F000616D48631C202168086000BF002084F8DE
:10220000580000BF2068406840F010002168486016
:102210002068C06840F001002168C860226802F1AF
:10222000400143463A46606D00F04EFB054620688B
:1022300004F06EFD0BE000BF002084F8580006E0BB
:10224000012500BF002084F8580000E00225284640
:1022500094E700000003005000010050D510000872
:10226000851100086711000870B5044600BF94F896
:102270005800012801D1022070BD012084F85800C7
:1022800000BF03212046FEF797FE05464DBB2068A0
:10229000C06820F001002168C860606D90F82500DA
:1022A000022808D1606D00F09FF905461DB1E06D70
:1022B00040F04000E0652068406820F01000216890
:1022C000486025B92046FEF765FF054602E0204636
:1022D000FEF760FF2DB9E06D20F4885040F001005A
:1022E000E06500BF002084F8580000BF2846C3E71F
:1022F0002DE9F84F04460D4616460020009004B123
:1023000015B90120BDE8F88FE869012800D100BFA8
:10231000A868042800D100BF00BF6079012801D15E
:102320000220EFE70120607100BF02202071A86841
:10233000042859D100F07AFD8246E6B911E000F098
:1023400075FDA0EB0A0001280BD92068406B00F452
:10235000004030B1206940F0080020610320207166
:10236000D0E72068406B00F400400028E7D1686A9D
:10237000216808641BE011E000F058FDA0EB0A00A2
:1023800001280BD92068406B00F0004030B1206973
:1023900040F00800206103202071B3E72068406B03
:1023A00000F000400028E7D1686A2168486420688E
:1023B000806C06F0100240F2FF319140884306F035
:1023C0001002A96A91400843216888642068C06CA3
:1023D00006F01002FF219140884306F01002E96ADE
:1023E000914008432168C864E86901280FD120683A
:1023F000876B06F010011F2088408743D5F82080A6
:1024000006F0100008FA00F0074320688763206890
:10241000C76B06F01001072088408743A869012890
:1024200002D14FF000090CE0A869022802D14FF058
:10243000010906E0686910B94FF0010901E04FF0A9
:1024400000096969A868084340EA090806F0100114
:102450004FF48070884087432879012801D1000219
:1024600000E0002040EA080806F010014FF4007078
:10247000884087436879012801D1400200E00020AC
:1024800040EA080827F44047286802280FD101F0E5
:1024900035FC83462C498B4502D947F4004708E0B8
:1024A0002A48834502D947F4804702E001E02868C2
:1024B000074306F0100108FA01F007432068C763DC
:1024C0002068006806F010024FF480419140884374
:1024D000216808602068076806F0100140F6FE7069
:1024E00088408743D5F80C8006F0100108FA01F007
:1024F0000743206807602068006806F01002C021CA
:102500009140884321680860287BC0F38308287CB9
:10251000C0F3830048EA00282068006E06F010022D
:1025200040F60F719140884306F0100108FA01F15E
:102530000843216808660120207100BF00206071F7
:1025400000BF0098DEE600000068890900B4C404FA
:1025500010B504460CB9012010BD207920B9002027
:102560006071204600F008F80220207100202061F0
:10257000012020710020EFE710B586B00446142139
:1025800001A8FEF7E4F916492068884225D100BF6A
:102590001448C06C40F480301249C8640846C06CCE
:1025A00000F48030009000BF00BF00BF0846C06C40
:1025B00040F00100C8640846C06C00F001000090C3
:1025C00000BF00BF10200190032002900020039064
:1025D00001A94FF0904000F035FB06B010BD00009F
:1025E00000080050001002400146002091F825200C
:1025F000022A03D00422CA63012027E00A68126875
:1026000022F00E020B681A608A6C126822F4807243
:102610008B6C1A600A68126822F001020B681A605B
:1026200091F8442002F01F0301229A400B6C5A607B
:10263000D1E913325A604A6D42B14A6D126822F4F0
:1026400080724B6D1A60D1E916325A60012281F80E
:10265000252000BF002281F8242000BF704770B5FC
:102660000446002594F8250002280BD00420E063DE
:10267000012084F8250000BF002084F8240000BF5A
:10268000012534E02068006820F00E002168086011
:102690002068006820F0010021680860A06C0068D4
:1026A00020F48070A16C086094F8440000F01F01D1
:1026B00001208840216C4860D4E913104860606DA7
:1026C00040B1606D006820F48070616D0860D4E9ED
:1026D00016104860012084F8250000BF002084F80F
:1026E000240000BFA06B10B12046A16B884728468C
:1026F00070BD014691F82500704770B50446206C06
:1027000005682068066894F8440000F01F01042062
:1027100088402840E0B106F00400C8B12068006895
:1027200000F0200028B92068006820F0040021682B
:10273000086094F8440000F01F0104208840216CD8
:102740004860206B002856D02046216B884752E015
:1027500094F8440000F01F0102208840284018B37C
:1027600006F0020000B32068006800F0200040B9C5
:102770002068006820F00A0021680860012084F8C1
:10278000250094F8440000F01F0102208840216CCD
:10279000486000BF002084F8240000BFE06A50B306
:1027A0002046E16A884726E094F8440000F01F01C3
:1027B000082088402840F0B106F00800D8B1206811
:1027C000006820F00E002168086094F8440000F0D2
:1027D0001F0101208840216C48600120E06384F8DB
:1027E000250000BF002084F8240000BF606B10B1FA
:1027F0002046616B884770BD70B504460CB9012056
:1028000070BD2F49206888420BD22E492068401A9B
:102810001421B0FBF1F0800060642A48083820647D
:102820000AE027492068401A1421B0FBF1F080002B
:102830006064234808382064022084F8250020685A
:10284000056847F6F0708543D4E902010843216921
:10285000084361690843A1690843E1690843216AA3
:1028600008430543206805602046FEF753FDA06835
:10287000B0F5804F01D1002060602079A16C086024
:10288000D4E913104860606860B16068042809D812
:102890002046FEF761FD0020616D0860D4E9161046
:1028A000486003E000206065A065E0650020E0630B
:1028B000012084F82500002084F8240000BF9FE751
:1028C00008040240080002402DE9F04104460D468C
:1028D00016461F464FF0000800BF94F82400012858
:1028E00002D10220BDE8F081012084F8240000BF5D
:1028F00094F8250001283FD1022084F8250000200B
:10290000E0632068006820F00100216808603B4611
:10291000324629462046FEF731FD206B30B1206853
:10292000006840F00E00216808600BE02068006835
:1029300020F00400216808602068006840F00A0068
:1029400021680860A06C006800F4803028B1A06C99
:10295000006840F48070A16C0860606D28B1606D03
:10296000006840F48070616D08602068006840F085
:1029700001002168086006E000BF002084F8240000
:1029800000BF4FF002084046ACE7000070B50446B7
:1029900000F04CFA06462546681C10B10448006851
:1029A000054400BF00F042FA801BA842FAD370BD74
:1029B000B00000202DE9F04104460F4600BF3B481F
:1029C0000078012802D10220BDE8F08101203749BA
:1029D000087000BF4FF47A70FEF7A0FD0646002E87
:1029E0005DD1324948603248006800F4007090B10F
:1029F0002F48006800F4806048B12D48006820F43A
:102A000080602B49086003202849087715E00120E1
:102A10002649087711E02648006800F4806048B134
:102A20002348006820F480602149086002201F4983
:102A3000087702E000201D490877206801280ED1A0
:102A40006068FEF70FFD4FF47A70FEF767FD0646EB
:102A50001748406920F00400154948611DE04FF017
:102A6000FF303860A56812E028466168FEF70CFD6B
:102A70004FF47A70FEF752FD06460D48406920F487
:102A8000FD700B4948610EB13D6005E06D1CD4E955
:102A900002010844A842E7D800BFFEF7A7FC00BF28
:102AA00000200249087000BF30468DE7B4000020C6
:102AB0000020024001200649496941F00041044AD2
:102AC00051611146496901F0004101B10020704790
:102AD000002002402DE9F0470446884615461E4670
:102AE0004FF0000900BF29480078012802D10220D8
:102AF000BDE8F08701202549087000BF4FF47A70C7
:102B0000FEF70CFD0746002F38D1204948602048C9
:102B1000006800F4806048B11D48006820F48060BF
:102B20001B49086002201949087702E00020174974
:102B300008773CB92A4633464046FEF7BBFC4FF0C7
:102B400001090BE0012C01D0022C07D12946404697
:102B5000FEF7C4FC022C01D14FF480294FF47A70A7
:102B6000FEF7DCFC0746B9F1000F05D008484069C4
:102B700020EA090006494861FEF738FC00BF002042
:102B80000249087000BF3846B2E70000B4000020D8
:102B90000020024000200849496901F0004151B17C
:102BA0000649054A9160064991601146496901F05C
:102BB000004101B101207047002002402301674518
:102BC000AB89EFCD70B50446B4F5807F21D14FF4C9
:102BD0008071104800F01CF90546012D0CD100F061
:102BE00025F90D49086001200C49087000200C49A6
:102BF00008700C4908700BE00848007828B10848B4
:102C0000007810B9012007490870002003490870B6
:102C100000BF70BD00040048980000209C00002008
:102C20009D0000209E00002010B504460448006866
:102C3000204020B1024804602046FFF7C3FF10BDCA
:102C40001404014078B502460B460021CAE0012673
:102C50008E401D6805EA0604002C73D01D7905F02E
:102C60000305012D04D01D7905F00305022D13D1B4
:102C700090684E000325B540A8434E00DD68B5407E
:102C800028439060506801258D40A8431D79C5F305
:102C900000158D40284350601D7905F00305032D74
:102CA00009D0D0684E000325B540A8434E009D686A
:102CB000B5402843D0601D7905F00305022D13D1DE
:102CC000CE0802F1200555F826004D07EE0E0F251F
:102CD000B540A8434E07F60E1D69B5402843CE08FF
:102CE00002F1200545F8260010684E000325B54086
:102CF000A8431D7905F003054E00B5402843106038
:102D00005D6805F44035002D6BD000BF384D2D6E49
:102D100045F00105364E356635462D6E05F0010548
:102D2000009500BF00BF4FEAB6358E0855F8260063
:102D30008D072E0F0F25B540A843B2F1904F02D159
:102D400000251AE04DE02B4DAA4201D1012514E0E7
:102D5000294DAA4201D102250FE0284DAA4201D1F6
:102D600003250AE0264DAA4201D1042505E0254DA0
:102D7000AA4201D1052500E006258E07360FB54091
:102D80002843214D8E0845F82600204D2868A04391
:102D90005D6805F4801505B120431C4D28602D1D8C
:102DA0002868A0435D6805F4001505B12043174D60
:102DB0002D1D2860154D2D1F2868A0435D6805F462
:102DC000003505B12043114D2D1F28602D1F2868A7
:102DD000A0435D6805F4803505B120430B4D083DE7
:102DE0002860491C1D68CD40002D7FF430AF78BDB0
:102DF000001002400004004800080048000C004891
:102E00000010004800140048080001400804014078
:102E1000024613690B400BB1012000E0002070470F
:102E20000AB1816100E081627047000001480068DA
:102E300070470000A8000020024692F841002028B8
:102E40002DD100BF92F84000012801D10220704727
:102E5000012082F8400000BF242082F84100106861
:102E6000006820F00100136818601068006820F402
:102E70008050136818601068006808431368186071
:102E80001068006840F0010013681860202082F884
:102E9000410000BF002082F8400000BFD7E70220B9
:102EA000D5E710B502460B4692F8410020282AD1FA
:102EB00000BF92F84000012801D1022010BD01207E
:102EC00082F8400000BF242082F8410010680068AA
:102ED00020F00100146820601068016821F470611E
:102EE00041EA0321106801601068006840F00100A9
:102EF00014682060202082F8410000BF002082F882
:102F0000400000BFDAE70220D8E7704770B50446FA
:102F10000D4616461049206888421CD155B90F4805
:102F20000078C0B14FF0807301220D49204600F0B7
:102F3000BDF910E00A480078162801D107F0EEF834
:102F400008480068064A127881184FF08073012201
:102F5000204600F027FA70BD00780040A400002051
:102F600080000020A00000202DE9F04104462068E8
:102F7000856920680668C5F3002050B1C6F3C0100B
:102F800038B1606C40F0010060644FF480702168DB
:102F9000C861C5F3802050B1C6F3C01038B1606C71
:102FA00040F0080060644FF480602168C861C5F398
:102FB000402050B1C6F3C01038B1606C40F0020040
:102FC00060644FF400702168C861676C07F00B0003
:102FD00018B13946204602F0F9FEBDE8F08170B51F
:102FE00004462068856920680668606B20B1324617
:102FF00029462046636B984770BD000010B5044613
:1030000094F8410020280BD1282084F8410005487D
:1030100060634FF40041204602F008FE002010BD1E
:103020000220FCE73F6800087047000010B5044626
:103030000CB9012010BD94F8410028B9002084F893
:103040004000204600F078F8242084F841002068F1
:10305000006820F0010021680860606820F070605E
:10306000216808612068806820F400402168886039
:10307000E068012805D1A06840F40040216888601C
:1030800004E0A06840F4044021688860E0680228F9
:1030900006D12068406840F400602168486005E07F
:1030A0002068406820F4006021684860206840681B
:1030B00013490843216848602068C06820F4004034
:1030C0002168C860D4E904010843A16940EA0120ED
:1030D0002168C860D4E907010843216808602068B6
:1030E000006840F001002168086000206064202032
:1030F00084F841000020206384F8420000BF99E773
:103100000080000210B5044606492068884208D1B4
:103110000120054908700020044908702046FFF787
:103120006DFF10BD00780040A4000020800000204A
:10313000704770477047704710B598B00446142127
:1031400013A8FDF704FC442102A8FDF700FC324956
:10315000206888425DD18015029000200A9002A864
:1031600000F002FB08B1FEF73DF900BF2B48C06C30
:1031700040F001002949C8640846C06C00F0010015
:10318000019000BF00BF00BF0846C06C40F00200C5
:10319000C8640846C06C00F00200019000BF00BF88
:1031A000881513901220149000201590169002207C
:1031B000179013A94FF09040FFF744FD2020139083
:1031C000122014900020159016900820179013A933
:1031D0001348FFF737FD00BF1048806D40F0804076
:1031E0000E4988650846806D00F08040019000BF60
:1031F00000BF002211465C2000F0CEF95C2000F0F8
:10320000B7F9002211465D2000F0C6F95D2000F0FC
:10321000AFF918B010BD0000007800400010024067
:103220000004004810B504460D492068884216D1B4
:103230000C48007818B100200A49087004E00A48D8
:103240000078401C0849087008480068064A12784F
:1032500081184FF080733222204600F027F810BD0D
:1032600000780040A400002080000020A000002082
:1032700010B504460A49206888420FD109480078F1
:10328000401C08490870084800680A4612788118EE
:103290004FF080733222204600F084F810BD000009
:1032A0000078004080000020A00000202DE9F041BF
:1032B00004460D4616461F4694F8410000F02800CB
:1032C000282868D105B12EB94FF400706064012040
:1032D000BDE8F08148F20201204602F070FC00BF18
:1032E00094F84000012801D10220F1E7012084F880
:1032F000400000BF94F8410029281CD1012120463C
:1033000002F05DFC2068006800F48040B0F5804F5A
:1033100011D12068006820F4804021680860A06B0B
:1033200048B11E48A16B8863A06BFFF798F910B1F4
:10333000A06B816B88472A2084F84100202084F804
:103340004200002060642068406820F4004021684A
:10335000486065626685608D2085E762104860631D
:1033600020688069C0F3C00820688069C0F300400D
:1033700028B9B8F1000F02D008202168C86100BF49
:10338000002084F8400000BF48F20201204602F00D
:103390004DFC00209CE701209AE700009D5B00089F
:1033A0003F6800082DE9F04104460D4616461F46C9
:1033B00094F8410000F02800282868D105B12EB902
:1033C0004FF4007060640120BDE8F08148F2010113
:1033D000204602F0F4FB00BF94F84000012801D120
:1033E0000220F1E7012084F8400000BF94F841007A
:1033F0002A281CD10221204602F0E1FB2068006847
:1034000000F40040B0F5004F11D12068006820F4AE
:10341000004021680860E06B48B11E48E16B88639A
:10342000E06BFFF71CF910B1E06B816B8847292036
:1034300084F84100202084F8420000206064206865
:10344000406820F400402168486065626685608DB0
:103450002085E7621048606320688069C0F3C00877
:1034600020688069C0F3004028B1B8F1000F02D095
:1034700008202168C86100BF002084F8400000BF18
:1034800048F20101204602F0D1FB00209CE7012018
:103490009AE700009D5B00083F6800080348006849
:1034A000034909680844014908607047A8000020E2
:1034B000B000002010B50024032000F0ABF80F206E
:1034C00000F008F808B1012401E000F02FF82046D0
:1034D00010BD000070B50446002511480068D8B141
:1034E0000F4800684FF47A71B1FBF0F00D4909689C
:1034F000B1FBF0F6304600F025FF58B9102C07D28A
:1035000000222146501E00F047F80748046004E0FE
:10351000012502E0012500E00125284670BD0000DC
:10352000B0000020D4000020AC00002008B500BF8F
:103530000E48006E40F001000C4908660846006E17
:1035400000F00100009000BF00BF00BF0846806D82
:1035500040F0805088650846806D00F080500090F3
:1035600000BF00BF00F0F6F808BD000000100240E8
:103570000146084600280DDB00BF00BF00F01F0316
:1035800001229A4043099B0003F1E023C3F8002184
:1035900000BF00BF00BF70472DE9F05F80460D46B9
:1035A000164605F0BBFC074639462A46334601F06D
:1035B0000700C0F1070ABAF1040F02D94FF0040A5C
:1035C00001E0C0F1070AD14600F1040ABAF1070F81
:1035D00002D24FF0000A01E0A0F1030AD4464FF0F6
:1035E000010A0AFA09FAAAF1010A0AEA020A0AFA1F
:1035F0000CFA4FF0010B0BFA0CFBABF1010B0BEAD1
:10360000030B4AEA0B042146404605F08FFCBDE857
:10361000F09F000000BF00F00702064B19684FF64C
:10362000FF031940044B0B4343EA0221014B19608D
:1036300000BF70470CED00E00000FA0502468ABBAF
:103640004148006800F4C060B0F5806F2BD13E485F
:103650008030006820F480703B4BC3F8800018462F
:10366000006820F4C06040F40070186037480068BB
:1036700032235843364BB0FBF3F0411C00E0491EA7
:103680003148406900F48060B0F5806F01D10029B5
:10369000F5D12D48406900F48060B0F5806F51D1BC
:1036A0000320704708E028488030006820F48070CC
:1036B000254BC3F8800045E0B2F5007F3AD122489F
:1036C000006800F4C060B0F5806F2AD11E488030D9
:1036D000006840F480701C4BC3F8800018460068F6
:1036E00020F4C06040F4007018601848006832236D
:1036F0005843174BB0FBF3F0411C00E0491E124841
:10370000406900F48060B0F5806F01D10029F5D1E7
:103710000D48406900F48060B0F5806F12D103203D
:10372000BFE709488030006840F48070064BC3F85A
:10373000800007E00448006820F4C06040F4806026
:10374000014B18600020ACE700700040D40000205E
:1037500040420F000348806840F48040014988607F
:1037600070470000007000402DE9F8430446002730
:10377000B846206800F40020B0F5002F73D1B94698
:10378000D348806D00F0805078B900BFD048806D7C
:1037900040F08050CE4988650846806D00F080502A
:1037A000009000BF00BF4FF00109CA48006840F414
:1037B0008070C8490860FFF739FB064606E0FFF74E
:1037C00035FB801B022801D9032705E0C1480068AA
:1037D00000F480700028F2D000BF002F46D1BC4812
:1037E0009030006800F44075CDB1206CA84216D02E
:1037F000B7489030006820F44075B548D0F8900084
:1038000040F48030B249C1F890000846D0F89000EA
:1038100020F48030C1F890000846C0F8905005F0C0
:103820000100A0B1FFF702FB064608E0FFF7FEFA31
:10383000801B41F28831884201D9032706E0A44861
:103840009030006800F002000028EFD000BF5FB9A0
:103850009F489030006820F44070216C08439C49D8
:10386000C1F8900003E00CE0B84600E0B846B9F1BA
:10387000010F05D19648806D20F0805094498865ED
:1038800000BF207800F0010048B1914888300068FE
:1038900020F00300616808438D49C1F88800207852
:1038A00000F00200022809D189488830006820F021
:1038B0000C00A16808438649C1F88800207800F010
:1038C0000400042809D182488830006820F03000C4
:1038D000E16808437E49C1F88800207800F00800BC
:1038E000082809D17A488830006820F0C000216992
:1038F00008437749C1F88800207800F0200020288C
:1039000009D173488830006820F440606169084339
:103910006F49C1F88800207800F04000402809D1A4
:103920006B488830006820F44050A169084368491A
:10393000C1F88800207800F08000802809D1644810
:103940008830006820F44040E16908436049C1F8CC
:103950008800208800F48070B0F5807F09D15C4831
:103960008830006820F44030216A08435849C1F883
:103970008800208800F40070B0F5007F09D1544819
:103980008830006820F44020616A08435049C1F83B
:103990008800208800F48060B0F5806F13D14C4817
:1039A0008830006820F44010A16A084348498831F3
:1039B0000860A06AB0F5801F05D14548C06840F492
:1039C00080104349C860208800F40060B0F5006FA3
:1039D00013D13F488830006820F44000E16A084372
:1039E0003B4988310860E06AB0F5800F05D138485E
:1039F000C06840F480103649C860208800F48050C8
:103A0000B0F5805F13D132488830006820F04070F4
:103A1000216B08432E4988310860206BB0F1807F0C
:103A200005D12B48C06840F480102949C86020881F
:103A300000F40050B0F5005F13D1254888300068CD
:103A400020F04060616B0843214988310860606B59
:103A5000B0F1006F05D11E48C06840F480101C49C9
:103A6000C860208800F48040B0F5804F13D118481A
:103A70008830006820F04060A16B08431449883109
:103A80000860A06BB0F1006F05D11148C06840F428
:103A900080100F49C860208800F40040B0F5004F46
:103AA00013D10B488830006820F04050E16B084388
:103AB000074988310860E06BB0F1805F05D10448A8
:103AC000C06840F480300249C8604046BDE8F883D1
:103AD00000100240007000402DE9F04104460D4600
:103AE0004FF0000814B90120BDE8F0817D4800685E
:103AF00000F00F00A8420ED27A48006820F00F00B4
:103B00002843784908600846006800F00F00A84282
:103B100001D00120E8E7207800F00100002864D0FF
:103B20006068032823D17048006800F0007008B96D
:103B30000120D9E703F03EFE06466C48864237D99D
:103B40006948806800F0F00030B1207800F0020091
:103B500002282DD1A06858BB6348806820F0F0008F
:103B600040F08000604988604FF0800820E0606885
:103B7000022806D15C48006800F4003040B90120FA
:103B8000B2E75948006800F4806008B90120ABE74B
:103B900000F0DEF806465548864209D9524880684A
:103BA00020F0F00040F080004F4988604FF080081E
:103BB0004D48806820F00300616808434A498860E6
:103BC000FFF734F9074608E0FFF730F9C01B41F270
:103BD0008831884201D9032086E74348806800F095
:103BE0000C006168B0EB810FEED1207800F002008C
:103BF000022820D1207800F00400042805D13A489A
:103C0000806840F4E06038498860207800F008005F
:103C1000082807D13448806820F4605040F4E06000
:103C2000314988603048806820F0F000A16808437E
:103C30002D49886008E0B8F1800F05D12A488068D6
:103C400020F0F000284988602648006800F00F0046
:103C5000A84219D92348006820F00F0028432149C1
:103C60000860FFF7E3F8074608E0FFF7DFF8C01B3E
:103C700041F28831884201D9032035E719480068AC
:103C800000F00F00A842F0D1207800F004000428D2
:103C900007D11548806820F4E060E16808431249C4
:103CA0008860207800F00800082808D10E48806855
:103CB00020F46050216940EAC1000B49886000F09F
:103CC00047F809498968C1F30311094A515C01F0B9
:103CD0001F01C8400749086007480068FFF7FAFB62
:103CE00002E70000002002400010024000B4C404BB
:103CF00010AC0008D4000020AC000020014800688F
:103D000070470000D400002000B5FFF7F7FF054919
:103D10008968C1F30221044A515C01F01F01C840C7
:103D200000BD00000010024020AC000800B5FFF705
:103D3000E5FF05498968C1F3C221044A515C01F0DD
:103D40001F01C84000BD00000010024020AC000868
:103D500070B5224DAD6805F00C05042D01D1204849
:103D60003AE01E4DAD6805F00C05082D01D11D4847
:103D700032E01A4DAD6805F00C050C2D2BD1174D16
:103D8000ED6805F00304154DED68C5F303156A1CD5
:103D9000022C0CD0032C09D1124DB5FBF2F50F4EBD
:103DA000F668C6F3062605FB06F10AE000BF0C4DD7
:103DB000B5FBF2F5094EF668C6F3062605FB06F1DB
:103DC00000BF00BF054DED68C5F341656D1C6B007C
:103DD000B1FBF3F000E0002070BD000000100240D5
:103DE0000024F40000127A002DE9F843044614B9C7
:103DF0000120BDE8F883207800F00100002865D09C
:103E0000FC48806800F00C07FA48C06800F0030620
:103E10000C2F01D1032E01D0082F0AD1F5480068DC
:103E200000F40030002851D0606800284ED10120F5
:103E3000DFE700BF6068B0F5803F06D1ED4800685D
:103E400040F48030EB4908601AE06068B0F5A02FBC
:103E50000BD1E848006840F48020E6490860084635
:103E6000006840F4803008600AE0E248006820F40E
:103E70008030E04908600846006820F4802008602F
:103E800000BF606888B1FEF7D1FF054606E0FEF787
:103E9000CDFF401B642801D90320AAE7D54800685C
:103EA00000F400300028F2D010E0FEF7BFFF054616
:103EB00006E0FEF7BBFF401B642801D9032098E70A
:103EC000CC48006800F400300028F2D1207800F0DF
:103ED0000200022860D1C748806800F00C07C5487E
:103EE000C06800F003060C2F01D1022E01D0042F70
:103EF00018D1C048006800F4806018B1E06808B9C3
:103F0000012076E7BB48406820F0FE40217C40EA73
:103F10000160B8494860B8480068FFF7DBFA18B399
:103F2000012066E7E06800B3B248006840F48070A2
:103F3000B0490860FEF77AFF054606E0FEF776FF17
:103F4000401B022801D9032053E7AA48006800F467
:103F500080600028F2D0A748406820F0FE40217C15
:103F600040EA0160A349486016E0A248006820F4D6
:103F70008070A0490860FEF759FF054606E0FEF78D
:103F800055FF401B022801D9032032E799480068F9
:103F900000F480600028F2D1207800F008000828A2
:103FA00036D16069D0B193489430006840F0010088
:103FB0009049C1F89400FEF739FF054606E0FEF788
:103FC00035FF401B022801D9032012E789489430AD
:103FD000006800F002000028F1D019E08548943014
:103FE000006820F001008349C1F89400FEF71EFF2D
:103FF000054606E0FEF71AFF401B022801D9032000
:10400000F7E67C489430006800F002000028F1D107
:10401000207800F00400042872D14FF000087548A1
:10402000806D012121EA107078B100BF7148806D68
:1040300040F080506F4988650846806D00F08050E0
:10404000009000BF00BF4FF001086C48006800F40A
:104050008070B0B96948006840F4807067490860B2
:10406000FEF7E4FE054606E0FEF7E0FE401B0228F0
:1040700001D90320BDE66148006800F48070002883
:10408000F2D000BFA068012808D15A4890300068DB
:1040900040F001005749C1F8900021E0A0680528D0
:1040A0000FD154489030006840F004005149C1F8E5
:1040B00090000846D0F8900040F00100C1F8900050
:1040C0000EE04C489030006820F001004949C1F8EA
:1040D00090000846D0F8900020F00400C1F890004D
:1040E00000BFA068A8B1FEF7A1FE054609E0FEF7F3
:1040F0009DFE401B41F28831884202D9032078E6B8
:1041000025E03C489030006800F002000028EED026
:1041100013E0FEF78BFE054608E0FEF787FE401B26
:1041200041F28831884201D9032062E6314890305B
:10413000006800F002000028EFD1B8F1010F05D1AE
:104140002C48806D20F080502A49886500BF207877
:1041500000F02000202836D1A069D0B12548983041
:10416000006840F001002349C1F89800FEF75EFEA8
:10417000054606E0FEF75AFE401B022801D903203F
:1041800037E61C489830006800F002000028F1D0A3
:1041900019E018489830006820F001001549C1F86E
:1041A0009800FEF743FE054606E0FEF73FFE401B83
:1041B000022801D903201CE60E489830006800F060
:1041C00002000028F1D1E069002860D00948806829
:1041D00000F00C000C287AD0E069022858D105487C
:1041E000006820F0807003490860FEF71FFE054656
:1041F0000DE0000000100240AC0000200070004004
:10420000FEF714FE401B022801D90320F1E54A48BD
:10421000006800F000700028F2D1D4E90810401EB8
:1042200041EA0011A06A41EA0021208E0122C2EB7E
:10423000500041EA40513420005DC2EB500041EA99
:1042400040612C20005D41EAC0603B49C9683B4A9F
:10425000114008433849C8600846006840F0807043
:1042600008600846C06840F08070C860FEF7DEFD58
:10427000054606E0FEF7DAFD401B022801D90320BF
:10428000B7E52D48006800F000700028F2D051E03A
:104290002948006820F0807027490860FEF7C6FDB5
:1042A000054606E0FEF7C2FD401B022801D90320A7
:1042B0009FE52148006800F000700028F2D11E48F8
:1042C000C0681F4908401C49C86033E0FFE7E06947
:1042D000012800D18DE51848C66806F00301206A60
:1042E000814225D106F0F001606A401EB1EB001F4B
:1042F0001ED106F4FE41A06AB1EB002F18D106F0E2
:1043000078412C20005DB1EBC06F11D106F4C001E3
:10431000208E0122C2EB5000B1EB405F08D106F0C5
:10432000C0613420005DC2EB5000B1EB406F01D0A2
:1043300001205EE500205CE5001002400C809F013A
:10434000FCFFEEFE70B504462546681EB0F1807F86
:1043500001D301200FE0681E4FF0E02148610F21DA
:104360004FF0FF3004F0E2FD00204FF0E0218861C3
:1043700007200861002070BD70477047704700003B
:1043800010B50346002200BF93F83C00012801D17C
:10439000022010BD012083F83C0000BF22F0FF0086
:1043A000CC6840EA040222F440708C6840EA0402BF
:1043B00022F480604C6840EA040222F400600C6839
:1043C00040EA040222F480500C6940EA040222F41C
:1043D00000504C6940EA040222F480400C6B40EA31
:1043E000040222F470200C8B40EA044222F0805038
:1043F000CC6940EA0402124C1868A04203D0114C68
:104400001868A04213D122F470000C8D40EA0452C7
:1044100022F080700C6A40EA040222F000704C6ABC
:1044200040EA040222F00050CC6A40EA0402186814
:10443000426400BF002083F83C0000BF00BFA8E733
:10444000002C014000340140704770477047000065
:1044500030B502460B4600BF92F83C00012801D15E
:10446000022030BD012082F83C0000BF022082F80B
:104470003D0010684168106884681D4D1068A842AE
:1044800003D01C4D1068A84203D121F47001586874
:104490000143194801401868014310684160144DF8
:1044A0001068A84213D01068B0F1804F0FD0134DA0
:1044B0001068A8420BD0124D1068A84207D00D4DCD
:1044C0001068A84203D00F4D1068A84205D124F00F
:1044D00080049868044310688460012082F83D00DD
:1044E00000BF002082F83C0000BF00BFB9E7000019
:1044F000002C0140003401408FFFFFFD000400400C
:104500000008004000400140704710B504460CB957
:10451000012010BD94F83D0028B9002084F83C002B
:10452000204600F029F8022084F83D00211D206873
:1045300003F010FA012084F8480000BF84F83E0020
:1045400001213F20015540200155412001554220C5
:1045500001554320015500BF00BF012084F84400ED
:1045600045200155462001554720015500BF012037
:1045700084F83D000020CCE738B504463449206873
:1045800088422ED100BF3348006E40F400603149AC
:1045900008660846006E00F40060009000BF00BF8F
:1045A000002211461820FEF7F7FF1820FEF7E0FF63
:1045B000002211461920FEF7EFFF1920FEF7D8FF61
:1045C000002211461A20FEF7E7FF1A20FEF7D0FF5F
:1045D000002211461B20FEF7DFFF1B20FEF7C8FF5D
:1045E00035E02068B0F1804F0DD100BF1948806DD3
:1045F00040F00100174988650846806D00F0010011
:10460000009000BF23E01449206888420DD100BF0C
:104610001048806D40F002000E4988650846806DA4
:1046200000F00200009000BF11E00C4920688842B1
:104630000DD100BF0748806D40F004000549886532
:104640000846806D00F00400009000BF00BF38BD38
:10465000002C01400010024000040040000800400F
:10466000014691F83D00012801D001207047022049
:1046700081F83D00184B0868984213D00868B0F1E3
:10468000804F0FD0154B086898420BD0144B086828
:10469000984207D0134B0868984203D0124B086821
:1046A000984210D108688068104B00EA0302062A7D
:1046B0000FD0B2F5803F0CD00868006840F00100D0
:1046C0000B68186005E00868006840F001000B689E
:1046D00018600020CAE70000002C014000040040E0
:1046E0000008004000340140004001400700010084
:1046F0002DE9F04104460D46002700BF94F83C0028
:10470000012802D10220BDE8F081012084F83C009C
:1047100000BF022084F83D00206886683F480640BC
:1047200026F47F46206886602868702824D00CDC38
:1047300000F00F01002964D10011072861D2DFE8E1
:1047400000F05354555649353F00354A811A90427E
:104750004FD009DCB0F5805F0DD0B0F5005F18D008
:10476000B0F1101F4DD143E0102943D0202942D091
:10477000502946D140E046E0D5E902136A68206836
:1047800003F05FF92068866846F077062068866047
:1047900039E0D5E902136A68206803F052F920680D
:1047A000806840F48040216888602CE0EA6869688D
:1047B000206803F031FB5021206803F04DF922E01E
:1047C000EA686968206803F03AFB6021206803F01A
:1047D00043F918E0EA686968206803F01DFB40218E
:1047E000206803F039F90EE000BF00BF00BF00BF32
:1047F00000BF00BF00BF00BF2968206803F02CF98C
:1048000001E0012700BF00BF012084F83D0000BF88
:10481000002084F83C0000BF384674E788FFCEFFD4
:1048200020001000704770B504462068C6682068F4
:10483000056905F00200022819D106F002000228DD
:1048400015D1401F21680861012020772068806908
:1048500000F0030018B12046FFF7E4FF05E0204612
:1048600000F0A8F9204600F0B7FA0020207705F004
:104870000400042819D106F00400042815D1C0430F
:1048800021680861022020772068806900F4407068
:1048900018B12046FFF7C6FF05E0204600F08AF970
:1048A000204600F099FA0020207705F0080008283B
:1048B00019D106F00800082815D1C0432168086105
:1048C000042020772068C06900F0030018B120465A
:1048D000FFF7A8FF05E0204600F06CF9204600F045
:1048E0007BFA0020207705F01000102819D106F07F
:1048F0001000102815D1C0432168086108202077D6
:104900002068C06900F4407018B12046FFF78AFFA4
:1049100005E0204600F04EF9204600F05DFA002048
:10492000207705F0010048B106F0010030B16FF0CA
:10493000010021680861204600F046FC05F0800077
:10494000802804D005F40050B0F5005F0AD106F0CD
:104950008000802806D16FF402502168086120464B
:10496000FFF70BFD05F48070B0F5807F0AD106F0EB
:104970008000802806D16FF480702168086120468D
:10498000FFF7FAFC05F04000402809D106F040008E
:10499000402805D1C04321680861204600F015FC7D
:1049A00005F02000202809D106F02000202805D19C
:1049B000C043216808612046FFF7E0FC05F4801041
:1049C000B0F5801F0BD106F48010B0F5801F06D122
:1049D0006FF48010216808612046FFF736FD05F46A
:1049E0000010B0F5001F0BD106F40010B0F5001F49
:1049F00006D16FF40010216808612046FFF724FDFE
:104A000005F48000B0F5800F0BD106F48000B0F5FE
:104A1000800F06D16FF48000216808612046FFF7FF
:104A200015FD05F40000B0F5000F0BD106F40000F1
:104A3000B0F5000F06D16FF4000021680861204630
:104A4000FFF762FD70BD000010B586B0044614216A
:104A500001A8FBF77CFF5149206888421CD100BFA8
:104A60004F48C06C40F001004D49C8640846C06C16
:104A700000F00100009000BF00BFC81401900220A8
:104A800002900020039004900B20059001A94FF0A4
:104A90009040FEF7D7F87EE02068B0F1804F1BD140
:104AA00000BF3F48C06C40F001003D49C864084663
:104AB000C06C00F00100009000BF00BF0220019018
:104AC00002900020039004900120059001A94FF06E
:104AD0009040FEF7B7F85EE03249206888421BD16B
:104AE00000BF2F48C06C40F002002D49C864084642
:104AF000C06C00F00200009000BF00BF01200190D8
:104B0000022002900020039004900220059001A949
:104B10002548FEF797F83EE02449206888421BD1DB
:104B200000BF1F48C06C40F002001D49C864084621
:104B3000C06C00F00200009000BF00BF481501905B
:104B4000022002900020039004900220059001A909
:104B50001548FEF777F81EE01549206888421AD1FB
:104B600000BF0F48C06C40F001000D49C864084602
:104B7000C06C00F00100009000BF00BF0420019055
:104B8000022002900020039004900920059001A9C2
:104B9000C006FEF757F806B010BD0000002C01401B
:104BA00000100240000400400004004800080040DB
:104BB0000040014070472DE9F04104460D4616467D
:104BC000002700BF94F83C00012802D10220BDE874
:104BD000F081012084F83C0000BF0C2E51D005DC90
:104BE0004EB1042E1ED0082E7AD133E0102E60D0A4
:104BF000142EF9D175E02946206802F039FF2068AB
:104C0000806940F00800216888612068806920F090
:104C10000400216888612068806929690843216847
:104C2000886178E02946206802F078FF2068806972
:104C300040F40060216888612068806920F4806009
:104C40002168886120688069296940EA012021681B
:104C5000886160E02946206802F0BAFF2068C069D8
:104C600040F008002168C8612068C06920F0040095
:104C70002168C8612068C069296908432168C86142
:104C800049E02946206802F0FDFF2068C06940F431
:104C900000602168C8612068C06920F480602168D4
:104CA000C8612068C069296940EA01202168C8619B
:104CB00031E02946206803F03FF82068006D40F09D
:104CC0000800216808652068006D20F00400216854
:104CD00008652068006D29690843216808651AE0A5
:104CE00017E02946206803F05FF82068006D40F463
:104CF0000060216808652068006D20F480602168EC
:104D000008652068006D296940EA0120216808656E
:104D100001E0012700BF00BF00BF002084F83C0075
:104D200000BF384653E710B504460CB9012010BD4A
:104D300094F83D0028B9002084F83C00204600F09B
:104D400029F8022084F83D00211D206802F002FEAF
:104D5000012084F8480000BF84F83E0001213F2074
:104D60000155402001554120015542200155432065
:104D7000015500BF00BF012084F8440045200155C3
:104D8000462001554720015500BF012084F83D0011
:104D90000020CCE738B504460D492068884215D17B
:104DA00000BF0C48006E40F480300A49086608468F
:104DB000006E00F48030009000BF00BF002211465A
:104DC0001820FEF7E9FB1820FEF7D2FB38BD0000E3
:104DD000004001400010024010B50446044920681C
:104DE000884204D10348006808B905F069F910BD8C
:104DF000002C01408400002070B504460D4615B912
:104E000094F83E0015E0042D02D13F20005D10E033
:104E1000082D02D14020005D0BE00C2D02D1412075
:104E2000005D06E0102D02D14220005D01E043202C
:104E3000005D012801D0012070BD1DB9022084F859
:104E40003E001AE0042D03D102213F20015514E059
:104E5000082D03D10221402001550EE00C2D03D175
:104E600002214120015508E0102D03D102214220EA
:104E7000015502E002214320015501222946206804
:104E800002F0CEFD2749206888420FD026492068CD
:104E900088420BD025492068884207D024492068E1
:104EA000884203D023492068884201D1012000E0D4
:104EB000002028B12068406C40F40040216848641C
:104EC00018492068884213D02068B0F1804F0FD075
:104ED0001949206888420BD018492068884207D0B9
:104EE00011492068884203D010492068884210D1B7
:104EF00020688068124900EA0106062E0FD0B6F538
:104F0000803F0CD02068006840F0010021680860F4
:104F100005E02068006840F001002168086000207A
:104F20008AE70000002C01400034014000400140AD
:104F300000440140004801400004004000080040D7
:104F400007000100F0B504460D46002715B994F896
:104F50003E0015E0042D02D13F20005D10E0082D39
:104F600002D14020005D0BE00C2D02D14120005DFC
:104F700006E0102D02D14220005D01E04320005DDB
:104F8000012801D00120F0BD1DB9022084F83E00A7
:104F90001AE0042D03D102213F20015514E0082D11
:104FA00003D10221402001550EE00C2D03D1022136
:104FB0004120015508E0102D03D102214220015566
:104FC00002E002214320015535B1042D0BD0082DFC
:104FD00010D00C2D1CD114E02068C06840F00200F5
:104FE0002168C86016E02068C06840F004002168AD
:104FF000C8600FE02068C06840F008002168C86001
:1050000008E02068C06840F010002168C86001E036
:10501000012700BF00BFEFBB01222946206802F034
:10502000FFFC2849206888420FD027492068884221
:105030000BD026492068884207D02549206888423D
:1050400003D024492068884201D1012000E00020DB
:1050500028B12068406C40F4004021684864194938
:105060002068884213D02068B0F1804F0FD01A49D1
:10507000206888420BD019492068884207D012491D
:105080002068884203D011492068884212D12068E4
:10509000806800E00DE0124900EA0106062E0FD0FC
:1050A000B6F5803F0CD02068006840F00100216810
:1050B000086005E02068006840F001002168086091
:1050C000384660E7002C01400034014000400140B8
:1050D0000044014000480140000400400008004036
:1050E0000700010030B504460D460022294620681D
:1050F00002F096FC2F49206888420FD02E49206884
:1051000088420BD02D492068884207D02C4920685E
:10511000884203D02B492068884201D1012000E059
:10512000002090B100BF2068006A41F211110840D0
:1051300050B92068006A8900084028B92068406C8E
:1051400020F400402168486400BF00BF2068006A66
:1051500041F21111084050B92068006A89000840E6
:1051600028B92068006820F001002168086000BFAD
:105170001DB9012084F83E001AE0042D03D101215D
:105180003F20015514E0082D03D101214020015595
:105190000EE00C2D03D101214120015508E0102D16
:1051A00003D101214220015502E001214320015594
:1051B000002030BD002C014000340140004001407F
:1051C000004401400048014070477047014600BF5D
:1051D00091F88400012801D102207047012081F854
:1051E000840000BF2420C1F88800086802680868AD
:1051F000006820F001000B68186022F000520020C7
:105200004866086802602020C1F8880000BF0020BE
:1052100081F8840000BF00BFDFE77047704770B5BA
:1052200004460D4600BF94F88400012801D10220F5
:1052300070BD012084F8840000BF2420C4F88800D9
:10524000206806682068006820F001002168086076
:105250002068806820F060602843216888602046CC
:1052600002F028FE206806602020C4F8880000BFF5
:10527000002084F8840000BF00BFD9E770B5044661
:105280000D4600BF94F88400012801D1022070BDB2
:10529000012084F8840000BF2420C4F8880020681E
:1052A00006682068006820F0010021680860206816
:1052B000806820F06040284321688860204602F022
:1052C000F9FD206806602020C4F8880000BF002097
:1052D00084F8840000BF00BFD9E77047704770476B
:1052E0002DE9F04704462068C569206806682068F3
:1052F000876840F60F0005EA0009B9F1000F0FD1E9
:1053000005F0200060B106F0200010B907F08050D1
:1053100030B1606F10B12046616F8847BDE8F087FB
:10532000B9F1000F7ED0D448384018B9D348304086
:105330000028F7D005F0010058B106F4807040B1A4
:10534000012021680862D4F8900040F00100C4F800
:10535000900005F0020058B107F0010040B10220B2
:1053600021680862D4F8900040F00400C4F890006E
:1053700005F0040058B107F0010040B10420216895
:105380000862D4F8900040F00200C4F8900005F0E4
:10539000080070B106F0200010B9B748384040B19D
:1053A000082021680862D4F8900040F00800C4F892
:1053B000900005F4006060B106F0806048B14FF4E1
:1053C000006021680862D4F8900040F02000C4F822
:1053D0009000D4F89000002852D005F0200050B181
:1053E00006F0200010B907F0805020B1606F10B1B6
:1053F0002046616F8847D4F890A02068806800F04C
:105400004000402802D00AF0280070B3204602F085
:10541000DBFE2068806800F04000402826D100BFF5
:1054200000BF00E02DE02168083151E8001F21F0A5
:1054300040002168083141E80002002AF1D100BF94
:10544000D4F8800068B18E48D4F880108863D4F80E
:105450008000FDF704F998B1D4F88000816B88478B
:105460000EE02046FFF73BFF0AE003E02046FFF78F
:1054700036FF05E02046FFF732FF0020C4F8900019
:105480004CE7E06E012865D105F01000002861D0DE
:1054900006F010000028FAD0102021680862206869
:1054A000806800F04000402865D1D4F88000006892
:1054B00040681FFA80F8B8F1000F5BD0B4F85C00C8
:1054C000404557DDA4F85E80D4F88000006800688D
:1054D00000F02000E8BB00BF00BF216851E8001FBA
:1054E00021F48070226842E800010029F5D100BF54
:1054F00000BF00BF2168083151E8001F21F0010002
:105500002168083141E80002002AF3D100BF00BF42
:1055100000BF2168083151E8001F21F040002168D8
:10552000083141E80002002AF3D100BF2020C4F86E
:105530008C000020E06600BF00BF216851E8001F1A
:1055400021F01000226842E800010029F5D100BFD7
:1055500001E004E053E0D4F88000FDF745F80220B4
:105560002067B4F85C00B4F85E20801A81B220464F
:10557000FFF753FED2E634F85C0F6188401A1FFA39
:1055800080F860885C3CC8B3B8F1000F36D000BF2B
:1055900000BF216851E8001F21F49070226842E8A2
:1055A00000010029F5D100BF00BF00BF216808310C
:1055B00051E8001F304AD24301EA02002168083155
:1055C00041E80002002AF1D100BF2020C4F88C007D
:1055D0000020E066606700BF00BF216851E8001F3F
:1055E00021F01000226842E800010029F5D100BF37
:1055F0000220206741462046FFF70FFE8EE605F4A5
:10560000801050B107F4800038B14FF48010216849
:1056100008622046FFF762FE80E605F0800058B180
:1056200006F0800010B907F4000028B1A06F10B197
:105630002046A16F884771E605F0400030B106F0C2
:10564000400018B1204602F0F5FD67E605F40000C1
:1056500030B106F0804018B12046FFF73EFE5DE60F
:1056600005F0807030B106F0004018B12046FFF719
:10567000D5FD53E600BF51E60100001020010004F3
:10568000EF80000810B504460CB9012010BDA069D8
:1056900000B100E000BFD4F8880028B9002084F8E9
:1056A0008400204600F02AF82420C4F888002068EE
:1056B000006820F0010021680860A06A10B120464F
:1056C00002F024FC204603F0EBF8012800D1DDE7CE
:1056D0002068406820F49040216848602068806815
:1056E00020F02A00216888602068006840F00100EE
:1056F00021680860204602F085FCC7E710B598B025
:105700000446142113A8FBF722F9442102A8FBF751
:105710001EF92E492068884256D1012002900020AF
:10572000039002A8FEF720F808B1FBF75BFE00BF6C
:105730002748006E40F48040254908660846006E00
:1057400000F48040019000BF00BF00BF0846C06C5D
:1057500040F00100C8640846C06C00F001000190F0
:1057600000BF00BF4FF4C0601390022014900020CF
:10577000159016900720179013A94FF09040FDF751
:1057800061FA144814490860192048601021124831
:1057900081600021C160802101610021416181613E
:1057A000C1610162FDF728F808B1FBF71BFE00BFDD
:1057B0000948E067846200BF002211462520FDF7FA
:1057C000EBFE2520FDF7D4FE18B010BD00380140D7
:1057D00000100240080002401C04002070B504467E
:1057E0000D461646D4F88C00202821D105B10EB9FB
:1057F000012070BD0020E0660E492068884211D06B
:105800002068406800F4000060B100BF00BF21685C
:1058100051E8001F41F08060226842E80001002941
:10582000F5D100BF32462946204603F0FBF9E0E7F8
:105830000220DEE70080004070B504465D488442E7
:1058400073D15D485D490978405C0A280AD100207F
:105850005A49087004F062FC05225949554800F085
:1058600013F99DE0544855490978405C3B2870D1B4
:105870005248007803286CDB50480078C01E4E491F
:10588000085C442808D14D480078401E085C303838
:105890004B49163948707AE048480078C01E46499E
:1058A000085C4D2812D145480078801E085C3038CD
:1058B00042490978891E404A515C303901EB810127
:1058C00000EB41003E491639087160E03B48007822
:1058D000C01E3949085C6D2812D138480078801EF6
:1058E000085C303835490978891E334A515C3039B3
:1058F00001EB810100EB410031491639487146E066
:105900002E480078C01E2C49085C472822D12B481D
:105910000078401E085C312808D104F0FFFB052206
:105920002749244800F0B0F831E041E023480078EE
:10593000401E2149085C302829D121481038FAF747
:10594000B5FF85B22A461E4910391A4800F09CF866
:105950001DE020E019480078C01E1749085C432864
:1059600015D116480078401E085C302804D100206C
:1059700013491639C8700AE010480078401E0E49D5
:10598000085C312803D101200D491639C870002068
:105990000A49087004E009480078401C074908706B
:1059A0000548064A1278811801220248FFF716FFBF
:1059B00070BD0000880300203E680020A500002084
:1059C000920400202DE9F84F04460E4617469946EA
:1059D000D4F88800202854D106B117B90120BDE8B9
:1059E000F88F00205434E06321206063FDF71EFA35
:1059F000824627806780543CA068B0F5805F04D160
:105A0000206910B90025B04602E035464FF0000885
:105A100020E05346002280212046CDF8009003F07C
:105A2000AFF920B12020C4F888000320D7E745B99A
:105A3000B8F80000C0F308002168886208F1020885
:105A400003E02878216888626D1CB4F85600401E77
:105A5000A4F85600B4F856000028DAD153460022C4
:105A600040212046CDF8009003F08AF920B1202093
:105A7000C4F888000320B2E72020C4F88800002082
:105A8000ADE70220ABE7000070B504460E461546B0
:105A9000D4F8880020283FD106B10DB9012070BD8F
:105AA00044F8506FA580E580002020642120A06389
:105AB000E06A503CE0B11948E16FC8621848E16FF4
:105AC00008631848E16F48630020E16F886323682A
:105AD00003F128022B46216DE06FFCF7F5FE38B18B
:105AE0001020C4F890002020C4F888000120D6E7D8
:105AF00040202168086200BF00BF2168083151E8DA
:105B0000001F41F080002168083141E80002002AAE
:105B1000F3D100BF0020C2E70220C0E76581000882
:105B2000BB8100080781000838B504460C4920688D
:105B3000884213D10B48007801280FD10A484078D9
:105B400001280BD109A0006800900222694608488C
:105B5000FFF79AFF00200349087000BF38BD00001E
:105B600000380140350000207C040020FFFF0000C9
:105B700088030020704700BFFEE7000010B5024810
:105B8000FDF7F2F910BD0000B801002010B5024881
:105B9000FDF725FA10BD0000B801002070B50546DC
:105BA000AC6AA06B10B10020A16B8863E06B10B1F0
:105BB0000020E16B8863204600F05DFF70BD10B5EA
:105BC0000246002001F001034BB140F0420092F880
:105BD000413003F02803282B01D040F0B00001F041
:105BE0000203022B09D140F0440092F8413003F047
:105BF0002803282B01D040F0B00001F40043B3F596
:105C0000004F01D140F0B800102901D140F09000C0
:105C1000202901D140F02000402901D140F040006E
:105C200013681B6883431468236010BD10B50246D7
:105C30000020254C536BA34222D0244C536BA3422B
:105C40001ED0234C536BA3421AD001F40043B3F58A
:105C5000004F01D140F0B80001F001030BB140F05A
:105C6000F20001F00203022B01D140F0F4001029F0
:105C700001D140F09000202920D140F020001DE00B
:105C800001F40043B3F5004F01D140F0B80001F03A
:105C900001030BB140F0F20001F00203022B01D12D
:105CA00040F0F400102901D140F09000202901D1EA
:105CB00040F06000402901D140F0400013681B68AB
:105CC00003431468236010BDA16300080167000846
:105CD0000165000801688969C1F3400111B1002123
:105CE000026891620168896901F0010129B90168BE
:105CF000896941F001010268916170472DE9F0471F
:105D00000446894694F8410000F02800282852D122
:105D100020688069C0F300472068806900F47E0035
:105D2000050C20688068C0F309062068C06800F090
:105D3000FE08E06802282ED105F00600062101EADF
:105D4000E611884216D13546A06C401CA064A06CB8
:105D5000022838D10020A06408202168C86100BF53
:105D6000002084F8400000BF2A4639462046FDF74F
:105D7000CDF828E045464FF400412046FFF71FFFCD
:105D800000BF002084F8400000BF2A463946204664
:105D9000FDF7BCF817E04FF400412046FFF70FFF76
:105DA00000BF002084F8400000BF2A463946204644
:105DB000FDF7ACF807E008202168C86100BF0020AB
:105DC00084F8400000BFBDE8F08700002DE9F041F5
:105DD00004460F4694F84160002084F842004D4884
:105DE000E06200206085606C38436064282E03D038
:105DF000292E01D02A2E09D103212046FFF7DFFEEC
:105E0000282084F841004448606324E048F20301FC
:105E10002046FFF7D4FE2046FFF75CFF94F84100D0
:105E2000602816D0202084F8410020688069C0F3E3
:105E3000401070B120688069C0F3001030B11020AC
:105E40002168C861606C40F0040060642020216813
:105E5000C86100206063256BA06B48B3112D01D091
:105E6000212D25D12068006800F48040B0F5804FD6
:105E700005D12068006820F4804021680860A06B8C
:105E8000FCF737FC01280FD02448A16B886300BFC2
:105E9000002084F8400000BFA06BFCF7E0FB70B36B
:105EA000A06B816B884732E0204600F0E4FD2EE0D5
:105EB000E06B48B3122D01D0222D25D12068006857
:105EC00000F40040B0F5004F05D12068006820F4D0
:105ED000004021680860E06BFCF70BFC01280FD044
:105EE0000E48E16B886300BF002084F8400000BFCB
:105EF000E06BFCF7B4FB10B1E06B816B884706E008
:105F0000204600F0B8FD02E0204600F0B4FDBDE8F8
:105F1000F08100000000FFFF3F6800089D5B000863
:105F200070B504460D461948E06200202063202029
:105F300084F84100002084F842006063C5F38000CB
:105F400090B12068406A616A0870606A401C6062B3
:105F5000208D48B1208D401E2085608D401E6085BB
:105F6000606C40F00400606448F203012046FFF7D3
:105F700026FE10202168C86100BF002084F8400080
:105F800000BF2046FDF7BEF870BD00000000FFFF17
:105F9000F8B504460D462F4620202168C86194F8C4
:105FA0004100212806D101212046FFF708FE1120DB
:105FB000206309E094F84100222805D102212046FF
:105FC000FFF7FDFD12202063206840683849084033
:105FD00021684860002060633648E062C7F3001023
:105FE00030B110202168C861606C40F0040060642A
:105FF00094F84100602807D1C7F3800020B12068E1
:10600000406AC0B2009000BF2046FFF763FE666C96
:1060100094F84100602800D026B1616C2046FFF75B
:10602000D5FE44E094F8410021281ED1202084F8B8
:1060300041000020206394F8420040280AD100204B
:1060400084F8420000BF84F8400000BF2046FDF7FE
:1060500072F82CE0002084F8420000BF84F8400071
:1060600000BF2046FDF765F821E094F841002228A2
:106070001DD1202084F841000020206394F84200C4
:1060800040280AD1002084F8420000BF84F8400074
:1060900000BF2046FDF74EF809E0002084F84200DA
:1060A00000BF84F8400000BF2046FDF741F8F8BD6E
:1060B00000E800FE0000FFFF10B50446002084F851
:1060C000420094F84100212813D1202084F8410097
:1060D000112020630020606301212046FFF76FFD3F
:1060E00000BF002084F8400000BF2046FDF721F8E3
:1060F00012E0202084F84100122020630020606319
:1061000002212046FFF75BFD00BF002084F840001D
:1061100000BF2046FDF70CF810BD00002DE9F04748
:10612000044689462068D0F800804E46E76A94F815
:10613000415020202168C861212D01D0292D07D18F
:1061400048F201012046FFF73AFD2120206314E0C8
:10615000222D01D02A2D07D148F202012046FFF757
:106160002EFD2220206308E0282D06D148F20301ED
:106170002046FFF724FD002020632068406840F49B
:1061800000402168486020684068604908402168F4
:1061900048602046FFF79EFDC8F3803060B120685C
:1061A000006820F4804021680860A06B98B1A06B63
:1061B0000068406860850EE0C8F3C03058B12068C0
:1061C000006820F4004021680860E06B18B1E06BC3
:1061D000006840686085C6F3800080B126F0040640
:1061E0002068406A616A0870606A401C6062208DA5
:1061F00028B1208D401E2085608D401E6085608DF9
:1062000018B1606C40F004006064C6F3001000B385
:10621000C8F30010E8B1608D00BB94F84100282855
:1062200007D1B7F1007F04D131462046FFF778FE51
:1062300023E094F8410029280CD117F5803F09D0BC
:1062400010202168C8612046FFF744FD204600F079
:1062500061F812E010202168C8610EE0102021686A
:10626000C861606C40F00400606417B1B7F1807FD2
:1062700003D1616C2046FFF7A9FD002084F842009D
:106280006063606C60B1616C2046FFF79FFD94F81D
:106290004100282837D131462046FFF741FE32E041
:1062A000E06A10F5803F11D0204600F033F818481E
:1062B000E062202084F841000020206300BF84F8C1
:1062C000400000BF2046FCF71DFF1CE094F8410091
:1062D00022280CD1202084F841000020206300BF38
:1062E00084F8400000BF2046FCF79CFF0BE0202014
:1062F00084F841000020206300BF84F8400000BF04
:106300002046FCF7B5FFBDE8F087000000E800FE7E
:106310000000FFFF70B5044620680568002084F87F
:106320004200C5F3803030B12068006820F480401E
:106330002168086008E0C5F3C03028B12068006813
:1063400020F400402168086094F84100292811D108
:10635000282084F841002120206301212046FFF7F6
:106360002EFC00BF002084F8400000BF2046FCF750
:106370007FFF14E094F841002A2810D1282084F8E7
:1063800041002220206302212046FFF718FC00BFB5
:10639000002084F8400000BF2046FCF743FF70BD9A
:1063A0002DE9F84304460D46164600BF94F8400018
:1063B000012802D10220BDE8F883012084F84000C2
:1063C00000BFC5F3001088B1C6F3001070B11020F3
:1063D0002168C861606C40F00400606420212046A0
:1063E000FFF724FC2046FFF775FC82E0C5F3C010E0
:1063F000002851D0C6F3801000284DD020680068D6
:1064000020F0400021680860608DA0B320684068DB
:10641000C0F30908608DFF2804D9FF2020854FF0C4
:10642000807709E0608D2085E06A10F5803F01D01B
:10643000E76A01E04FF000770020009094F82820F0
:106440003B464146204600F0D9FA608D218D401A26
:10645000608594F84100222806D12068006840F445
:1064600000402168086044E02068006840F48040F3
:10647000216808603DE0FFE72068406800F0007098
:10648000B0F1007F03D02046FFF716FE31E0402137
:106490002046FFF79BFC2CE0C5F38010F8B1C6F353
:1064A0008010E0B1608DA8B92068406800F00070ED
:1064B000B0F1007F1DD0E06A10F5803F06D1206862
:1064C000406840F480402168486012E02046FFF7B1
:1064D000F3FD0EE040212046FFF778FC09E0C5F30C
:1064E000401030B1C6F3401018B129462046FFF7DE
:1064F0004FFD00BF002084F8400000BF00BF5AE7F6
:10650000F8B504460D461646684F00BF94F84000A3
:10651000012801D10220F8BD012084F8400000BF0D
:10652000C5F3001088B1C6F3001070B110202168C7
:10653000C861606C40F00400606420212046FFF7D1
:1065400075FB2046FFF7C6FBA8E0C5F3400048B145
:10655000C6F3400030B1206D216888624FF0FF30F3
:1065600020659BE0C5F3C010002847D0C6F380101B
:10657000002843D001212046FFF721FB10212046AF
:10658000FFF754FB608D98B3608DFF280DD9FF2075
:1065900020850020009094F82820E06C81B24FF014
:1065A0008073204600F02AFA0CE0608D20850020E0
:1065B000009094F82820E06C81B24FF000732046E0
:1065C00000F01CFA608D218D401A608594F841001E
:1065D000222806D12068006840F400402168086045
:1065E0005CE02068006840F480402168086055E065
:1065F000FFE740212046FFF7E9FB4FE0C5F380109D
:10660000D0B3C6F38010B8B301212046FFF7D7FA04
:1066100010212046FFF70AFB94F84100222800D100
:10662000234F608DFF280CD9FF202085009794F818
:106630002820E06C81B24FF08073204600F0DEF934
:106640000BE0608D2085009794F82820E06C81B2E3
:106650004FF00073204600F0D1F9608D218D401A73
:10666000608594F84100222807D12068006840F432
:1066700000402168086011E006E02068006840F4EE
:1066800080402168086009E0C5F3401030B1C6F3CE
:10669000401018B129462046FFF77AFC00BF0020C1
:1066A00084F8400000BF00BF35E7000000200080F4
:1066B0000024008070B5044600F066F9EA2000F07E
:1066C0004EFA01F0D0FB08B9002070BD204600F062
:1066D00046FA002000F0CAFE00F056F9EB2000F068
:1066E0003EFA01F0C0FB08B90020EEE700F0F6F931
:1066F0000546002000F0BAFE00F063F92846E4E702
:106700002DE9F04704460F461546D4F82C804FF08B
:10671000000900BF94F84000012802D10220BDE822
:10672000F087012084F8400000BFC7F3401038B163
:10673000C5F3401020B139462046FFF7EFFC77E063
:10674000C7F30010002869D0C5F30010002865D0F9
:10675000C5F3803018B9C5F3C03000285AD0E06BBB
:1067600040B1C5F3C03028B1E06B0068406808B99B
:106770004FF00109A06B40B1C5F3803028B1A06B88
:106780000068406808B94FF00109B9F1010F20D144
:1067900094F84100282807D1B8F1007F04D1394688
:1067A0002046FFF7BDFB43E094F8410029280CD1B7
:1067B00018F5803F09D010202168C8612046FFF7F6
:1067C00089FA2046FFF7A6FD32E010202168C86153
:1067D0002EE010202168C861606C40F00400606405
:1067E00094F84160B8F1000F02D0B8F1807F1FD15A
:1067F000212E01D0292E02D12120206305E0222E56
:1068000001D02A2E01D122202063616C2046FFF79F
:10681000DDFA0DE010202168C86109E0C7F3C0006F
:1068200030B1C5F3C00018B139462046FFF766FA0B
:1068300000BF002084F8400000BF00BF6FE72DE9D3
:10684000F041044688461646E56A474600BF94F87C
:106850004000012802D10220BDE8F081012084F827
:10686000400000BFC7F3401038B1C6F3401020B15C
:1068700039462046FFF752FC7FE0C7F30010A8B36B
:10688000C6F3001090B3608D00BB94F84100282837
:1068900007D1B5F1007F04D139462046FFF740FB10
:1068A0006BE094F8410029280CD115F5803F09D000
:1068B00010202168C8612046FFF70CFA2046FFF738
:1068C00029FD5AE010202168C86156E01020216897
:1068D000C861606C40F00400606415B1B5F1807F60
:1068E0004BD1616C2046FFF771FA46E0FFE7C7F332
:1068F0008000D0B1C6F38000B8B1608D60B120686F
:10690000406A616A0870606A401C6062208D401EA7
:106910002085608D401E6085608D30BB15F5803F01
:106920002BD02046FFF7F6FC27E0C7F3C00038B1B4
:10693000C6F3C00020B139462046FFF7DFF91CE05E
:10694000C7F3400088B1C6F3400070B1608D68B1F4
:10695000606A007821688862606A401C6062608DAD
:10696000401E6085208D401E208506E0B5F1807FA9
:1069700000D015B92046FFF7CDFC00BF002084F8F9
:10698000400000BF00BF67E710B500F05FFF0122C5
:1069900040214FF09040FCF743FA0120FBF7F6FF4F
:1069A000012280214FF09040FCF73AFA02F0BAFC45
:1069B000002280214FF09040FCF732FA02F0B2FC46
:1069C00010BD10B500F042FF002280214FF0904032
:1069D000FCF726FA0120FBF7D9FF012240214FF0F6
:1069E0009040FCF71DFA02F09DFC012280214FF03F
:1069F0009040FCF715FA02F095FC10BDF0B5059C2F
:106A0000C1F309064FF47F0707EA02473E431E43DE
:106A1000264326F00045066876684FF4806707EA4B
:106A2000545767F0FC2747F4C047BE432E4307681E
:106A30007E60F0BD70B505460C46FFF7A5FFEA2065
:106A400000F08DF801F00FFA08B9002070BD28465B
:106A500000F085F801F007FA08B90020F6E72046B3
:106A600000F07DF801F0FFF908B90020EEE7FFF72C
:106A7000A8FF0120EAE710B5044694F84100602819
:106A80000CD1202084F841000020206300BF84F84E
:106A9000400000BF2046FCF738FA08E000202063E1
:106AA00000BF84F8400000BF2046FCF7BDFA10BDCF
:106AB00010B500F0CBFE012280214FF09040FCF792
:106AC000AFF90120FBF762FF012240214FF0904017
:106AD000FCF7A6F90120FBF759FF10BD70B50022A5
:106AE00040214FF09040FCF79BF90120FBF74EFF4F
:106AF000012280214FF09040FCF792F900F08EFEC9
:106B00000120FBF743FF002525E0012240214FF043
:106B10009040FCF785F90120FBF738FF80214FF00A
:106B20009040FCF775F910B144F0010401E004F065
:106B3000FE040120FBF72AFF002240214FF0904085
:106B4000FCF76EF90120FBF721FF072D01DA600643
:106B5000040E681CC5B2082DD7DB204670BD70B589
:106B6000044600F073FE00252BE0002240214FF088
:106B70009040FCF755F90120FBF708FF04F0800076
:106B800048B1012280214FF09040FCF749F90120E3
:106B9000FBF7FCFE08E0002280214FF09040FCF75C
:106BA0003FF90120FBF7F2FE012240214FF0904017
:106BB000FCF736F90120FBF7E9FE6006040E681CBD
:106BC000C5B2082DD1DB002240214FF09040FCF7E8
:106BD00027F90120FBF7DAFE012280214FF09040D7
:106BE000FCF71EF90120FBF7D1FE70BD10B50122A4
:106BF00051031048FCF714F90120FAF7E0FB0122D9
:106C000091030C48FCF70CF90120FAF7D8FB00229D
:106C10004FF480410748FCF703F90120FAF7CFFB56
:106C200000224FF400510348FCF7FAF80120FAF76C
:106C3000C6FB10BD0004004810B5012251030C48EA
:106C4000FCF7EEF80120FAF7BAFB00224FF480417E
:106C50000748FCF7E5F80120FAF7B1FB01229103A0
:106C60000348FCF7DDF80120FAF7A9FB10BD00008E
:106C70000004004810B5012251030848FCF7D0F881
:106C80000120FAF79CFB00224FF400510348FCF767
:106C9000C7F80120FAF793FB10BD0000000400487C
:106CA0008168024A1140491C81607047C0FFFF7F24
:106CB0000146886800F01F007047024602F160003C
:106CC00000EB8103186800F0F840704701468868BF
:106CD000C0F3C000704701468868C0F340007047A9
:106CE0000146886800F00100704701468868C0F3DB
:106CF0000070704701468868C0F380007047014605
:106D0000C86800F4406008B9012070470020FCE723
:106D10008168024A1140091D81607047C0FFFF7FF2
:106D200070B500F11404C1F3406504EB85031C68E1
:106D3000C1F304560725B540AC43C1F3045502FA2C
:106D400005F52C431C6070BD826822F0E0720A4396
:106D50008260704710B500F1600404EB81031C6889
:106D600024F0004414431C6010BD426922F000422C
:106D70000A4342617047000000B589B0202101A894
:106D8000F9F7E5FD1D481E4908604FF440304860A2
:106D900000211B488160C160016141610421816162
:106DA00000210177417701210162002180F8241040
:106DB0004FF49461C1624FF480610163002180F857
:106DC0003810C16380F84010FBF726F808B1FAF7D5
:106DD00009FB0C48019006200290002003907F20C0
:106DE0000490042005900020069001A90448FAF7B9
:106DF000DFFB08B1FAF7F6FA09B000BD0001005058
:106E0000D80000200200300400B58DB0302101A868
:106E1000F9F79DFD1048114908600846FBF798FBFB
:106E200008B1FAF7DFFA0220019000208DF808007F
:106E30008DF80900039004900590069001200790BA
:106E400000200890002201A90448FBF751FA08B17C
:106E5000FAF7C8FA0DB000BD00080050A4010020E8
:106E600008B500BF1548806C40F0040013498864E1
:106E70000846806C00F00400009000BF00BF00BF17
:106E80000846806C40F0010088640846806C00F081
:106E90000100009000BF00BF002211460B20FCF74C
:106EA0007BFB0B20FCF764FB002211460C20FCF757
:106EB00073FB0C20FCF75CFB08BD000000100240D7
:106EC00000B587B0142102A8F9F741FD00BF3B4887
:106ED000C06C40F001003949C8640846C06C00F03D
:106EE0000100019000BF00BF00BF0846C06C40F029
:106EF0000200C8640846C06C00F00200019000BFA8
:106F000000BF0022C0214FF09040FBF789FF002214
:106F10004FF4D0412A48FBF783FF20200290002045
:106F20000390049002A94FF09040FBF78BFEC02025
:106F300002900120039000200490059002A94FF0D8
:106F40009040FBF77FFE4FF4D04002900120039069
:106F500000200490059002A91948FBF773FE4FF436
:106F6000807002904FF4441003900220049002A914
:106F70001348FBF767FE00BF1048006E40F00100A9
:106F80000E4908660846006E00F00100019000BF3F
:106F900000BF0C48006920F007010A480161006940
:106FA00040F0010107480161002201211720FCF790
:106FB000F3FA1720FCF7DCFA07B000BD001002401E
:106FC000000400480000014010B512481249086052
:106FD000124848600621104881600121C1600021EB
:106FE000016141618161C1610162FCF71FF808B173
:106FF000FAF7F8F900210848FBF71EFF08B1FAF785
:10700000F1F900210448FBF74CFF08B1FAF7EAF95F
:1070100010BD000000780040B8010020FFEDC02046
:1070200000B597B000201490159016901C210DA863
:10703000F9F78DFC34216846F9F789FC2348244987
:107040000860002048600021214881600421C1605F
:107050000021016141618161FDF765FE08B1FAF728
:10706000C1F900201490169014A91948FDF7F0F901
:1070700008B1FAF7B7F960200D9005200E900020B6
:107080000F90109011901290139000220DA91048AB
:10709000FDF791FD08B1FAF7A5F9002000900190E5
:1070A0000290039004904FF4005005900020069049
:1070B0000C9069460648FDF763F908B1FAF792F9B2
:1070C0000348FDF7C1FC17B000BD000000400140BF
:1070D0003C03002000B59BB0002017901890199039
:1070E0001A901490159016901C210DA8F9F72FFCFA
:1070F00034216846F9F72BFC3648374908604A20A6
:1071000048600021344881603448007840F27D2195
:1071100010FB01F00121C1EB80012F48C16000216B
:10712000016141618161FDF7F0F908B1FAF75AF99F
:107130004FF48050179017A92748FDF7D9FA08B1E6
:10714000FAF750F92448FDF7EEFD08B1FAF74AF9CD
:10715000002014901590169014A91F48FDF778F997
:1071600008B1FAF73FF960200D901C480078801CA8
:1071700040000E9002200F9000201090119012906D
:1071800013900C220DA91448FDF715FD08B1FAF76C
:1071900029F90020009001900290039004904FF490
:1071A0000050059000200690079008904FF0007066
:1071B000099000200A900B900C9069460648FDF754
:1071C000DFF808B1FAF70EF90348FDF73DFC1BB0F4
:1071D00000BD0000002C01400C0200203400002003
:1071E00000B58FB000200B900C900D900E90089081
:1071F00009900A901C2101A8F9F7A9FB4FF08040E3
:10720000264908604A2048600021244881602449BA
:107210000978480000EBD0714910491E1F4AD1601F
:107220000021104601618161FDF76FF908B1FAF79D
:10723000D9F84FF480500B900BA91848FDF758FA75
:1072400008B1FAF7CFF81548FDF76DFD08B1FAF768
:10725000C9F8002008900A9008A91048FDF7F8F82E
:1072600008B1FAF7BFF8602001900D49097848008D
:10727000C11700EB917189100291002003900590D5
:10728000042201A90548FDF796FC08B1FAF7AAF80F
:107290000248FDF7D9FB0FB000BD000058020020E6
:1072A0003400002000B58FB000200B900C900D90A2
:1072B0000E90089009900A901C2101A8F9F747FB4D
:1072C0002448254908600020486000212248816048
:1072D0004A21C160002101618161FDF716F908B101
:1072E000FAF780F84FF480500B900BA91A48FDF77D
:1072F000FFF908B1FAF776F81748FDF714FD08B161
:10730000FAF770F8002008900A9008A91248FDF7D3
:107310009FF808B1FAF766F86020019025200290E6
:107320000020039004200590082201A90A48FDF7D7
:1073300042FC08B1FAF756F807480068C06920F027
:10734000080005490968C8610348FDF77DFB0FB0D7
:1073500000BD000000040040A402002000B58FB072
:1073600000200B900C900D900E90089009900A90C0
:107370001C2101A8F9F7EBFA1F48204908600020FA
:10738000486000211D4881604A21C16000210161DF
:107390008161FDF7BAF808B1FAF724F84FF480508C
:1073A0000B900BA91548FDF7A3F908B1FAF71AF8E5
:1073B0001248FDF7B8FC08B1FAF714F8002008905D
:1073C0000A9008A90D48FDF743F808B1FAF70AF842
:1073D00060200190252002900020039005900C224F
:1073E00001A90648FDF7E7FB08B1F9F7FBFF0348E1
:1073F000FDF72AFB0FB000BD00080040F00200209E
:1074000010B517481749086017484860002115480B
:107410008160C16001610C21416100218161C16114
:107420000162416200200F4988620846FEF72AF98E
:1074300008B1F9F7D7FF00210A48FDF71FFF08B18F
:10744000F9F7D0FF00210748FDF7E9FE08B1F9F789
:10745000C9FF0448FDF7BAFE08B1F9F7C3FF10BD34
:10746000003801408803002020A1070010B5044621
:1074700000F0ECF9002240214FF09040FBF7D0FCE7
:107480000120FBF783FA34B1002280214FF09040B5
:10749000FBF7C6FC05E0012280214FF09040FBF78E
:1074A000BFFC0120FBF772FA012240214FF090400F
:1074B000FBF7B6FC01F036FF002240214FF0904070
:1074C000FBF7AEFC0120FBF761FA012280214FF0AF
:1074D0009040FBF7A5FC0120FBF758FA10BD00BF58
:1074E000FEE700BFFEE770B5002418E004F1B0002D
:1074F000002100F045F90021084600F041F9002183
:10750000102000F03DF9002505E00121002000F0E9
:1075100037F9681CC5B2802DF7DB601CC4B2082C9B
:10752000E4DB70BD10B50021AE2000F029F9002188
:10753000402000F025F90021B02000F021F90021C1
:10754000C82000F01DF90021812000F019F9002168
:10755000FF2000F015F90021A12000F011F9002111
:10756000A62000F00DF90021A82000F009F9002163
:107570001F2000F005F90021D32000F001F90021BF
:10758000084600F0FDF80021D52000F0F9F80021B0
:10759000F02000F0F5F80021D92000F0F1F80021EA
:1075A000222000F0EDF80021DA2000F0E9F80021B7
:1075B000022000F0E5F80021DB2000F0E1F80021D6
:1075C000492000F0DDF800218D2000F0D9F80021DD
:1075D000142000F0D5F80021AF2000F0D1F8FFF71B
:1075E00082FF10BD70B504460D4605F1B0000021C4
:1075F00000F0C6F8102141EA1410002100F0C0F894
:1076000004F00F00002100F0BBF870BD2DE9F04739
:1076100080460E4691461F46DDF820A00025002436
:10762000A9F12000C5B2B8F17F0F02DDA046B01C61
:10763000C6B2BAF1000F39D1102F24D131464046DD
:10764000FFF7D0FF002408E004EB0511374A505C37
:10765000012100F0A1F8601CC4B2082CF4DB701CFE
:10766000C1B24046FFF7BEFF002409E004EB05115C
:1076700008312E4A505C012100F08EF8601CC4B223
:10768000082CF3DB12E031464046FFF7ABFF002445
:107690000AE005EB4501264A02EB4101085D0121A4
:1076A00000F07AF8601CC4B2062CF2DBBAF1000FCD
:1076B00039D0102F24D131464046FFF793FF0024E4
:1076C00008E004EB0511194A505C012100F058F85C
:1076D000601CC4B2082CF4DB701CC1B24046FFF73A
:1076E00081FF002409E004EB051108310F4A505CCA
:1076F000012100F045F8601CC4B2082CF3DB12E055
:1077000031464046FFF76EFF00240AE005EB4501D5
:10771000074A02EB4101085D012100F031F8601CCD
:10772000C4B2062CF2DBBDE8F087000046A40008D6
:107730001EA200082DE9F8430446884615461E4659
:10774000DDF82090002716E0CDF80090EA5D334682
:1077500041462046FFF75AFF304606EBD07104EB56
:107760006101CCB2782C04DD002408F1020000F0A5
:10777000FF08781CC7B2E85D0028E5D1BDE8F883B2
:1077800070B504460D461DB1E0B201F0B1FB02E058
:10779000E0B201F097FB70BD70B504460D46E443BE
:1077A0001DB1E0B201F0A4FB02E0E0B201F08AFBFF
:1077B00070BD704770B5164DED6805F00304144DAB
:1077C000ED68C5F303156B1C022C0CD0032C09D1FA
:1077D000104DB5FBF3F50E4EF668C6F3062605FB15
:1077E00006F10AE000BF0C4DB5FBF3F5084EF66854
:1077F000C6F3062605FB06F100BF00BF044DED6889
:10780000C5F341656D1C6A00B1FBF2F070BD00006C
:107810000010024000127A000024F40000B585B088
:1078200014216846F9F793F8802000900020019019
:107830000120029069464FF09040FBF703FA0020C8
:107840000149086005B000BD0000002000B585B00A
:1078500014216846F9F77BF88020009011200190F0
:10786000012002900020039069464FF09040FBF702
:10787000E9F901200149086005B000BD00000020C1
:10788000704710B5FBF70AFE10BD00B593B0382164
:1078900005A8F9F75CF814216846F9F758F84FF491
:1078A0000070FBF7CBFE02200590C001089040203D
:1078B000099002200C9002210D9104210E914B2180
:1078C0000F91022110911191129105A8FCF78CFAE9
:1078D00008B1F9F787FD0F200090032001900020E8
:1078E00002900390049004216846FCF7F5F808B173
:1078F000F9F778FD13B000BD0348006840F470004C
:10790000014908607047000088ED00E010B50348A9
:10791000FCF789FF0248FCF786FF10BD0C0200202F
:107920003C03002010B50248FCF77DFF10BD0000AD
:107930000C02002010B50248FCF775FF10BD0000D6
:107940000C02002010B50248FCF76DFF10BD0000CE
:107950000C02002010B502682A4B98420BD0B0F1FF
:10796000804F08D0284B984205D0284B984202D02F
:10797000274B984203D122F070024B681A43214BE7
:10798000984214D0B0F1804F11D01F4B98420ED0C6
:107990001E4B98420BD01E4B984208D01D4B98426C
:1079A00005D01D4B984202D01C4B984203D122F4C3
:1079B0004072CB681A4322F080034C6943EA040208
:1079C00002608B68C3620B6883620E4B98420BD0D7
:1079D0000F4B984208D00F4B984205D00E4B98425F
:1079E00002D00E4B984201D10B690363012343611E
:1079F000036903F001031BB1036923F00103036171
:107A000010BD0000002C01400004004000080040B0
:107A10000034014000400140004401400048014062
:107A200030B501F01F05012404FA05F3046A9C43F4
:107A30000462046A01F01F0502FA05F52C43046292
:107A400030BD30B50C46816821F47F4142EA032500
:107A500025432943816030BD0A468168034B1940A4
:107A600042F0070319438160704700008FFFCFFF8A
:107A700030B5026A056A25F001050562436884692C
:107A8000204D2C4024F003040D682C4322F0020208
:107A90008D682A431C4DA84200D10FE01B4DA8421F
:107AA00000D10BE01A4DA84200D107E0194DA842C1
:107AB00000D103E0184DA84206D100BF22F0080211
:107AC000CD682A4322F004020F4DA8420BD00F4D7F
:107AD000A84208D00E4DA84205D00E4DA84202D0B3
:107AE0000D4DA84207D123F4807323F400734D6930
:107AF0002B438D692B43436084614D68456302626B
:107B000030BD00008FFFFEFF002C0140003401401B
:107B100000400140004401400048014030B5026A85
:107B2000056A25F01005056243688469224D2C40E2
:107B300024F440740D6844EA052422F020028D6884
:107B400042EA05121D4DA84200D10FE01C4DA8428B
:107B500000D10BE01B4DA84200D100BF1A4DA84236
:107B600000D100BF194DA84207D106E022F08002E3
:107B7000CD6842EA051222F04002104DA8420BD017
:107B80000F4DA84208D00F4DA84205D00E4DA84277
:107B900002D00E4DA84209D123F4806323F4006380
:107BA0004D6943EA85038D6943EA85034360846137
:107BB0004D688563026230BDFF8FFFFE002C0140DF
:107BC00000340140004001400044014000480140B1
:107BD00030B5026A056A25F4807505624368C46998
:107BE000224D2C4024F003040D682C4322F4007233
:107BF0008D6842EA05221E4DA84200D10FE01D4DBE
:107C0000A84200D10BE01C4DA84200D100BF1B4D83
:107C1000A84200D100BF1A4DA84207D106E022F4C5
:107C20000062CD6842EA052222F48062104DA8422B
:107C30000BD0104DA84208D00F4DA84205D00F4DD3
:107C4000A84202D00E4DA84209D123F4805323F458
:107C500000534D6943EA05138D6943EA05134360F8
:107C6000C4614D68C563026230BD00008FFFFEFF36
:107C7000002C01400034014000400140004401401C
:107C80000048014030B5026A056A25F48055056256
:107C90004368C469224D2C4024F440740D6844EAC2
:107CA000052422F400528D6842EA05321D4DA84297
:107CB00000D10FE01C4DA84200D10BE01B4DA842A3
:107CC00000D100BF1A4DA84200D100BF194DA842F3
:107CD00007D106E022F40042CD6842EA053222F4E0
:107CE0008042104DA8420BD00F4DA84208D00F4D36
:107CF000A84205D00E4DA84202D00E4DA84209D18F
:107D000023F4804323F400434D6943EA85138D69CE
:107D100043EA85134360C4614D680564026230BD67
:107D2000FF8FFFFE002C0140003401400040014065
:107D3000004401400048014030B5026A056A25F45C
:107D4000803505624368046D114D2C400D682C434D
:107D500022F400320D8942EA05420E4DA8420BD0B2
:107D60000D4DA84208D00D4DA84205D00C4DA8429B
:107D700002D00C4DA84204D123F480334D6943EA6C
:107D80000523436004654D688564026230BD0000D0
:107D90008FFFFEFF002C01400034014000400140F5
:107DA000004401400048014030B5026A056A25F4EC
:107DB000801505624368046D114D2C400D6844EA3E
:107DC000052422F400120D8942EA05520D4DA84205
:107DD0000BD00D4DA84208D00C4DA84205D00C4D3B
:107DE000A84202D00B4DA84204D123F480234D6950
:107DF00043EA8523436004654D68C564026230BD73
:107E0000FF8FFFFE002C0140003401400040014084
:107E1000004401400048014030B50B461446026A58
:107E2000056A25F001050562816921F0F00141EA4A
:107E3000041122F00A021A438161026230BD30B59A
:107E40000B461446026A056A25F010050562816931
:107E500021F4704141EA043122F0A00242EA031207
:107E60008161026230BD10B5012240214FF0904087
:107E7000FAF7D6FF01F056FAFFF7D0FC80214FF059
:107E80009040FAF7C5FF50B1002240214FF09040DA
:107E9000FAF7C6FF0120FAF779FD002010BD002295
:107EA00040214FF09040FAF7BBFF0120FAF76EFD3A
:107EB0000120F3E770B5456E2DB90125A0F86A5091
:107EC000A0F868501CE0082308240568AD68C5F3D5
:107ED00042610568AD686A0F0A4DAD5C15FB04F59B
:107EE000094EB65C95FBF6F5A0F86A50054D6D5C41
:107EF00015FB03F5044E765C95FBF6F5A0F868508B
:107F000070BD000000AC000808AC000890F8281014
:107F100001F00801082907D10168496821F40041EE
:107F2000826B11430268516090F8281001F0010142
:107F300039B10168496821F40031C26A114302680D
:107F4000516090F8281001F00201022907D1016860
:107F5000496821F48031026B11430268516090F846
:107F6000281001F00401042907D10168496821F4AF
:107F70008021426B11430268516090F8281001F093
:107F80001001102907D10168896821F48051C26B62
:107F900011430268916090F8281001F02001202917
:107FA00007D10168896821F40051026C114302680D
:107FB000916090F8281001F04001402913D1016828
:107FC000496821F48011426C114302685160416C90
:107FD000B1F5801F07D10168496821F4C001826CA6
:107FE00011430268516090F8281001F08001802947
:107FF00007D10168496821F40021C26C114302686D
:108000005160704738B504460020C4F89000FAF774
:108010000DFF05462068006800F00800082821D1FF
:108020006FF07E402B4600224FF400110090204656
:1080300000F0A6FEB0B100BF00BF216851E8001FEC
:1080400021F08000226842E800010029F5D100BF3C
:108050002020C4F8880000BF002084F8840000BFFE
:10806000032038BD2068006800F00400042830D1E7
:108070006FF07E402B4600224FF480010090204696
:1080800000F07EFE28B300BF00BF216851E8001F4A
:1080900021F49070226842E800010029F5D100BF68
:1080A00000BF00BF2168083151E8001F21F0010026
:1080B0002168083141E80002002AF3D100BF2020E6
:1080C000C4F88C0000BF002084F8840000BF0320A7
:1080D000C7E72020C4F88800C4F88C000020E066C0
:1080E000206700BF84F8840000BF00BFB9E770B507
:1080F0000546AC6A0020A4F85E00A4F856002046AD
:10810000FDF7EDF870BD2DE9F0410546AC6AD4F8F5
:108110008860D4F88C702068806800F08000802827
:1081200007D1212E05D10020A4F85600204600F0EA
:1081300099F82068806800F04000402807D1222F7D
:1081400005D10020A4F85E00204600F03DF8D4F8E8
:10815000900040F01000C4F890002046FDF7BFF8F2
:10816000BDE8F08170B50546AC6A2868006800F08B
:108170002000F0B90020A4F8560000BF00BF21681D
:10818000083151E8001F21F080002168083141E8E2
:108190000002002AF3D100BF00BF00BF216851E8F0
:1081A000001F41F04000226842E800010029F5D19B
:1081B00002E02046FDF7B8FC70BD70B50446A56A24
:1081C0002846FDF7D7FC70BD00BF00BF026852E82B
:1081D000002F22F49071036843E80012002AF5D1C1
:1081E00000BF00BF00BF0268083252E8002F104BEA
:1081F00002EA03010268083242E80013002BF2D1C0
:1082000000BFC16E01290CD100BF00BF026852E857
:10821000002F22F01001036843E80012002AF5D174
:1082200000BF2021C0F88C100021C1664167704753
:10823000FEFFFFEF10B5044600BF00BF216851E804
:10824000001F21F04000226842E800010029F5D11A
:1082500000BF2020C4F888000020A0672046FDF75A
:1082600063FC10BD00BF00BF026852E8002F22F07F
:10827000C001036843E80012002AF5D100BF00BF27
:1082800000BF0268083252E8002F22F400010268A1
:10829000083242E80013002BF3D100BF2021C0F8C0
:1082A000881070472DE9F0410446B4F86070D4F8A6
:1082B0008C0022286ED12068406A86B2A56D06EA3D
:1082C00007002880A06D801CA065B4F85E00401EE9
:1082D000A4F85E00B4F85E00002861D100BF00BFC2
:1082E000216851E8001F21F49070226842E80001E3
:1082F0000029F5D100BF00BF00BF2168083151E857
:10830000001F21F001002168083141E80002002A25
:10831000F3D100BF2020C4F88C00002060672067E4
:1083200020492068884211D02068406800F400008D
:1083300060B100BF00BF216851E8001F21F08060DC
:10834000226842E800010029F5D100BFE06E012853
:108350001CD10020E06600BF00BF216851E8001F6B
:1083600021F01000226842E800010029F5D100BF89
:108370002068C069C0F3001010B1102021680862A5
:10838000B4F85C102046FCF748FF09E02046FDF7F2
:1083900053FA05E02068806940F008002168886190
:1083A000BDE8F081008000402DE9F84F0446B4F8A4
:1083B00060B02068C5692068006800902068D0F827
:1083C00008A0D4F88C0022287ED1B4F86890ADE0E3
:1083D0002068406A1FFA80F8A76D08EA0B00388011
:1083E000A06D801CA065B4F85E00401EA4F85E007D
:1083F0002068C56905F00700B0B305F0010060B161
:10840000009800F4807040B1012021680862D4F81F
:10841000900040F00100C4F8900005F0020058B14F
:108420000AF0010040B1022021680862D4F89000EF
:1084300040F00400C4F8900005F0040058B10AF0C0
:10844000010040B1042021680862D4F8900040F097
:108450000200C4F89000D4F8900028B12046FCF740
:108460003EFF0020C4F89000B4F85E0000285DD103
:1084700000BF00BF216851E8001F21F4807022680E
:1084800042E800010029F5D100BF00BF00BF21680C
:10849000083151E8001F404A01EA02002168083112
:1084A00041E80002002AF2D100BF2020C4F88C006D
:1084B00000206067206739492068884213D020680F
:1084C000406800F4000000E05DE060B100BF00BF64
:1084D000216851E8001F21F08060226842E8000115
:1084E0000029F5D100BFE06E01281CD10020E06614
:1084F00000BF00BF216851E8001F21F01000226872
:1085000042E800010029F5D100BF2068C069C0F32E
:10851000001010B1102021680862B4F85C102046E9
:10852000FCF77BFE02E02046FDF786F9B9F1000F6B
:1085300004D005F0200000287FF44AAFB4F85E6054
:1085400006B3B4F86800B04223DD00BF00BF216865
:10855000083151E8001F21F080502168083141E8BE
:108560000002002AF3D100BF0D48606700BF00BFC2
:10857000216851E8001F41F02000226842E8000114
:108580000029F5D105E02068806940F008002168E5
:108590008861BDE8F88F0000FEFFFFEF008000401B
:1085A000A582000870B50446B4F86060D4F88C0069
:1085B00022286FD12068406A85B2F0B22840A16DB0
:1085C0000870A06D401CA065B4F85E00401EA4F8C1
:1085D0005E00B4F85E00002862D100BF00BF2168D1
:1085E00051E8001F21F49070226842E80001002940
:1085F000F5D100BF00BF00BF2168083151E8001F5E
:1086000021F001002168083141E80002002AF3D17D
:1086100000BF2020C4F88C0000206067206721493B
:108620002068884211D02068406800F4000060B1E2
:1086300000BF00BF216851E8001F21F08060226860
:1086400042E800010029F5D100BFE06E01281CD1ED
:108650000020E06600BF00BF216851E8001F21F044
:108660001000226842E800010029F5D100BF20680F
:10867000C069C0F3001010B1102021680862B4F87E
:108680005C102046FCF7C9FD0AE02046FDF7D4F84F
:1086900006E0FFE72068806940F0080021688861F3
:1086A00070BD0000008000402DE9F05F0446B4F882
:1086B00060A02068C5692068D0F800B02068D0F8B4
:1086C0000890D4F88C0022287ED1B4F86880ACE001
:1086D0002068406A87B20AF0FF003840A16D087038
:1086E000A06D401CA065B4F85E00401EA4F85E00BA
:1086F0002068C56905F00700A8B305F0010058B16E
:108700000BF4807040B1012021680862D4F8900019
:1087100040F00100C4F8900005F0020058B109F0E3
:10872000010040B1022021680862D4F8900040F0B6
:108730000400C4F8900005F0040058B109F00100ED
:1087400040B1042021680862D4F8900040F0020093
:10875000C4F89000D4F8900028B12046FCF7BFFD83
:108760000020C4F89000B4F85E0000285DD100BF7E
:1087700000BF216851E8001F21F48070226842E8A0
:1087800000010029F5D100BF00BF00BF21680831FA
:1087900051E8001F3F4A01EA02002168083141E820
:1087A0000002002AF2D100BF2020C4F88C00002073
:1087B0006067206738492068884213D02068406885
:1087C00000F4000070B100E05CE000BF00BF216871
:1087D00051E8001F21F08060226842E80001002972
:1087E000F5D100BFE06E01281CD10020E06600BF7B
:1087F00000BF216851E8001F21F01000226842E804
:1088000000010029F5D100BF2068C069C0F3001045
:1088100010B1102021680862B4F85C102046FCF703
:10882000FCFC02E02046FDF707F8B8F1000F04D089
:1088300005F0200000287FF44BAFB4F85E6006B36B
:10884000B4F86800B04223DD00BF00BF21680831E2
:1088500051E8001F21F080502168083141E80002F2
:10886000002AF3D100BF0D48606700BF00BF216838
:1088700051E8001F41F02000226842E80001002971
:10888000F5D105E02068806940F008002168886122
:10889000BDE8F09FFEFFFFEF00800040A5850008C7
:1088A0002DE9FE4F044600200290D44920688842FA
:1088B00000D100E000BF2169A06808436169084356
:1088C000E16940EA010820680068CD49084040EAB3
:1088D0000800216808602068406820F44050E16882
:1088E000084321684860D4F81880C4492068884249
:1088F00002D0206A40EA080820688068C149084020
:1089000040EA0800216888602068C06A20F00F00F3
:10891000616A08432168C86200BFBB492068884279
:1089200016D1BA48006800F0030030B1012808D021
:10893000022804D0032808D105E0012507E002251C
:1089400005E0042503E0082501E0102500BF6FE0E5
:10895000AF492068884216D1AC48006800F00C008E
:1089600030B1042808D0082804D00C2808D105E02C
:10897000002507E0022505E0042503E0082501E0C5
:10898000102500BF54E0A3492068884216D19F48B3
:10899000006800F0300030B1102808D0202804D042
:1089A000302808D105E0002507E0022505E0042570
:1089B00003E0082501E0102500BF39E09649206852
:1089C000884216D19148006800F0C00030B14028BC
:1089D00008D0802804D0C02808D105E0002507E091
:1089E000022505E0042503E0082501E0102500BF6D
:1089F0001EE082492068884219D18448006800F44A
:108A0000406048B1B0F5806F0AD0B0F5006F05D076
:108A1000B0F5406F08D105E0002507E0022505E02C
:108A2000042503E0082501E0102500BF00E0102523
:108A300000BF72492068884259D135B1022D08D053
:108A4000042D08D0082D0DD109E0FBF75DF906468D
:108A50000CE0724E0AE0FBF77BF9064606E04FF4A5
:108A6000004603E000260120029000BF00BF002E58
:108A700010D06B49606A31F81000B6FBF0F96068FD
:108A800000EB4000484503D860680003484502D227
:108A900001200290A6E06249606A31F810C0624687
:108AA000002330461946F7F717FC4FF4807C00226C
:108AB000A0FB0C3B01FB0CB100FB021160684008FD
:108AC00018185141CDE90001D4F804C062460023D2
:108AD000F7F702FC0746B7F5407F05D3B7F5801FCF
:108AE00002D22068C7607DE0012002907AE0E06950
:108AF000B0F5004F3FD1092D17D2DFE805F0050989
:108B00000D160F1616161300FBF7FEF8064610E0BA
:108B1000FBF70CF906460CE0404E0AE0FBF718F9AB
:108B2000064606E04FF4004603E0002601200290CE
:108B300000BF00BF86B33A49606A31F81000B6FB47
:108B4000F0F04000616800EB5100B0FBF1F7102F2E
:108B50000ED3B7F5803F0BD24FF6F07007EA000A4C
:108B6000C7F342004AEA000A2068C0F80CA039E0C6
:108B70000120029036E0092D18D2DFE805F0050942
:108B80000E17101717171400FBF7BEF8064611E072
:108B9000FBF7CCF806460DE024E0204E0AE0FBF798
:108BA000D7F8064606E04FF4004603E00026012011
:108BB000029000BF00BFAEB11949606A31F81000E1
:108BC000B6FBF0F0616800EB5100B0FBF1F7102F3D
:108BD00006D3B7F5803F03D2B8B22168C86001E080
:108BE000012002900120A4F86A00A4F86800002087
:108BF0006067A0670298BDE8FE8F0000008000401B
:108C0000F369FFCFFFF4FF110038014088100240E4
:108C10000044004000480040004C00400024F400A4
:108C2000E8AB000830B503469965A3F85C20A3F8CB
:108C30005E200020586700BF9868B0F5805F0AD1B9
:108C4000186920B940F2FF10A3F8600020E0FF206F
:108C5000A3F860001CE0986848B9186918B9FF20AB
:108C6000A3F8600014E07F20A3F8600010E098688B
:108C7000B0F1805F09D1186918B97F20A3F86000AE
:108C800006E03F20A3F8600002E00020A3F86000A7
:108C900000BF0020C3F890002220C3F88C0000BF62
:108CA00000BF1C68083454E8004F44F001001C6801
:108CB000083444E80005002DF3D100BF586EB0F130
:108CC000005F2CD1B3F86800904228DC9868B0F5BA
:108CD000805F04D1186910B92548586701E025481C
:108CE0005867186960B100BF00BF1C6854E8004FA6
:108CF00044F480701D6845E80004002CF5D100BFE5
:108D000000BF00BF1C68083454E8004F44F0805096
:108D10001C68083444E80005002DF3D126E098686B
:108D2000B0F5805F04D1186910B91348586701E0A5
:108D300012485867186960B100BF00BF1C6854E84A
:108D4000004F44F490701D6845E80004002CF5D1F4
:108D50000CE000BF00BF1C6854E8004F44F0200046
:108D60001D6845E80004002CF5D100BF002030BD8F
:108D7000A9830008A9860008A5820008A585000827
:108D80002DE9F04104460D4617469846069E41E0FF
:108D9000701C00283ED0FAF749F8A0EB0800B0425A
:108DA00000D816B90320BDE8F0812068006800F003
:108DB000040070B3802D2DD0402D2BD02068C069C9
:108DC000C0F3C00078B10820216808622046FFF790
:108DD000FBF90820C4F8900000BF002084F884004C
:108DE00000BF0120DFE72068C069C0F3C02080B168
:108DF0004FF40060216808622046FFF7E5F9202063
:108E0000C4F8900000BF002084F8840000BF032055
:108E1000C9E7FFE72068C0692840A84201D10120C6
:108E200000E00020B842B3D00020BCE710B50248F3
:108E3000FCF756FA10BD00008803002000BFFEE7D3
:108E40002DE9F04105462C4600224FF400511C4804
:108E5000F9F7E6FF0120F8F7B2FA00262BE02746E3
:108E600007F08007802F08D1012291031448F9F7F9
:108E7000D7FF0120F8F7A3FA05E000224FF4804164
:108E80000F48F9F7CDFF0120F8F799FA6006040EB4
:108E9000012251030A48F9F7C3FF0120F8F78FFABE
:108EA00000224FF400510648F9F7BAFF0120F8F705
:108EB00086FA701CC6B2082ED1DBBDE8F081000036
:108EC0000004004810B50446FDF790FE7820FFF737
:108ED000B7FFFDF7CFFE0020FFF7B2FFFDF7CAFE98
:108EE0002046FFF7ADFFFDF7C5FEFDF7A5FE10BD5F
:108EF00010B50446FDF77AFE7820FFF7A1FFFDF7D5
:108F0000B9FE4020FFF79CFFFDF7B4FE2046FFF7B7
:108F100097FFFDF7AFFEFDF78FFE10BD024800681A
:108F2000C0F30220704700000CED00E010B50028EF
:108F300004DB0A07130E054A135406E00A07140E51
:108F4000034A00F00F031B1FD45410BD00E400E0DF
:108F500018ED00E030380A2801D2012070470020C7
:108F600070472DE9F84F04468C4690469946DDE956
:108F70000B65DDED0D1A9DED0E0A9DED0F2A109F7C
:108F80004FF0000AD346CDF800B0484671E0002209
:108F9000411909E034F811B0A1F1010E34F81EE0D6
:108FA000ABEB0E0B5A44491E8142F3DC02EE902AD1
:108FB000B8EEE23A02EE905AF8EEE22AC3EE220A46
:108FC0000023014609E034F811B0A1F1010E34F894
:108FD0001EE0ABEB0E0B5B44491EA0EB060B8B4572
:108FE000F1DB02EE903AB8EEE23A02EE906AF8EE69
:108FF000E22A83EE221AB5EEC01AF1EE10FA1ED85C
:10900000F8EEC02AF4EEE20AF1EE10FA17DD34F8B9
:1090100010B0A0F1010E34F81EE0ABEB0E0BBBF16B
:109020000A0F0CDA34F810B0A0F1020E34F81EE08A
:10903000ABEB0E0BBBF1140F01DA824621E0F8EE28
:10904000C22AB4EEE21AF1EE10FA11D870EEC12A7B
:10905000B8EEE13AF4EEC32AF1EE10FA08DBF8EECE
:10906000C02AF4EEE20AF1EE10FA01DD824608E0D1
:10907000401E604505DD00EB050B40F6F31EF34591
:1090800085DB00BF0A9875E00022411B09E034F837
:1090900011E001F1010B34F81BB0AEEB0B0B5A449D
:1090A000491C8142F3DB02EE902AB8EEE23A02EE6E
:1090B000905AF8EEE22AC3EE223AF0EE630A002359
:1090C000014609E034F811E001F1010B34F81BB05E
:1090D000AEEB0B0B5B44491C00EB060B8B45F1DC44
:1090E00002EE903AB8EEE23A02EE906AF8EEE22A28
:1090F000C3EE223AB0EE631AB5EEC01AF1EE10FAE2
:109100001ED8F8EEC02AF4EEE20AF1EE10FA17DDEE
:1091100034F810E000F1010B34F81BB0AEEB0B0B90
:10912000BBF10A0F0CDA34F810E000F1020B34F84E
:109130001BB0AEEB0B0BBBF1140F01DA009021E07A
:10914000F8EEC22AB4EEE21AF1EE10FA11D870EE7F
:10915000C12AB8EEE13AF4EEC32AF1EE10FA08DBC8
:10916000F8EEC02AF4EEE20AF1EE10FA01DD00900A
:1091700008E0401C404505DA00F1020B40F6F31E02
:10918000F34581DB00BFBAF1000F0AD14FF0000BAD
:10919000C7F800B0DE46DDF844B0CBF800E0BDE82B
:1091A000F88F0AF1040BC7F800B0DDF800B0ABF19E
:1091B000040BDDF844E0CEF800B000BFEFE700009C
:1091C00030B587B005460020069005904B490860F1
:1091D0004B4908604B4908604B4908604B4908609F
:1091E0004B4908604B4908604B49086064204B4973
:1091F000086000204A4908604FF4FA7409E035F825
:10920000140040F69801884202DC3E48046004E005
:10921000641C40F6F2108442F1DB00BF40F68F146C
:1092200009E035F8140040F69801884202DC36481F
:10923000046002E0641E002CF3DC00BF31480468C7
:109240000CE035F8140035490968884205DD35F829
:1092500014003249086032480460641C2A480068DF
:109260008442EEDB274804680AE035F814102B48E6
:1092700000683238814202DD2448046004E0641C46
:10928000274800688442F0DB00BF254804680AE0F4
:1092900035F81410214800683238814202DA1C483F
:1092A000046004E0641C184800688442F0DB00BFDE
:1092B00005A806A91A4A1268154B1B68CDE90032A9
:1092C000CDE90210114803680F4802680D48016893
:1092D000284600F00BFD0F49069808600E490598D6
:1092E00008600C48006808B9002008600A48006857
:1092F00008490968401A07B030BD0000440000204A
:10930000480000204C0000205000002058000020A1
:109310005C00002060000020640000206800002045
:109320006C00002010B50120F9F730FB10BD0000E3
:1093300005480168080C0004044A904201D1C8B2F3
:1093400070470820FCE7000000F8010800005AA55B
:1093500070B586B00446F9F71DFC0020029003901A
:109360000490059001900290012003903F2004900A
:109370000120059001A902A8F9F71CFB064944EA5F
:10938000010500262A46334604490020F9F7A2FBCE
:10939000F9F790FB06B070BD00005AA500F801086F
:1093A00070B504460D460320FDF784F91E49087088
:1093B0000420FDF77FF91D4908701220FDF77AF9A6
:1093C0004FF4706101EA0010194908801220FDF77E
:1093D00071F94FF4706101EA0020164908801448C1
:1093E000008800F4006028B11148008840F4704003
:1093F0000F4908800F48008800F4006028B10D482C
:10940000008840F470400B490880094800880649EC
:109410000978084300B2208006480088034909788B
:10942000084300B2288070BD040000200500002021
:10943000080000200A00002010B50024FDF738FBCA
:109440000020FDF737F90446312C01D0204610BD2D
:1094500097210620FDF7EEFA17210620FDF7EAFA1C
:1094600004210D4800F01AF85E20FDF723F90428C6
:109470000CD108215E20FDF7DDFA5D20FDF71AF919
:10948000102803D119215D20FDF7D4FA002109200D
:10949000FDF7D0FA2046DAE766AB000870B505465E
:1094A0000E46002408E005EB4402517815F814003C
:1094B000FDF7C0FA601CC4B2B442F4DB70BD00001A
:1094C000AEB0F9F7F7FFFEF7E0F9FFF731FF2D90A7
:1094D0002D9830B90120FE4908700820FD49087018
:1094E00008E00020FA490870FA492D980870012018
:1094F000F9490870FDF7E4FCFDF7B2FCFDF764FDE7
:10950000FDF7E8FDFDF76CFEFDF7CCFEFDF726FF4D
:10951000FDF786FDFDF774FFFDF776FCFDF72CFCEB
:109520000020EE490870EE480A46127881180122A0
:10953000EC48FCF753F9EC48FBF792F80821EA48AD
:10954000FBF75AFCE948FBF78BF800F0CBFDE84845
:10955000FBF786F80021E648FBF74EFC6420F9F79C
:1095600015FAFDF7DFFF3022E2491BA8F7F7BDF936
:1095700000201A90199018901790169018A819ABFF
:1095800027AADDA10090DFA0F7F75CF800270AE02A
:109590001BA850F8271027A8F7F700FA10B9781C75
:1095A0001A9002E07F1C0C2FF2DB00BF16AB17AA4B
:1095B000D7A1D9A0F7F746F8DDE916021999CDE948
:1095C00000120290D7A128A81A9B189AF6F7FCFE61
:1095D000FDF789FF01201023D9A20021009024204B
:1095E000FEF7A8F80120102328AA022100900020ED
:1095F000FEF7A0F840F2DC50F9F7C8F900BF00BF51
:1096000000BF4FF000093221CF48F7F7A0F9012041
:10961000CD49C8700846CD4908600020CA49487045
:10962000CBA1C948801DF6F7CFFECD48F9F7E6FC7F
:1096300008B1F7F7D7FE0025FFF7FEFEAA46002483
:10964000FDF751FFFCE2C748006801280DD10AF17F
:10965000010AC5480078002808DDC3480078401E8C
:10966000C14908700020BF4908600AE2BF499D480F
:1096700000F074FD98480078002814D194480078D0
:10968000002810D0F9F7D2FB42F2107188420BD3B8
:10969000F9F7CCFBB649096801F57A71884203D322
:1096A00001208D490870C8E0B248099040F6FF7764
:1096B0004FF4AF6809E0099830F81800B84202D2B8
:1096C000099830F8187008F1010840F63400804518
:1096D000F1DB642F00D24710F9F7A8FB019000904E
:1096E0007C4803783A46A4A103A8F6F76DFE0290E1
:1096F000029882B2142303A97A48FCF763F97548EB
:1097000090F800B0B7F5FA7F1ED20020A04908708B
:10971000A0480078401C9F4908700846007803283C
:1097200039DB6C480078022835DD6A480078032868
:1097300003DD68480078401E00E0022000F0FF0BC7
:1097400000209449087026E0B7F5C86F1ED90020A4
:10975000904908708E480078401C8D490870084672
:109760000078032817DB5B480078282813DA59486B
:109770000078272803DA57480078401C00E02820AA
:1097800000F0FF0B00208249087004E000208049AF
:109790000870804908704F48007883454CD04D4888
:1097A00080F800B0F9F742FB7149086005206E4966
:1097B00008707948F8F758FD00F0A8FC00BF45484C
:1097C000007840F27D2110FB01F00121C1EB800007
:1097D00072490968C8623F48007840F27D2110FB59
:1097E00001F00121C1EB80016C48C16000BF394824
:1097F0000078801C400069490968086400BF354949
:109800000978480000EBD0714910491E644A12687B
:10981000D16230490978480000EBD0714910491EE7
:109820005F4AD16000BF2B4909784800C11700EB9F
:10983000917189101268916300BF5A48007800281E
:1098400045D128210CA8F7F782F85748006840F264
:109850000D2100FB01F64FF47A7096FBF0F100FB4E
:109860001160642190FBF1F742F2107096FBF0F169
:1098700000FB11604FF47A7190FBF1F84B4896FBB6
:10988000F0F100FB116042F2107190FBF1FB4748D0
:1098900096FBF0F05B46024645A1CDE900870990B2
:1098A0000CA8F6F791FDBAF1050F00DB00250220A8
:1098B000FCF700FF00F0800040B14FF0000A0AA959
:1098C0000BA8FFF76DFDBDF928507DE084E0D5E0E1
:1098D000910000203400002088000020A500002016
:1098E0003E68002088030020A4020020F00200202F
:1098F0003C030020B8AB00082533732025642025E5
:10990000640000005365702020352032303236006C
:1099100025643A256400000031333A34393A303551
:1099200000000000253034642D253032642D2530B0
:10993000326420253032643A253032640000000061
:1099400042447769647468007C040020A000002011
:1099500070616E64617069336456312E320A0000A2
:10996000B80100208400002090000020B0040020F6
:109970008C00002058540020563A2530346C752055
:10998000453A2530327520543A256C750A0000009E
:10999000890000208A000020D80000200C0200204E
:1099A000580200209200002038000020A08601000C
:1099B0005769647468203A202531642E2564256433
:1099C0002564206D6D0000009E480088BDF82810B9
:1099D000084400B29B4908800CA8F6F767FF0446CC
:1099E000102C05DA0CA9081997A1F6F7EDFC04E094
:1099F0000CA9081997A1F6F7E7FC0CA8F6F756FF93
:109A00000446002D06DA0CA908196A4293A1F6F75C
:109A1000DBFC0DE0002D06DD0CA908192A4691A1FA
:109A2000F6F7D2FC04E00CA9081990A1F6F7CCFCDB
:109A30000CA8F6F73BFF04461E2C04DB00208DF833
:109A40004F008DF84E0009F10109B5F1FF3F01DB30
:109A5000012D01DD4FF0000940F63400814502D8A8
:109A60008448C07810B9FDF73EFD07E001201023BF
:109A70000CAA002100900846FDF75CFE00207E49FC
:109A800008607E480078002834D07D48007800289F
:109A900030D1F9F7CBF97B490968401AB0F57A7FE4
:109AA00028D30120764908707748007818BB012038
:109AB00075490870F9F7BAF97449086000207449CB
:109AC0000870FF207349087000200AE07249095CA1
:109AD000724A1278914202D16D49087003E0411C2C
:109AE000C8B20C28F2DB00BF00F0C0FA684800786A
:109AF00000F04EFA75E0684865490978475C3846D9
:109B0000FFF726FCFFF714FC8046FDF7ECFCB84598
:109B100020D147B90120102361A2002100900846FE
:109B2000FDF708FE1EE00120102360A20021009036
:109B30000846FDF7FFFD4246AFF2042105A8F6F7FF
:109B400043FC0120102305AA002100905020FDF7BE
:109B5000F1FD07E00120102357A2002100900846E4
:109B6000FDF7E8FD0120102356A2022100900020FD
:109B7000FDF7E0FD02E00A20F8F708FF3F48007813
:109B80000028F8D1C820F8F701FFFDF7ACFC012050
:109B900010234FA2002100900846FDF7CBFD4FF4A3
:109BA000FA70F8F7F3FE00BF00BF00BF00BF00BFB0
:109BB000BFF34F8F00BF00BF00BF4948006800F4EB
:109BC000E06048490843001D4549086000BF00BFE8
:109BD00000BFBFF34F8F00BF00BF00BF00BF00BF7B
:109BE000FDE741480078B8B100203F490870264899
:109BF000007888B126480078401C0C2190FBF1F2D7
:109C000001FB120022490870F9F710F91F4908609A
:109C10001F48007800F0BCF91B48007880B1F9F7C4
:109C200005F91A490968401A42F21071884207D9A9
:109C3000002015490870FF2016490870FDF753FCF5
:109C400001E500004000002020204D6F74696F6E18
:109C50003A0000004D6F74696F6E3A002025303471
:109C600064207D002025303464207B0020202020CB
:109C7000203030007C040020840000209C00002064
:109C80009D000020980000209200002094000020F9
:109C9000930000209F00002070AB000834000020DB
:109CA000536176656421204175746F005361766558
:109CB00064212020453D000053617665204661699E
:109CC0006C20000052656C65617365206B657900DE
:109CD00052657374617274696E672E2E2E000000D7
:109CE0000CED00E00000FA059E0000202DE9FF4F7A
:109CF00097B007464FF00009CA46A448006816907E
:109D0000C846C34600200C9000250EE005EB8500F8
:109D10009E4951F820101698814205DD05EB85001B
:109D20009A4951F8200016906D1C032DEEDB00259A
:109D30004DE008AA09AB05EB8500944901EB8000D2
:109D4000006905EB8501DFF844C20CEB8101C968AD
:109D5000CDE90632CDE9041005EB8500614601EB43
:109D60008000806805EB8501624602EB810149684D
:109D700005EB8502634653F82220249BCDE900328F
:109D8000CDE90210384618A90EC9FFF7EAF805EB2D
:109D900085007E4951F820101698814204D1DDF8E3
:109DA0002490DDF820A011E005EB8500774951F8FB
:109DB000200013A941F8280010A9099841F82800AB
:109DC0000DA9089841F8280008F101086D1C032D21
:109DD000AFDB012435E013AB53F8240010AB53F88C
:109DE00024100DAB53F82420661E17E013AB53F874
:109DF00026300DF14C0C06F1010E4CF82E3010AB54
:109E000053F826300DF1400C4CF82E300DAB53F8C2
:109E100026300DF1340C4CF82E30761E002E04DB6B
:109E200013AB53F826308342E0DB13AB06F1010C91
:109E300043F82C0010AB43F82C100DAB43F82C204A
:109E4000641C4445C7DB00241CE0BBF1000F07D1B4
:109E500010A850F82400002802DD10A850F824B003
:109E60000C9840B90DA850F82400002803DD0DA877
:109E700050F824000C90BBF1000F02D00C9800B1F8
:109E800002E0641C4445E0DB00BFB9F1000F06DDD1
:109E900040F6F310814502DA37F819000BE0BAF109
:109EA000000F06DD40F6F310824502DA37F81A009B
:109EB00001E04FF0FF300B90BAF1000F06DD40F6E5
:109EC000F310824502DA37F81A000BE0B9F1000FFF
:109ED00006DD40F6F310814502DA37F8190001E09B
:109EE0004FF0FF300A90BBF1000F20D00B980028F4
:109EF0001DDB37F81B100B986430814217DC0024FF
:109F000012E010A850F8240000280CDD10A850F82A
:109F1000240037F810100B986430814203DD10A83C
:109F200050F824B002E0641C4445EADB00BF0C9802
:109F300010B30A9800281FDB0C9837F810100A9805
:109F40006430814218DC002413E00DA850F824008E
:109F500000280DDD0DA850F8240037F810100A98DD
:109F60006430814204DD0DA850F824000C9002E01A
:109F7000641C4445E9DB00BF2698C0F800B027996F
:109F80000C9808601BB0BDE8F08F00007CAB0008A7
:109F900010B586B004461F480078FF2801D1FDF7B0
:109FA000A2FA1C4804701C48007840B1012010231C
:109FB0001AA2002100900846FDF7BCFB0DE01B48EB
:109FC00002781BA101A8F6F7FFF90120102301AACE
:109FD000002100900846FDF7ADFB1948005D40B92F
:109FE0000120102317A2022100900020FDF7A2FB00
:109FF0000DE01348025D18A101A8F6F7E5F901206C
:10A00000102301AA022100900020FDF793FB06B067
:10A0100010BD00009F000020910000204375727267
:10A02000656E743A204175746F00000034000020A2
:10A0300043757272656E743A2020253032640000D8
:10A0400070AB00083C2053656C6563743A20417521
:10A05000746F203E000000003C2053656C65637403
:10A060003A20202530326420203E000008B5FDF75C
:10A070003AFA0120102309A2002100900846FDF7BA
:10A0800059FB0120102309A2022100900020FDF7B6
:10A0900051FB40F6C410F8F779FC08BD4578706FA5
:10A0A0007375726520536574757000005461703A61
:10A0B0004E65787420486F6C643A4F4B0000000086
:10A0C00010B50C210448FAF797FE41F2E632034935
:10A0D0000348F8F73FF810BDF0020020B00400205C
:10A0E000D800002010B50748FAF7BAFA042105484D
:10A0F000FAF782FE0448FAF7B3FA0C210248FAF79D
:10A1000021FF10BD580200200C02002010B50C21C8
:10A110000148FAF7E7FF10BDF00200200C48007874
:10A120000C4988750A480088010A0A48C1750A481E
:10A1300001780848017608480088010A05484176F8
:10A140000A2181760021C1760020034908807047EA
:10A15000380000207C0400204000002070B5054637
:10A160000C461C480078012801D1801E70BD4FF4B8
:10A17000FA700CE034F82010C1F307224100491CAA
:10A18000154B5A5414F8201003F81010401C40F6D8
:10A19000F3118842EEDB1048FFF712F80F49086010
:10A1A0000C480078012801D1801EDFE70120094911
:10A1B00008700B484078012806D141F2E632064982
:10A1C0000848FBF761FC02E000200249087041F2F8
:10A1D000E630CBE73500002058540020380000203E
:10A1E0007C0400208803002010B500290AD00878DC
:10A1F000002807D005487844F6F7D0FB002801D0A6
:10A20000002010BD0248784410BD0000960A0000EE
:10A210008E0A00004FF04070E1EE100A7047000017
:10A22000000000000000002F0000000007000700F1
:10A2300000147F147F1400242A7F2A12006264080D
:10A24000132300364955225000000503000000008A
:10A250001C224100000041221C000014083E08148A
:10A260000008083E0808000000A060000008080878
:10A270000808000060600000002010080402003E92
:10A280005149453E0000427F40000042615149462D
:10A29000002141454B31001814127F10002745451D
:10A2A0004539003C4A49493000017109050300362F
:10A2B0004949493600064949291E00003636000042
:10A2C0000000563600000008142241000014141447
:10A2D0001414000041221408000201510906003242
:10A2E0004959513E007C1211127C007F4949493680
:10A2F000003E41414122007F4141221C007F4949EB
:10A300004941007F09090901003E4149497A007F1E
:10A310000808087F0000417F4100002040413F01C4
:10A32000007F08142241007F40404040007F020C23
:10A33000027F007F0408107F003E4141413E007FC4
:10A3400009090906003E4151215E007F091929468D
:10A350000046494949310001017F0101003F404069
:10A36000403F001F2040201F003F4038403F006317
:10A370001408146300070870080700615149454339
:10A3800000007F41410000552A552A5500004141F7
:10A390007F000004020102040040404040400000F1
:10A3A00001020400002054545478007F484444388B
:10A3B00000384444442000384444487F0038545412
:10A3C000541800087E0901020018A4A4A47C007F90
:10A3D000080404780000447D4000004080847D0033
:10A3E000007F102844000000417F4000007C0418DA
:10A3F0000478007C0804047800384444443800FCA5
:10A40000242424180018242418FC007C08040408C0
:10A4100000485454542000043F444020003C404035
:10A42000207C001C2040201C003C4030403C00446C
:10A4300028102844001CA0A0A07C004464544C4474
:10A440001414141414140000000000000000000094
:10A45000000000000000000000F800000000000004
:10A4600000333000000000100C06100C0600000045
:10A4700000000000000040C07840C0784000043F69
:10A4800004043F040400007088FC08300000001839
:10A4900020FF211E0000F008F000E018000000215D
:10A4A0001C031E211E0000F00888700000001E2101
:10A4B00023241927211010160E00000000000000B0
:10A4C000000000000000000000E01804020000008E
:10A4D00000071820400000020418E00000000040BF
:10A4E000201807000000404080F080404000020239
:10A4F000010F01020200000000F000000000010155
:10A50000011F01010100000000000000000080B0F8
:10A5100070000000000000000000000000000001CA
:10A5200001010101010100000000000000000030F5
:10A53000300000000000000000008060180400608F
:10A5400018060100000000E010080810E000000FED
:10A55000102020100F00001010F800000000002054
:10A56000203F20200000007008080888700000309C
:10A570002824222130000030088888483000001844
:10A58000202020110E000000C02010F8000000075D
:10A590000424243F240000F80888880808000019D3
:10A5A000212020110E0000E0108888180000000F04
:10A5B000112020110E0000380808C83808000000DB
:10A5C000003F000000000070880808887000001C30
:10A5D000222121221C0000E010080810E0000000E9
:10A5E000312222110F00000000C0C0000000000056
:10A5F000003030000000000000800000000000007B
:10A600008060000000000000804020100800000171
:10A610000204081020004040404040404000040434
:10A6200004040404040000081020408000000020FE
:10A63000100804020100007048080808F00000003B
:10A64000003036010000C030C828E810E0000718CC
:10A65000272423140B000000C038E0000000203C39
:10A6600023020227382008F8888888700000203FDD
:10A67000202020110E00C0300808080838000718F4
:10A6800020202010080008F808080810E000203FEB
:10A69000202020100F0008F88888E8081000203FCC
:10A6A00020202320180008F88888E8081000203FA0
:10A6B000200003000000C030080808380000071818
:10A6C0002020221E020008F808000008F808203F99
:10A6D000210101213F20000808F80808000000209F
:10A6E000203F2020000000000808F8080800C08073
:10A6F00080807F00000008F888C028180800203FEC
:10A7000020012638200008F8080000000000203F43
:10A7100020202020300008F8F800F8F80800203F3A
:10A72000003F003F200008F830C00008F808203F34
:10A73000200007183F00E01008080810E0000F1084
:10A74000202020100F0008F808080808F000203F1B
:10A75000210101010000E01008080810E0000F18B6
:10A76000242438504F0008F8888888887000203FDB
:10A770002000030C302000708808080838000038DA
:10A78000202121221C00180808F8080818000000E1
:10A79000203F2000000008F808000008F808001F0B
:10A7A000202020201F000878880000C838080000FA
:10A7B00007380E010000F80800F80008F800033C14
:10A7C0000700073C030008186880806818082030DC
:10A7D0002C03032C30200838C800C83808000000BB
:10A7E000203F2000000010080808C8380800203862
:10A7F000262120201800000000FE020202000000B6
:10A80000007F40404000000C30C00000000000000D
:10A8100000010638C00000020202FE0000000040F5
:10A8200040407F000000000004020202040000001B
:10A830000000000000000000000000000000808018
:10A840008080808080800002020400000000000000
:10A8500000000000000000008080808000000019DF
:10A86000242222223F2008F8008080000000003FC0
:10A87000112020110E000000008080800000000EDA
:10A88000112020201100000000808088F800000EB8
:10A89000112020103F200000808080800000001FD9
:10A8A000222222221300008080F08888881800204D
:10A8B000203F202000000000808080808000006B0E
:10A8C00094949493600008F8008080800000203FFA
:10A8D000210000203F200080989800000000002008
:10A8E000203F20200000000000809898000000C059
:10A8F0008080807F000008F8000080808000203F7A
:10A9000024022D302000000808F80000000000207C
:10A91000203F202000008080808080808000203FB9
:10A9200020003F20003F8080008080800000203F8A
:10A93000210000203F200000808080800000001F58
:10A94000202020201F00808000808000000080FFE9
:10A95000A12020110E000000008080808000000EE9
:10A96000112020A0FF808080800080808000202037
:10A970003F212000010000008080808080000033A3
:10A98000242424241900008080E08080000000003E
:10A99000001F202000008080000000808000001F39
:10A9A000202020103F2080808000008080800001D7
:10A9B0000E300806010080800080008080800F300B
:10A9C0000C030C300F00008080008080800000208D
:10A9D000312E0E31200080808000008080808081B8
:10A9E0008E70180601000080808080808000002129
:10A9F000302C22213000000000F0F0000000002088
:10AA000060FFFF602000000004000C001FFF3FFFFC
:10AA10001FFF0C000400002030F8F8302000000078
:10AA2000007F7F000000403C10FF101020108F7846
:10AA300008F808F800000000000000000000000016
:10AA4000000000000000020602FF0101044221187C
:10AA50004681403F000000000000000000000000B0
:10AA600000000000000002FE9292FE02001011168B
:10AA7000F0141310000000000000000000000000AF
:10AA8000000000000000101F0808FF048141310D84
:10AA9000030D3141810000000000000000000000B3
:10AAA00000000000000000FE0222428272022242E8
:10AAB000827202FE000000000000000000000000A2
:10AAC00000000000000000FF100806010E1008063C
:10AAD000014E807F00000000000000000000000028
:10AAE000000000000000000000E0000000FF000087
:10AAF0000020408000000000000000000000000076
:10AB0000000000000000080403000040807F0000F7
:10AB1000000000010E000000000000000000000026
:10AB20000000000000000000F808080C0A090808EE
:10AB30000808F8000000000000000000000000000D
:10AB40000000000000000000FF414141414141413F
:10AB50004141FF0000000000000000000000000074
:10AB6000000000000000095A0DB50EFF1904000096
:10AB700006080A0C0E101214191C1E000300000017
:10AB80000600000005000000140000000F00000097
:10AB90000600000008000000050000000F00000093
:10ABA000050000001E000000080000001400000066
:10ABB00014000000050000004CAC00083CAC00088C
:10ABC00058AC00085CAC000868AC000850AC000849
:10ABD00048AC000844AC000854AC000860AC000865
:10ABE00064AC000840AC000801000200040006004C
:10ABF00008000A000C001000200040008000000146
:10AC00000101010307010000080402040801010119
:10AC1000000000000000000001020304060708090C
:10AC2000000000000102030404000008000000000E
:10AC300000000002000100001000000046656200F4
:10AC400044656300417567004A756C004A616E0097
:10AC50004A756E00536570004D617200417072005C
:10AC60004F6374004E6F76004D6179009CAD000813
:10AC700000000020D80000001402000874AE000894
:10AC8000D8000020E0710000300200081001000030
:10AC900043000000F8FFFFFF0040404040404040BC
:10ACA000404041414141414040404040404040409F
:10ACB0004040404040404040400502020202020243
:10ACC0000202020202020202022020202020202092
:10ACD00020202002020202020202909090909090A6
:10ACE0001010101010101010101010101010101064
:10ACF00010101010020202020202888888888888D8
:10AD000008080808080808080808080808080808C3
:10AD100008080808020202024000000000000000CB
:10AD20000000000000000000000000000000000023
:10AD30000000000000000000000000000000000013
:10AD40000000000000000000000000000000000003
:10AD500000000000000000000000000000000000F3
:10AD600000000000000000000000000000000000E3
:10AD700000000000000000000000000000000000D3
:10AD800000000000000000000000000000000000C3
:10AD900000000000000000000000000000000000B3
:10ADA00000000000000000000000000000000000A3
:10ADB0000000000000000000000000000000000093
:10ADC0000000000000000000000000000000000083
:10ADD0000800000000000000010100000000000069
:10ADE0000000000000000000000000000000000063
:10ADF000C409000000000000000000000000000086
:10AE000000000000640000000000000000000000DE
:10AE10000000000000000000000000000000000032
:10AE20000000000000000000000000000000000022
:10AE30000000000000000000000000FF0000000013
:10AE400001000000000000001000000001000000F0
:10AE500000000000000000000000000000000000F2
:10AE600001000000000000000000000000000000E1
:04AE70000024F400C6
:04000005080001D915
:00000001FF
